Year,Month,Region,Resource,Rate
2022,1,Trivandrum,Hire charges of Coaltar Boiler 900 to 1400 litres,1230.0
2022,1,Trivandrum,Hire charges of Concrete Mixer 0.25 to 0.40 cum with Hopper,2150.0
2022,1,Trivandrum,Hire charges of Diesel Road Roller- 8 to 10 tonne,4750.0
2022,1,Trivandrum,Production cost of concrete by batch mix plant,521.0
2022,1,Trivandrum,Hire charges of Diesel Truck-9 tonne,3500.0
2022,1,Trivandrum,Hire charges of sparaying machine including electric charges,370.0
2022,1,Trivandrum,Hire charges of coaltar Sprayer,446.0
2022,1,Trivandrum,"Hire charges of Barber green, drying,mixing and Asphalt Plant, with accessories, capacity 30/45 tonne",11421.0
2022,1,Trivandrum,"Pumping charges of concrete including Hire charges of pump, piping work & accessories etc.",285.0
2022,1,Trivandrum,Hire charges of Derrick monkey rope,1187.0
2022,1,Trivandrum,Hire charges of Pump set of capacity 4000 litres/hour,950.0
2022,1,Trivandrum,Vibrator (Needle type 40 mm),800.0
2022,1,Trivandrum,Machine for rubbing of floors,500.0
2022,1,Trivandrum,Front end loader capacity 1.00 cum,7800.0
2022,1,Trivandrum,Hire and running charges of Tripod and Mechanical Winch machine complete with power unit and accessories,8800.0
2022,1,Trivandrum,Mastic Cooker,1112.0
2022,1,Trivandrum,Hire and running charges of tipper,3800.0
2022,1,Trivandrum,Hire and running charges of loader,7000.0
2022,1,Trivandrum,Hand Grinder for mirror polish,430.0
2022,1,Trivandrum,Hydraulic Excavator (3D) with driver and fuel,10100.0
2022,1,Trivandrum,pin vibrator,483.0
2022,1,Trivandrum,Surface Vibrator,591.0
2022,1,Trivandrum,Hot Bitumen Mixer 0.5cum i/c hand cart,5934.0
2022,1,Trivandrum,Hire and running charges of hydraulic piling with power unit etc. including complete accessories and shifting at site,47300.0
2022,1,Trivandrum,Hire and running charges of light crane,3850.0
2022,1,Trivandrum,Hire and running charges of bentonite pump,6229.0
2022,1,Trivandrum,Hire and running charges of vibrating pile driving hammer complete with power unit and accessories,51922.0
2022,1,Trivandrum,Hire and running charges of crane 20 tonne capacity,9000.0
2022,1,Trivandrum,Carriage of concrete by transit mixer,43.0
2022,1,Trivandrum,Steam curing by using boiler /Heater,678.0
2022,1,Trivandrum,Stressing Machine (jack with pump),15400.0
2022,1,Trivandrum,Paint applicator,1112.0
2022,1,Trivandrum,Cutting saw machine,1850.0
2022,1,Trivandrum,Strands Roller machinery for laying strands,4750.0
2022,1,Trivandrum,Bed master (Pulling strands),4030.0
2022,1,Trivandrum,Mobile crane,9500.0
2022,1,Trivandrum,Tractor with ripper attachment,2004.0
2022,1,Trivandrum,Tractor with trolley,2225.0
2022,1,Trivandrum,Air compressor 250 cm with two leads for pneumatic cutters/hammers,2500.0
2022,1,Trivandrum,joint cutting machine with 2-3 blades,1483.0
2022,1,Trivandrum,C.C.batch mix plant,14835.0
2022,1,Trivandrum,Road Sweeper,817.0
2022,1,Trivandrum,Cost for crane upto 40 tonne capacity,10800.0
2022,1,Trivandrum,Slip form paver with sensor,19285.5
2022,1,Trivandrum,Water tanker 5000 Ltr. Capacity,1700.0
2022,1,Trivandrum,Concrete joint cutting machine,1333.0
2022,1,Trivandrum,Texturing machine,1370.0
2022,1,Trivandrum,Dozer D-80-A12,5638.0
2022,1,Trivandrum,Motor Grade 3.35 meter blade,3633.0
2022,1,Trivandrum,Hydraulic Excavator of 1 cum bucker,1500.0
2022,1,Trivandrum,Front end loader 1 cum bucket capacity (incl POL),1187.0
2022,1,Trivandrum,Tipper -5 cum,55.0
2022,1,Trivandrum,Vibratory roller 8 to 10 tonne,2225.0
2022,1,Trivandrum,Smooth Wheeled Roller 8 to 10 tonne,850.0
2022,1,Trivandrum,Tandem Road Roller,1703.0
2022,1,Trivandrum,Water Tanker 5 to 6 KL Capacity,220.0
2022,1,Trivandrum,Air Compressor,483.0
2022,1,Trivandrum,Wet Mix Plant 60 TPH,1779.0
2022,1,Trivandrum,Mechanical Broom Hydraulic,532.0
2022,1,Trivandrum,Emulsion Pressure Distributor @1750 sqm per hour,1187.0
2022,1,Trivandrum,Hot Mix Plant - 120 TPH capacity,35157.0
2022,1,Trivandrum,Hot Mix Plant 100 TPH Capacity,25961.0
2022,1,Trivandrum,Paver finisher Hydrostatic with sensor control 100 TPH,4004.0
2022,1,Trivandrum,Paver finisher Mechanical 100 TPH,1483.0
2022,1,Trivandrum,Batching and Mixing Plant @75 cum per hour,3708.0
2022,1,Trivandrum,Cost for crane upto 80 tonne capacity,18200.0
2022,1,Trivandrum,Concrete Paver finisher with 40 HP Motor and sensor,4300.0
2022,1,Trivandrum,Generator 250 KVA,1333.0
2022,1,Trivandrum,Generator 100 KVA/125,1035.0
2022,1,Trivandrum,Truck 5.5 cum/ 10 tonnes,65.0
2022,1,Trivandrum,Cost for crane having capacity 50MT,11400.0
2022,1,Trivandrum,Road sweeper (Mechamical Broom) @ 1250 sqm per hour,532.0
2022,1,Trivandrum,Drum Type HMP of 60-90 TPH Capacity @ 75 tonne per hour actual output,20769.0
2022,1,Trivandrum,"Hire and running charges of drill Machine up to 400 mm dia (including cost of mobile oil, disesel consumption in ordinary soil operator)",11126.0
2022,1,Trivandrum,Pile integrity testing equipment,4450.0
2022,1,Trivandrum,Excavation of Diaphragm wall by Mechanical Grab,2225.0
2022,1,Trivandrum,Hire charges of TATA 407 or equivalent for local shifting,2500.0
2022,1,Trivandrum,Hire charges of Diesel truck - 9 tonne (without POL),2500.0
2022,1,Trivandrum,Using cost of Ultra Voilet Radiation tube,306.0
2022,1,Trivandrum,"Compressor, gun, rubber pipes & other accessories - hire charge of plant & machinery i/c necessary fuel",6493.0
2022,1,Trivandrum,Hire Charges of Suction Jeting machine 2200 PSI machine i/c POL and operator,58431.0
2022,1,Trivandrum,Hire Charges of Drill machine upto 30 mm dia,241.0
2022,1,Trivandrum,Hire charges of compressor,972.0
2022,1,Trivandrum,Hire charges of plant and machinery that can inject 350 kg/day,260.0
2022,1,Trivandrum,"Hire Charges of Suction Jeting machine 1500 PSI machine i/c POL
and operator",10700.0
2022,1,Trivandrum,Bandhani,860.0
2022,1,Trivandrum,Bhisti,860.0
2022,1,Trivandrum,Blacksmith 1st class,1250.0
2022,1,Trivandrum,Blacksmith 2nd class,950.0
2022,1,Trivandrum,Carpender Ist Class,1200.0
2022,1,Trivandrum,Carpenter 2nd class,1000.0
2022,1,Trivandrum,Chowkidar,1000.0
2022,1,Trivandrum,Beldar,860.0
2022,1,Trivandrum,Coolie,860.0
2022,1,Trivandrum,Fitter(grade1),1100.0
2022,1,Trivandrum,Assistant Fitter or 2nd class fitter,920.0
2022,1,Trivandrum,Glazier,1075.0
2022,1,Trivandrum,Mason(for plaster of paris work) Ist class,1250.0
2022,1,Trivandrum,Mason (brick layer) Ist class,1175.0
2022,1,Trivandrum,Mason (brick layer )2nd class,1000.0
2022,1,Trivandrum,Mason (for plain stone work) 2nd class,935.0
2022,1,Trivandrum,Mason (for Ornamental stone work) Ist class,1420.0
2022,1,Trivandrum,"Driver (for Road Roller, Concrete Mixer, Truck etc)",1150.0
2022,1,Trivandrum,Mate,860.0
2022,1,Trivandrum,Sewer Man,1400.0
2022,1,Trivandrum,Mistry,1050.0
2022,1,Trivandrum,Painter,950.0
2022,1,Trivandrum,Rock Excavator,1050.0
2022,1,Trivandrum,Rock Breaker,1050.0
2022,1,Trivandrum,Rock Hole Driller,1250.0
2022,1,Trivandrum,Stone Chiseller,1000.0
2022,1,Trivandrum,"Sprayer (for bitumen, tar etc)",950.0
2022,1,Trivandrum,Skilled Beldar (for floor rubbing etc.),975.0
2022,1,Trivandrum,White Washer,800.0
2022,1,Trivandrum,Nozzel man/ gun man,1000.0
2022,1,Trivandrum,Mason (average),1050.0
2022,1,Trivandrum,Carpenter (average),1200.0
2022,1,Trivandrum,Operator (Pile/Special machine),1100.0
2022,1,Trivandrum,Skilled torch operator for laying tack,950.0
2022,1,Trivandrum,Technician,1150.0
2022,1,Trivandrum,Helper (Technician),875.0
2022,1,Trivandrum,"Labour for fabrication of uPVC extruded casement/sliding windows and doors including drilling holes, fixing of fittings & hardwares, hire charges of drill machine and electricity charges etc.",875.0
2022,1,Trivandrum,Labour for installation of uPVC extruded casement/ sliding windows and doors including scaffolding,900.0
2022,1,Trivandrum,Security guard without gun (8 hours shift duty per day),900.0
2022,1,Trivandrum,Security guard with gun (8 hours shift duty per day),950.0
2022,1,Trivandrum,Mali (semi- Skilled),800.0
2022,1,Trivandrum,Seam bolts and nuts 6 mm dia and 25 mm long,51.0
2022,1,Trivandrum,Fibre (high impact poly propelene reinforced) cement corrugated sheet 6 mm thick,318.0
2022,1,Trivandrum,Fibre (high impact poly propelene reinforced) cement close fitting adjustable ridge,284.75
2022,1,Trivandrum,Fibre (high impact poly propelene reinforced) cement corrugate serrated adjustable ridge,284.75
2022,1,Trivandrum,Fibre (high impact poly propelene reinforced) cement plain wing adjustable ridge,284.75
2022,1,Trivandrum,Fibre (high impact poly propelene reinforced) cement unserrated adjustable ridge for hips,284.75
2022,1,Trivandrum,Fibre (high impact poly propelene reinforced) cement corrugated apron piece,288.0
2022,1,Trivandrum,Fibre (high impact poly propelene reinforced) cement eaves filler piece,237.3
2022,1,Trivandrum,Fibre (high impact poly propelene reinforced) cement north light curves,394.0
2022,1,Trivandrum,Non-Asbestos fibre (high impact poly propelene reinforced) cement ventilator curves,521.0
2022,1,Trivandrum,Fibre (high impact poly propelene reinforced) cement barge boards 6 mm thick,542.35
2022,1,Trivandrum,Fibre (high impact poly propelene reinforced) cement ridge finial,223.75
2022,1,Trivandrum,Fibre (high impact poly propelene reinforced) cement special north light curves,699.0
2022,1,Trivandrum,Fibre (high impact poly propelene reinforced) cement S type louvers,352.5
2022,1,Trivandrum,Multi purpose fibre (high impact poly propelene reinforced) cement board 6 mm thick,290.0
2022,1,Trivandrum,Multi purpose fibre (high impact poly propelene reinforced) cement 8 mm thick,318.0
2022,1,Trivandrum,6 mm thick heavy duty fiber cement board,564.0
2022,1,Trivandrum,8 mm thick heavy duty fiber cement board,411.0
2022,1,Trivandrum,9 mm thick heavy duty fiber cement board,843.0
2022,1,Trivandrum,12.5 mm thick Gypsum plaster board,220.0
2022,1,Trivandrum,6 mm thick multipurpose cement bonded wood particle board conforming to IS : 14276,263.0
2022,1,Trivandrum,8 mm thick multipurpose cement bonded wood particle board conforming to IS : 14276,300.0
2022,1,Trivandrum,"Factory made light weight composite non asbestos fibre reinforced
aerated cement sandwitched wall/roof panel (50mm thick). The outer
face on both sides of the panels will be non asbestos fibre cement
board (minimum 4mm thick) confirming to IS 14862:2000",859.64
2022,1,Trivandrum,Factory made light weight non asbestos fibre reinforced aeratedcement sandwitched wall/roof panel (75mm thick). The outer face onboth sides of the panels will be non asbestos fibre cement board(minimum 5mm thick) confirming to IS 14862:2000,1069.0
2022,1,Trivandrum,2mm thick sim pad,14.0
2022,1,Trivandrum,5mm thick sim pad,21.0
2022,1,Trivandrum,10mm thick sim pad,34.0
2022,1,Trivandrum,Brick Aggregate (single size):63 mm nominal size,880.0
2022,1,Trivandrum,Brick Aggregate (single size):50 mm nominal size,880.0
2022,1,Trivandrum,Brick Aggregate (single size):40 mm nominal size,880.0
2022,1,Trivandrum,Stone Aggregate(single size):63 mm nominal size,2100.0
2022,1,Trivandrum,Stone Aggregate(single size):50 mm nominal size,2150.0
2022,1,Trivandrum,Stone Aggregate(single size): 40 mm nominal size,2300.0
2022,1,Trivandrum,Stone Aggregate(single size):25 mm nominal size,2600.0
2022,1,Trivandrum,Stone Aggregate(single size):20 mm nominal size,2650.0
2022,1,Trivandrum,Stone Aggregate(single size): 12.5 mm nominal size,2700.0
2022,1,Trivandrum,Stone Aggregate(single size): 10 mm nominal size,2900.0
2022,1,Trivandrum,Stone Aggregate(single size): 06 mm nominal size,3000.0
2022,1,Trivandrum,Safeda ballies 125 mm diameter,62.0
2022,1,Trivandrum,Cowdung,275.0
2022,1,Trivandrum,Bajiri,1429.0
2022,1,Trivandrum,Bamboo 25 mm dia 2.5 meter long,543.0
2022,1,Trivandrum,Bhusa,508.0
2022,1,Trivandrum,Bitumen grade PMB - 40,54405.0
2022,1,Trivandrum,Blown type petroleum bitumen of penetration 85/25 of approved quality,46100.0
2022,1,Trivandrum,Bitumen hot sealing compound : grade A,34.0
2022,1,Trivandrum,Bitumen solution primer of approved quality,60.0
2022,1,Trivandrum,Premoulded joing filler 12 mm thick,445.0
2022,1,Trivandrum,Bitumen felt fibre base (vegetable or animal): Type 2 grade 1,95.0
2022,1,Trivandrum,Bitumen felt as per IS 7193 Grade II,108.0
2022,1,Trivandrum,Bitumen felt : Type 3 grade 1,95.0
2022,1,Trivandrum,Separation Membrane of impermeable plastic sheeting 125 micron thick,17.0
2022,1,Trivandrum,Coal Tar,41.0
2022,1,Trivandrum,Blasting powder,54.0
2022,1,Trivandrum,Blasting fuse (fuse wire),21.0
2022,1,Trivandrum,White face insulating board : 12 mm thick,458.0
2022,1,Trivandrum,Natural colour insulating board : 12 mm thick,343.0
2022,1,Trivandrum,Flame retardant face insulating board : 12 mm thick,403.0
2022,1,Trivandrum,"Flame retardant face inslulating, impregnated fibre board 12 mm thick",445.0
2022,1,Trivandrum,"Flat pressed 3 layer particle board (medium density) Grade 1,12 mm thick",415.0
2022,1,Trivandrum,Extra for veneered particle board with : Teak veneering on one side and commercial veneering on other side,331.0
2022,1,Trivandrum,Extra for veneered particle board with Commercial veneering on both sides,216.0
2022,1,Trivandrum,Extra for veneered particle board with Teak veneering both sides,636.0
2022,1,Trivandrum,Curing compound,64.0
2022,1,Trivandrum,Integral cystalline slurry,347.0
2022,1,Trivandrum,Integral crystalline admixture,394.0
2022,1,Trivandrum,Crystalline mortar,318.0
2022,1,Trivandrum,Integral cystalline dry shake,525.0
2022,1,Trivandrum,Swellable type water stop tape,534.0
2022,1,Trivandrum,Primer for swellable type wate stop tape,2237.0
2022,1,Trivandrum,Polymer modified adhesive mortar,30.0
2022,1,Trivandrum,Brick bats,636.0
2022,1,Trivandrum,Wire brush,27.2
2022,1,Trivandrum,Soft brush,27.2
2022,1,Trivandrum,Portland Cement,8000.0
2022,1,Trivandrum,White cement,21000.0
2022,1,Trivandrum,"Plastic sheath,1.25 mm thick for dowel bars",38.0
2022,1,Trivandrum,Coal (steam),600.0
2022,1,Trivandrum,Sealant primer,161.0
2022,1,Trivandrum,Cramp Gun metal 25x6x300 mm,102.0
2022,1,Trivandrum,"Pre moulded joint filler, 25mm thick for expansion joint",637.0
2022,1,Trivandrum,Brass butt hinges (light /ordinary type):125x70x4 mm,1413.0
2022,1,Trivandrum,Brass butt hinges (light /ordinary type) : 100x70x4 mm,1230.0
2022,1,Trivandrum,Brass butt hinges (light /ordinary type) : 75x40x2.5 mm,637.0
2022,1,Trivandrum,Brass butt hinges (light /ordinary type) : 50x40x2.5 mm,237.0
2022,1,Trivandrum,Brass butt hinges (heavy type) :125x85x5.5 mm(0.70 kg),4237.0
2022,1,Trivandrum,Brass butt hinges (heavy type) : 100x85x5.5 mm (0.56kg),3758.0
2022,1,Trivandrum,Brass butt hinges (heavy type): 75x65x4.0 mm (0.20 kg),1299.0
2022,1,Trivandrum,Brass parliamentary hinges 150x125x27x5 mm,3895.0
2022,1,Trivandrum,Brass parliamentary hinges 125x125x27x5 mm,3416.0
2022,1,Trivandrum,Brass parliamentary hinges 100x125x27x5 mm,3143.0
2022,1,Trivandrum,Brass parliamentary hinges 75x100x20x3.2 mm,2392.0
2022,1,Trivandrum,Brass single acting spring hinges 150 mm,576.0
2022,1,Trivandrum,Brass single acting spring hinges 125 mm,387.0
2022,1,Trivandrum,Brass single acting spring hinges 100 mm,339.0
2022,1,Trivandrum,Brass double acting spring hinges 150 mm,684.0
2022,1,Trivandrum,Brass double acting spring hinges 125 mm,542.5
2022,1,Trivandrum,Brass double acting spring hinges 100 mm,438.0
2022,1,Trivandrum,Brass tower bolt (barrel type) 250x10 mm,348.5
2022,1,Trivandrum,Brass tower bolt (barrel type) 200x10 mm,278.0
2022,1,Trivandrum,Brass tower bolt (barrel type) 150 x 10 mm,209.0
2022,1,Trivandrum,Brass tower bolt (barrel type) 100 x 10 mm,139.6
2022,1,Trivandrum,Brass flush bolt 250 mm,205.0
2022,1,Trivandrum,Brass flush bolt 150 mm,177.0
2022,1,Trivandrum,Brass flush bolt 100 mm,123.0
2022,1,Trivandrum,Brass handles 125 mm with plate 175x32 mm,195.5
2022,1,Trivandrum,Brass handles 100 mm with plate 150x32 mm mm,180.0
2022,1,Trivandrum,Brass handles 75 mm with plate 125x32 mm,139.7
2022,1,Trivandrum,Brass door latch 300x16x5x mm (0.380 kg),251.0
2022,1,Trivandrum,Brass door latch 250x16x5 mm (0.350 kg),237.5
2022,1,Trivandrum,Brass mortice latch and lock 100 x 65 mm with6 levers and  a pair of brass lever handles,543.0
2022,1,Trivandrum,Brass mortice latch 100x65 mm with a pair of brass lever handles,438.0
2022,1,Trivandrum,Brass 150 mm floor door stopper (0.357 kg),232.0
2022,1,Trivandrum,Brass hard drawn hooks and eyes 300 mm,1024.0
2022,1,Trivandrum,Brass hard drawn hooks and eyes 250 mm,957.0
2022,1,Trivandrum,Brass hard drawn hooks and eyes 200 mm,884.0
2022,1,Trivandrum,Brass hard drawn hooks and eyes 150 mm,847.0
2022,1,Trivandrum,Brass hard drawn hooks and eyes 100 mm,719.0
2022,1,Trivandrum,Brass casement window fastener,69.0
2022,1,Trivandrum,Brass casement stays (straight peg type ) 300 mm weighing not less than 0.33 kg,187.0
2022,1,Trivandrum,Brass casement stays (straight peg type) 250 mm weighing not less than 0.28 kg,151.0
2022,1,Trivandrum,Brass casement stays (straight peg type) 200 mm weighing not less than 0.24 kg,137.0
2022,1,Trivandrum,Brass quadrant stays 300 mm,173.0
2022,1,Trivandrum,Brass fanlight catch,242.0
2022,1,Trivandrum,Brass fanlight pivot,269.0
2022,1,Trivandrum,Brass chain with hook for fan light catch,55.0
2022,1,Trivandrum,Brass hasps and staples (safety type ) 150 mm,1061.0
2022,1,Trivandrum,Brass hasps and staples (safety type) 115 mm,888.0
2022,1,Trivandrum,Brass hasps and staples (safety type) 90 mm,765.0
2022,1,Trivandrum,Brass Night latch,830.0
2022,1,Trivandrum,Brass helical spring 150 mm,424.0
2022,1,Trivandrum,Brass curtain rod 20 mm dia 1.25 mm thick,190.0
2022,1,Trivandrum,Brass curtain rod 25 mm dia 1.25 mm thick,258.0
2022,1,Trivandrum,Brass brackets (curtain rods) 20 mm,59.0
2022,1,Trivandrum,Brass cupboard knob or wardrobe knob 50 mm,51.0
2022,1,Trivandrum,brass screws 50 mm,298.5
2022,1,Trivandrum,Brass screws 40 mm,232.0
2022,1,Trivandrum,Brass screws 30 mm,190.0
2022,1,Trivandrum,Brass screws 25 mm,140.0
2022,1,Trivandrum,Brass screws 20 mm,129.0
2022,1,Trivandrum,"Stainless steel SS grade 304 , curtain rod 20 mm dia 1.20mm thick",170.0
2022,1,Trivandrum,"Stainless steel SS grade 304, curtain rod 25 mm dia 1.20mm thick",231.0
2022,1,Trivandrum,"Stainless steel SS grade 304, brackets ( curtain rod) 20 mm dia
1.20mm thick",63.0
2022,1,Trivandrum,"Stainless steel SS grade 304, brackets ( curtain rod) 25 mm dia
1.20mm thick",75.0
2022,1,Trivandrum,plastic sleeves for screw,2.7
2022,1,Trivandrum,Chromium plated Brass butt hinges (heavy) type 75x65x4 mm (200 gms),1366.0
2022,1,Trivandrum,Chromium plated Brass butt hinges (light/ordinary) type 125x70x4 mm,1162.0
2022,1,Trivandrum,Chromium plated Brass butt hinges (light/ordinary) type 100x70x4 mm,957.0
2022,1,Trivandrum,Chromium plated Brass butt hinges (light/ordinary) type 75x40x2.5 mm,629.0
2022,1,Trivandrum,Chromium plated Brass butt hinges (light/ordinary) type 50x40x2.5 mm,273.0
2022,1,Trivandrum,75 mm SS fancy handles for kitchen cabinet,415.0
2022,1,Trivandrum,100 mm SS Fancy handles for kitchen cabinet,688.0
2022,1,Trivandrum,125 mm SS fancy handles for kitchen cabinet,961.0
2022,1,Trivandrum,Chromium plated Brass handles 125 mm with plate 175x32 mm,242.0
2022,1,Trivandrum,Chromium plated Brass handles 100 mm with plate 150x32 mm,205.0
2022,1,Trivandrum,Chromium plated Brass handles 75 mm with plate 125x32 mm,177.0
2022,1,Trivandrum,Chromium plated Brass mortice latch and lock 100x65 mm with 6 levers and a pair of brass lever handles,640.0
2022,1,Trivandrum,Chromium plated brass casement window fastener,132.0
2022,1,Trivandrum,Chromium plated Brass casement stays (straight peg type) 300 mm weighing not less than 0.33 kg,205.0
2022,1,Trivandrum,Chromium plated Brass casement stays (straight peg type) 250 mm weighing not less than 0.28,177.0
2022,1,Trivandrum,Chromium plated Brass casement stays (straight peg type) 200 mm weighing not less than 0.24 kg,159.0
2022,1,Trivandrum,Chromium plated Brass Night latch,725.0
2022,1,Trivandrum,Chromium plated Brass Wardrobe Knob 50 mm,92.0
2022,1,Trivandrum,Chromium plated Brass Screws 50 MM,406.0
2022,1,Trivandrum,Chromium plated Brass screw 40 mm,393.0
2022,1,Trivandrum,Chromium plated Brass screws 30 mm,325.0
2022,1,Trivandrum,Chromium plated Brass screws 25 mm,244.0
2022,1,Trivandrum,Chromium plated Brass screws 20 mm,216.0
2022,1,Trivandrum,Chromium plated Brass curtain rod 12 mm dia 1.25 mm thick,260.0
2022,1,Trivandrum,Chromium plated Brass curtain rod 20 mm dia 1.25 mm thick,356.0
2022,1,Trivandrum,Chromium plated Brass curtain rod 25 mm dia 1.25 mm thick,478.0
2022,1,Trivandrum,"C. P. Brass Extension Nipple (1/2""x2"" size)",63.0
2022,1,Trivandrum,Bright finished or black enameled mild steel butt hinges 125x65x2.12 mm,191.0
2022,1,Trivandrum,Bright finished or black enameled mild steel butt hinges 100x58x1.90 mm,118.0
2022,1,Trivandrum,Bright finished or black enameled mild steel butt hinges 75x47x1.70 mm,82.0
2022,1,Trivandrum,Bright finished or black enameled mild steel butt hinges 50x37x1.50 mm,69.0
2022,1,Trivandrum,Nickel plated bright finished mild steel piano hinges 1 mm thick 25 mm wide,55.0
2022,1,Trivandrum,Bright finished or black enameled mild steel screws 50 mm,101.0
2022,1,Trivandrum,Bright finished or black enameled mild steel screws 40 mm,81.0
2022,1,Trivandrum,Bright finished or black enameled mild steel screws 30 mm,61.0
2022,1,Trivandrum,Bright finished or black enameled mild steel screws 25 mm,51.0
2022,1,Trivandrum,Bright finished or black enameled mild steel screws 20 mm,41.0
2022,1,Trivandrum,Bright finished or black enameled mild steel bolts and nuts 50x6 mm,9.0
2022,1,Trivandrum,Oxidised mild steel butt hinges 125x65x2.12 MM,191.0
2022,1,Trivandrum,Oxidised mild steel butt hinges 100x58x1.90 mm,123.0
2022,1,Trivandrum,Oxidised mild steel butt hinges 75x47x1.70 mm,91.0
2022,1,Trivandrum,Oxidised mild steel butt hinges 50x37x1.50 mm,77.0
2022,1,Trivandrum,Oxidised mild steel parliamentary hinges 150x125x27x2.8 mm,464.0
2022,1,Trivandrum,Oxidised mild steel parliamentary hinges 125x125x27x2.8 mm,433.0
2022,1,Trivandrum,Oxidised mild steel parliamentary hinges 100x125x27x2.8 mm,324.0
2022,1,Trivandrum,Oxidised mild steel parliamentary hinges 75x100x20x2.24 mm,273.0
2022,1,Trivandrum,Oxidised mild steel single acting spring hinges 150 mm,181.0
2022,1,Trivandrum,Oxidised mild steel single acting spring  hinges 150 mm,210.0
2022,1,Trivandrum,Oxidised mild steel single acting spring  hinges 125 mm,183.0
2022,1,Trivandrum,Oxidised mild steel single acting spring  hinges 100 mm,160.0
2022,1,Trivandrum,Nickel plated mild steel piano hinges 1 mm thick 35 mm wide,63.0
2022,1,Trivandrum,Oxidised mild steel sliding door bolt 300x16 mm,132.0
2022,1,Trivandrum,Oxidised mild steel sliding door bolt 250x16 mm,123.0
2022,1,Trivandrum,Oxidised mild steel door latch 300x20x6 mm,67.0
2022,1,Trivandrum,Oxidised mild steel door latch 250x20x6 mm,55.0
2022,1,Trivandrum,Oxidised mild steel tower bolt (barrel type) 250x10mm,63.0
2022,1,Trivandrum,Oxidised mild steel tower bolt (barrel type) 200x10 mm,55.0
2022,1,Trivandrum,Oxidised mild steel tower bolt (barrel type) 150x10 mm,41.0
2022,1,Trivandrum,Oxidised mild steel tower bolt (barrel type) 100x10 mm,37.0
2022,1,Trivandrum,Oxidised mild steel handles 125 mm,27.0
2022,1,Trivandrum,Oxidised mild steel handles 100 mm,23.0
2022,1,Trivandrum,Oxidised mild steel handles 75 mm,23.0
2022,1,Trivandrum,Oxidised mild steel hasps and staples (safety type)150 mm,173.0
2022,1,Trivandrum,Oxidised mild steel hasps and staples (safety type ) 115 mm,147.0
2022,1,Trivandrum,Oxidised mild steel hasps and staples (safety type ) 90 mm,107.0
2022,1,Trivandrum,Oxidised mild steel screws 50 mm,104.0
2022,1,Trivandrum,Oxidised mild steel screws 40 mm,84.0
2022,1,Trivandrum,Oxidised mild steel screws 30 mm,77.0
2022,1,Trivandrum,Oxidised mild steel screws 25 mm,63.0
2022,1,Trivandrum,Oxidised mild steel screws 20 mm,51.0
2022,1,Trivandrum,Anodised Aluminium butt hinges 125x75x4 mm,779.0
2022,1,Trivandrum,Anodised Aluminium butt hinges 125x63x4xmm,725.0
2022,1,Trivandrum,Anodised Aluminium butt hinges 100x75x4 mm,711.0
2022,1,Trivandrum,Anodised Aluminium butt hinges 100x63x3.2 mm,684.0
2022,1,Trivandrum,Anodised Aluminium butt hinges 100x63x4 mm,697.0
2022,1,Trivandrum,Anodised Aluminium butt hinges 75x63x4 mm,684.0
2022,1,Trivandrum,Anodised Aluminium butt hinges 75x63x3.2 mm,642.0
2022,1,Trivandrum,Anodised Aluminium butt hinges 75x45x3.2 mm,533.0
2022,1,Trivandrum,Anodised Aluminium sliding door bolt 300x16 mm,177.0
2022,1,Trivandrum,Anodised Aluminium tower bolt (barrel type)300x10 mm,1024.0
2022,1,Trivandrum,Anodised Aluminium tower bolt (barrel type) 250 x 10 mm,820.0
2022,1,Trivandrum,Anodised Aluminium tower bolt (barrel type) 200x10 mm,656.0
2022,1,Trivandrum,Anodised Aluminium tower bolt (barrel type) 150x10 mm,519.0
2022,1,Trivandrum,Anodised Aluminium tower bolt (barrel type) 100x10 mm,640.0
2022,1,Trivandrum,Anodised Aluminium handles 125 mm with plate 175 x 32 mm,684.0
2022,1,Trivandrum,Anodised Aluminium handles 100 mm with plate 150 x 32 mm,519.0
2022,1,Trivandrum,Anodised Aluminium handles 75 mm with plate 125 x 32 mm,438.0
2022,1,Trivandrum,Anodised Aluminium kicking plate 50 cm long 100x3.15 mm,177.0
2022,1,Trivandrum,Block board construction flush door with teak wood ply on both faces 35 mm thick,2440.0
2022,1,Trivandrum,Block board construction flush door with teak wood play on both faces 30 mm thick,2170.0
2022,1,Trivandrum,Block board construction flush door with teak wood ply on both faces 25 mm thick,1914.0
2022,1,Trivandrum,Block board construction flush door with commercial ply on both faces,1572.0
2022,1,Trivandrum,Block board construction flush door with commercial ply on both faces 30 mm thick,1366.0
2022,1,Trivandrum,Block board construction flush door with commerciial ply on both faces 25 mm thick,1230.0
2022,1,Trivandrum,Block board construction flush door lipping,410.0
2022,1,Trivandrum,Square vision panel (upto 0.10sqm) in Block board construction flush door,159.0
2022,1,Trivandrum,Circular vision panel (upto 0.10 sqm) in Block board construction flush door,246.0
2022,1,Trivandrum,Decorative type Louvers (upto 0.20 sqm) in Block board construction flush door,424.0
2022,1,Trivandrum,Rebate cutting in Block board construction flush door,118.0
2022,1,Trivandrum,Decorative plywood 4 mm,534.0
2022,1,Trivandrum,Fuel wood,806.0
2022,1,Trivandrum,Glue,91.0
2022,1,Trivandrum,Calcium silicate base compound for jointing calcium silicate tiles,37.0
2022,1,Trivandrum,Hessian cloth,60.0
2022,1,Trivandrum,Cement Concrete Jali 50 mm thick,540.0
2022,1,Trivandrum,Cement Concrete Jali 40 mm thick,474.0
2022,1,Trivandrum,Cement Concrete Jali 25 mm thick,372.0
2022,1,Trivandrum,Kerosene oil,75.0
2022,1,Trivandrum,White cement based polymer modified self curing compound in powder form,35.0
2022,1,Trivandrum,Unslaked lime,464.0
2022,1,Trivandrum,Deharadun white lime,656.0
2022,1,Trivandrum,Satna lime,410.0
2022,1,Trivandrum,Dry hydrated lime (factory made),314.0
2022,1,Trivandrum,Marble dust/ powder,1444.0
2022,1,Trivandrum,Marble chips up to 4 mm and downsize white &black,273.0
2022,1,Trivandrum,Marble chips large size above 4 mm white & black,339.0
2022,1,Trivandrum,Silicon and acrylic emulsion,280.0
2022,1,Trivandrum,"Acrylic distemper Ist quality, having VOC content less than 50 gm/litre",78.0
2022,1,Trivandrum,"Acrylic emulsion, having VOC content less than 50 gm/litre",350.0
2022,1,Trivandrum,"Premium acrylic emulsion of interior grade, having VOC content less than 50 gm/litre",457.0
2022,1,Trivandrum,"Synthetic enamel paint, having VOC ( Volatile Organic Compound content less than 150 gm/liitre",323.0
2022,1,Trivandrum,Ready mixed pink or grey primer on wood work(hard and softwood)  having VOC content less than 50 gms/litre,191.0
2022,1,Trivandrum,"Ready mixed red oxide zinc chromatic on steel/ iron work, having VOC content less than 250 gms/litre",227.0
2022,1,Trivandrum,"Water thinnable cement primer for interior wall surface, having VOC content less than 50 gms/litre",115.0
2022,1,Trivandrum,Exterior primer,188.0
2022,1,Trivandrum,Moorum,637.0
2022,1,Trivandrum,Mud (dry),156.0
2022,1,Trivandrum,Dry distemper,97.0
2022,1,Trivandrum,Oil bound washable distemper/ Acrylic distemper,110.0
2022,1,Trivandrum,Linseed oil (double boiled),258.0
2022,1,Trivandrum,Cement Primer,134.0
2022,1,Trivandrum,Distemper primer,128.0
2022,1,Trivandrum,Pink primer (for wood),135.0
2022,1,Trivandrum,White cement based putty,32.0
2022,1,Trivandrum,Aluminium paint,203.0
2022,1,Trivandrum,Acid proof paint (chocolate or black),305.0
2022,1,Trivandrum,Anticorrosive bituminous paint (black),136.0
2022,1,Trivandrum,Black Japan,132.0
2022,1,Trivandrum,Enamel paint,237.0
2022,1,Trivandrum,Floor enamel paint in all shades except green,339.0
2022,1,Trivandrum,Synthetic enamel paint in black or chocolate shade,235.0
2022,1,Trivandrum,Synthetic enamel paint in all shades except black or chocolate shade,220.0
2022,1,Trivandrum,Plastic emulsion paint,272.0
2022,1,Trivandrum,"100% Premium acrylic dirt resistance, Silicone additives exterior paint",366.0
2022,1,Trivandrum,Acrylic Exterior Primer,155.0
2022,1,Trivandrum,Roofing paint for iron sheets in red colour,164.0
2022,1,Trivandrum,White lead,175.0
2022,1,Trivandrum,water proofing cement paint,51.0
2022,1,Trivandrum,Wax polish (ready made),410.0
2022,1,Trivandrum,Ordinary varnish,132.0
2022,1,Trivandrum,Superior copal varnish,191.0
2022,1,Trivandrum,Superior spar varnish,191.0
2022,1,Trivandrum,Oil type wood preservative,175.0
2022,1,Trivandrum,Putty for wood work,63.0
2022,1,Trivandrum,Premixed super white gypsum plaster,9.0
2022,1,Trivandrum,Plaster or paris,7.0
2022,1,Trivandrum,Plug,14.0
2022,1,Trivandrum,Copper pins 6 mm dia 7.5 cm long,14.0
2022,1,Trivandrum,Black colour dark shade pigment,100.0
2022,1,Trivandrum,"Red chocolate, orange, buff or yellow (red oxide of iron) light shade",114.0
2022,1,Trivandrum,Green or blue medium shade pigment,104.0
2022,1,Trivandrum,Standard holder bat clamps for sand cast iron or cast iron pipes 150 mm dia,37.0
2022,1,Trivandrum,Sand cast iron plain shoe 150 mm dia,446.0
2022,1,Trivandrum,Copper plate,369.0
2022,1,Trivandrum,Pulley 25 mm dia,51.0
2022,1,Trivandrum,Rolling shutter made of 80x1.25 mm machine rolled laths,1990.0
2022,1,Trivandrum,Top cover for rolling shutters 1.25 mm thick,1085.0
2022,1,Trivandrum,27.5 cm long wire spring grade no 2 for rolling shutters,410.0
2022,1,Trivandrum,Ball bearing for rolling shutters,450.0
2022,1,Trivandrum,Extra for mechanical devices chain and cranked operation for operating rolling shutters: exceeding 16.80 sqm area of door,850.0
2022,1,Trivandrum,Extra for mechanical devices chain and cranked operation for operating rolling shutters: exceeding 16.80 sqm area of  door,875.0
2022,1,Trivandrum,Royalty for good earth,40.0
2022,1,Trivandrum,Royalty for sludge,140.0
2022,1,Trivandrum,Coarse sand (zone III),3200.0
2022,1,Trivandrum,Fine sand (zone IV),3100.0
2022,1,Trivandrum,Galvanised steel plain sheets,7350.0
2022,1,Trivandrum,FY-1860 grade wire strands,7720.0
2022,1,Trivandrum,Standard quality hard board sheet 3 mm thick,173.0
2022,1,Trivandrum,Standard quality hard board sheet 4.5 mm thick,205.0
2022,1,Trivandrum,Shellac,450.0
2022,1,Trivandrum,Spirit,96.0
2022,1,Trivandrum,Mild steel round bar 12 mm dia and below,7500.0
2022,1,Trivandrum,Mild Steel round bar above 12 mm dia,7200.0
2022,1,Trivandrum,Average rate of mild steel round bars for reinforcements,5800.0
2022,1,Trivandrum,Twisted steel/deformed bars,8200.0
2022,1,Trivandrum,Mild steel square bars,8200.0
2022,1,Trivandrum,"Structural steel such as tees, angles, channels and R.S. joists",9300.0
2022,1,Trivandrum,Flats up to 10 mm in thickness,7000.0
2022,1,Trivandrum,Flats exceeding 10 mm in thickness,7000.0
2022,1,Trivandrum,Mild steel plates,7000.0
2022,1,Trivandrum,"Steel glazed door, window/ ventilator, all members viz, F7D, F4B, K11 and K12B etc.",72.0
2022,1,Trivandrum,Pregalvanized high tensile steel confirming to IS:277-199,120.0
2022,1,Trivandrum,Mild steel sheets for tanks,8400.0
2022,1,Trivandrum,Mild steel expanded metal 20x60xmm strands,400.0
2022,1,Trivandrum,Mild steel hooks,51.0
2022,1,Trivandrum,Mild steel rivets,6833.0
2022,1,Trivandrum,Hard drawn steel wire fabric,600.0
2022,1,Trivandrum,Galvanised steel bolts & nuts 6 mm dia and 25 mm long round head with slots,58.0
2022,1,Trivandrum,Galvanised steel J or L hooks 8 mm dia,165.0
2022,1,Trivandrum,Galvanished steel bolts & nuts 10 mm dia and 125 mm long round head with slots,22.0
2022,1,Trivandrum,Mild steel bolts 6 mm dia and 25 mm long with hexagonal head,45.0
2022,1,Trivandrum,Erection Bolts ( Minimum 04 nos for each element),34.0
2022,1,Trivandrum,Straining bolts,100.0
2022,1,Trivandrum,Galvanished steel barbed wire,7450.0
2022,1,Trivandrum,Galvanised steel turn buckles,48.0
2022,1,Trivandrum,Galvanised steel bolts & nuts 10 mm dia and 27 cm long both sides threaded with 4 galvanised steel nuts,45.0
2022,1,Trivandrum,Galvanised steel bolts 10 mm dia and 7 cm long with nuts,14.0
2022,1,Trivandrum,Bolts and nuts up to 300 mm in length,7000.0
2022,1,Trivandrum,Bolts and nuts above 300 mm in length,7200.0
2022,1,Trivandrum,Iron pintels including weldded pin,60.0
2022,1,Trivandrum,Steel beading siz 10 x 10x 106 mm (box type),34.0
2022,1,Trivandrum,Aluminium Plain Strip edging 38x12x3 mm,127.0
2022,1,Trivandrum,Glass strip 4 mm thick 40 mm deep,32.0
2022,1,Trivandrum,Boundary stone top chisel  dressed 15X15X90  cm,150.0
2022,1,Trivandrum,Through and bond stone size 24 x 24 x 39cm,6750.0
2022,1,Trivandrum,Stone for masonry work,1905.0
2022,1,Trivandrum,Stone for pitching 15 cm x 22.5 cm,1600.0
2022,1,Trivandrum,Stone dust,1490.0
2022,1,Trivandrum,Red sand stone block,108.0
2022,1,Trivandrum,White sand stone block,278.0
2022,1,Trivandrum,White sand stone slab 75 mm thick (un- dressed),1220.0
2022,1,Trivandrum,Red sand stone slab 40 mm thick (un-dressed),270.0
2022,1,Trivandrum,White sand stone slab 40 mm thick (un-dressed),270.0
2022,1,Trivandrum,Red sand stone slab 30 mm thick (un-dressed),270.0
2022,1,Trivandrum,Kota stone slab 20 mm to 25 mm thick (semi-polished),410.0
2022,1,Trivandrum,Kota stone slab 25 mm thick (rough chiseled),300.0
2022,1,Trivandrum,Red sand stone slab 45 mm to 50 mm thick (un-dressed),305.0
2022,1,Trivandrum,White sand stone slab 45 mm to 50 mm thick (un-dressed),324.0
2022,1,Trivandrum,Stone grit 6 mm and down size or pea sized gravel,1324.0
2022,1,Trivandrum,Crushed stone 2.36 mm to 12.5 mm size,1357.0
2022,1,Trivandrum,Surkhi,1000.0
2022,1,Trivandrum,"Superior class teak wood such as Dandeli, Balarshah or Malabar in planks",1864.0
2022,1,Trivandrum,First class teak wood in scantling,1525.0
2022,1,Trivandrum,First class teak wook in planks,1695.0
2022,1,Trivandrum,Second class teak wood in scantling,1271.0
2022,1,Trivandrum,Second class teak wood in planks,1441.0
2022,1,Trivandrum,Marandi wood in planks,596.0
2022,1,Trivandrum,Marandi wood in scantling,584.0
2022,1,Trivandrum,Second class deodar wood in planks,687.0
2022,1,Trivandrum,First class kail wood in planks,455.0
2022,1,Trivandrum,Second class kail wood in scantling,399.0
2022,1,Trivandrum,Second class kail wood in planks,385.0
2022,1,Trivandrum,Sal wood in scantling,800.0
2022,1,Trivandrum,Klin seasoned selected sheesham wood planks,880.0
2022,1,Trivandrum,Precast terrazzo tiles 22 mm thick (light shade),500.0
2022,1,Trivandrum,Precast terrazzo tiles 22 mm thick (medium shade),475.0
2022,1,Trivandrum,Precast terrazzo tiles 22 mm thick (dark shade),475.0
2022,1,Trivandrum,Precast heat resistant terrance tiles (size 300x300 mm) and 20 mm thick,650.0
2022,1,Trivandrum,G.I Limpet washer,47.0
2022,1,Trivandrum,Bitumen washer,40.0
2022,1,Trivandrum,G.I. Plain washer thick,50.0
2022,1,Trivandrum,G.I. Plain washer thin,51.0
2022,1,Trivandrum,G.I. Plain washer for seam bolts,44.0
2022,1,Trivandrum,Water proofing materials,55.0
2022,1,Trivandrum,Welding by gas plant,4.0
2022,1,Trivandrum,Welding by electric plant,4.0
2022,1,Trivandrum,Whiting,636.0
2022,1,Trivandrum,GI Wire mesh 100x100 mm,100.0
2022,1,Trivandrum,Shear stud,67.0
2022,1,Trivandrum,Wire nails,90.0
2022,1,Trivandrum,Wire mesh (rabbit),75.0
2022,1,Trivandrum,20 mm dia holding down bolts,7373.0
2022,1,Trivandrum,Mild steel sheets with bolts and nuts to rest on pintels,165.0
2022,1,Trivandrum,Steel weld mesh,203.0
2022,1,Trivandrum,Hard drawn steel wire,6992.0
2022,1,Trivandrum,Mild steel flat strap fitting,5657.0
2022,1,Trivandrum,Chequered terrazzo tiles 22 mm thick (light shade),450.0
2022,1,Trivandrum,Chequered terrazzo tiles 22 mm thick (medium shade),450.0
2022,1,Trivandrum,Chequered terrazzo tiles 22 mm thick (dark shade),450.0
2022,1,Trivandrum,Extra for selected planks of second class teakwood,202.0
2022,1,Trivandrum,Aluminium Plain Strip edging 57x12x3 mm,174.0
2022,1,Trivandrum,Diesel oil,97.0
2022,1,Trivandrum,Cutting marble or sand stone slab up to 50 mm thick by mechanical device,14.0
2022,1,Trivandrum,Extra for selected planks of first class teakwood,203.0
2022,1,Trivandrum,18 mm thick Flamed finish granite stone slab,2157.0
2022,1,Trivandrum,18 mm thick Italian Marble stone slab. Perlato (slab area up to 0.5 sqm),4233.0
2022,1,Trivandrum,Commercial LPG in cylinder,110.0
2022,1,Trivandrum,Glass mossaic tiles (20 mm x 20 mmx 4 mm).,1335.0
2022,1,Trivandrum,Tile fixing chemical adhesive,45.0
2022,1,Trivandrum,Cement Polymer Grout Compound,50.0
2022,1,Trivandrum,Acid for cleaning tiles,59.0
2022,1,Trivandrum,Silicon based Joint Sealeant for Tiles,225.0
2022,1,Trivandrum,Rubber base Adhesive,203.0
2022,1,Trivandrum,Epoxy based sealing Compound,614.0
2022,1,Trivandrum,Acrylic based sealing compound,589.0
2022,1,Trivandrum,Non woven reinforcement Tape,1.0
2022,1,Trivandrum,M-60 grade cemetitious grout (Non Shrink),37.0
2022,1,Trivandrum,"Cementitious polymer base adhesive confirming to EOTA ETAG 004
(European Technical Approval)",46.0
2022,1,Trivandrum,"Polypropylene mechanical fastener with plastic pin confirming to
EOTA ETAG 014 (European Technical Approval) having dia 10mm &
L=200mm",40.0
2022,1,Trivandrum,Moisture cure Polyurethane Foam,800.0
2022,1,Trivandrum,PVC Corner Bead of size 25mmx25mm fixed with glass fibre mesh(100mm x 100mm),120.0
2022,1,Trivandrum,"Cementitious polymer base coat confirming to EOTA ETAG 004
(European Technical Approval)",54.0
2022,1,Trivandrum,"Fiberglass mesh with alkali-resistant coating having mass per unit
area ?145 g/m2, mesh size: 3.9x4.0 mm ±10%",98.5
2022,1,Trivandrum,Bleaching powder,2800.0
2022,1,Trivandrum,Surface box for stop cock,161.0
2022,1,Trivandrum,Surface box for sluice valve,267.0
2022,1,Trivandrum,Surface box for water meter,318.0
2022,1,Trivandrum,C.I. bracket for wash basin and sinks,89.0
2022,1,Trivandrum,8 mm dia C.P. Brass/ S.S. Jet with flexible tube upto 1 metre long with S.S. triangular plate for European type W.C.,254.0
2022,1,Trivandrum,C.P. brass chain with 32 mm dia rubber plug,51.0
2022,1,Trivandrum,C.P.brass chain with 40 mm dia rubber plug,51.0
2022,1,Trivandrum,50mmx50mm hardwood plug,91.0
2022,1,Trivandrum,Clamps and M.S. stays including bolts and nuts for 100 mm pipe,55.0
2022,1,Trivandrum,M.S. Holder bat clamp of approved design for 100 mm S.C.I pipe,25.0
2022,1,Trivandrum,M.S. Holder bat clamp of approved design for 75 mm S.C.I. pipe,21.0
2022,1,Trivandrum,Clamps and M.S. stays including bolts and nuts for 50 mm pipe,34.0
2022,1,Trivandrum,Clamps and M.S.stays including bolts and nuts for 75 mm pipe,38.0
2022,1,Trivandrum,Clearing eye with chain and lid 100 mm dia,55.0
2022,1,Trivandrum,Clearing eye with chain and lid 150 mm dia,64.0
2022,1,Trivandrum,Brass bib-cock-15 mm dia,350.0
2022,1,Trivandrum,Brass bib-cock 20 mm dia,350.0
2022,1,Trivandrum,Brass stop-cock 15 mm dia,325.0
2022,1,Trivandrum,Brass stop-cock 20 mm dia,400.0
2022,1,Trivandrum,Mosquito proof coupling of approved design,65.0
2022,1,Trivandrum,C.I. Cover and frame 300X300 mm inside,640.0
2022,1,Trivandrum,C.I. Cover without frame 300x300 mm inside,485.0
2022,1,Trivandrum,Rectangular cover 455x610 mm with frame (low duty),1907.0
2022,1,Trivandrum,Rectangular cover 455X610 mm with frame (low duty),1271.0
2022,1,Trivandrum,500 mm dia cover with frame (medium duty),6038.0
2022,1,Trivandrum,500 mm dia cover without frame(medium duty),3150.0
2022,1,Trivandrum,"C.I.mouth,brass ferrule 15 mm dia",190.0
2022,1,Trivandrum,"C.I.mouth, brass ferrule 20 mm dia",203.0
2022,1,Trivandrum,"C.I.mouth, brass ferrule 25 mm dia",280.0
2022,1,Trivandrum,Vitreous china foot rests 250x130x30 mm,127.0
2022,1,Trivandrum,C.I. Grating 100x100 mm,50.0
2022,1,Trivandrum,C.I. grating 150x150 mm,64.0
2022,1,Trivandrum,C.I. grating 180x180 mm,75.0
2022,1,Trivandrum,S.C.I. gully or nahani grating 100 mm dia,28.0
2022,1,Trivandrum,Rubber insertions for 80 mm dia pipe joints,25.0
2022,1,Trivandrum,Rubber insertions for 100 mm dia pipe joints,30.0
2022,1,Trivandrum,Rubber insertions for 125 mm dia pip joints,32.0
2022,1,Trivandrum,Rubber insertions for 150 mm dia pipe joints,36.0
2022,1,Trivandrum,Rubber insertions for 200 mm dia pipe joints,40.0
2022,1,Trivandrum,Rubber insertions for 250 mm dia pipe joints,51.0
2022,1,Trivandrum,Rubber insertions for 300 mm dia pipe joints,59.0
2022,1,Trivandrum,Rubber insertions for 350 mm dia pipe joints,64.0
2022,1,Trivandrum,Rubber insertions for 400 mm dia pipe joints,93.0
2022,1,Trivandrum,Rubber insertions for 450 mm dia pipe joints,119.0
2022,1,Trivandrum,Rubber insertions for 500 mm dia pipe joints,140.0
2022,1,Trivandrum,Rubber insertions for 600 mm dia pipe joints,161.0
2022,1,Trivandrum,Mirror of superior make glass 60x45 cm,381.0
2022,1,Trivandrum,vitreous china pedestal for wash basin,1017.0
2022,1,Trivandrum,pig lead,114.0
2022,1,Trivandrum,S &S.C.I. standard specials up to 300 mm dia (heavy class),4576.0
2022,1,Trivandrum,S&S.C.I.standard specials over 300 mm dia (heavy class),4703.0
2022,1,Trivandrum,Flanged C.I. standard specials up to 300 mm dia (heavy class),6992.0
2022,1,Trivandrum,Flanged C.I. standard specials over 300 mm dia (heavy class),7373.0
2022,1,Trivandrum,Casing pipe 100 mm dia,428.0
2022,1,Trivandrum,Flush pipe with union spreaders and clamps all in C.P. Brass for single stall,343.0
2022,1,Trivandrum,Flush pipe with union spreaders and clamps all in C.P. brass for double stall,508.0
2022,1,Trivandrum,Flush pipe with union spreaders and clamps all in C.P. brass for range of three stall,661.0
2022,1,Trivandrum,Flush pipe with union spreaders and clamps all in C.P. brass for range of four stall,763.0
2022,1,Trivandrum,Flush pipe and spreaders G.I. for single set of one squatting plate urinal,225.0
2022,1,Trivandrum,Flush pipe and spreaders G.I. for range of two squatting plates urinal,318.0
2022,1,Trivandrum,Flush pipe and spreaders G.I. for range of three squatting plates urinal,381.0
2022,1,Trivandrum,Flush pipe and spreaders G.I. for range of four squatting plates urinal,496.0
2022,1,Trivandrum,G.I. pipes 15 mm dia,125.0
2022,1,Trivandrum,G.I. pipes 20 mm dia,150.0
2022,1,Trivandrum,G.I. pipes 25 mm dia,200.0
2022,1,Trivandrum,G.I. pipes 32 mm dia,250.0
2022,1,Trivandrum,G.I. pipes 40 mm dia,280.0
2022,1,Trivandrum,G.I pipes 50 mm dia,375.0
2022,1,Trivandrum,G.I. pipes 65 mm dia,475.0
2022,1,Trivandrum,G.I. pipes 80 mm dia,600.0
2022,1,Trivandrum,G.I. back (jam) nuts 25 mm dia,13.0
2022,1,Trivandrum,G.I.back (jam) nuts 65 mm dia,30.0
2022,1,Trivandrum,G.I.tees (equal) 25 mm,59.0
2022,1,Trivandrum,G.I. tees (equal) 65 mm,356.0
2022,1,Trivandrum,G.I. inlet connection,85.0
2022,1,Trivandrum,"S.C.I. soil, waste and vent single socketed pipe 1.80 metres long: 100mm dia",1208.0
2022,1,Trivandrum,"S.C.I. soil, waste and vent single socketed pipe 1.80 metres long:100mm dia",1462.0
2022,1,Trivandrum,S.C.I. Soil waste and vent single socketed pipe .80 metres lon: 150mm dia,2225.0
2022,1,Trivandrum,S.C.I. plain bend 75 mm dia,216.0
2022,1,Trivandrum,S.C.I. plain bend 100 mm dia,445.0
2022,1,Trivandrum,S.C.I. plain bend 150 mm dia,763.0
2022,1,Trivandrum,S.C.I. bend with access door 75 mm dia,254.0
2022,1,Trivandrum,S.C.I. bend with access door 100 mm dia,340.8
2022,1,Trivandrum,S.C.I. Plain single equal junctions 75x75x75 mm dia,374.2
2022,1,Trivandrum,S.C.I. plainsingle equal junctions 100x100x100 mm dia,956.6
2022,1,Trivandrum,S.C.I. single equal junctions75x75x75mm dia with access door,369.1
2022,1,Trivandrum,S.C.I. single equal junctions 100x100x100 mm dia with access door,477.86
2022,1,Trivandrum,S.C.I. plain double equal junctions 75x75x75x75mm dia,461.7
2022,1,Trivandrum,S.C.I. plain double equal junctions 100x100x100x100 mm dia,689.52
2022,1,Trivandrum,S.C.I.double equal junctions 75x75x75x75 mm dia with access door,877.88
2022,1,Trivandrum,S.C.I.double equal junctions 100x100x100x100 mm dia with access door,727.68
2022,1,Trivandrum,Slotted cowl (terminal guard) 75 mm dia,198.63
2022,1,Trivandrum,Slotted cowl (terminal guard) 100 mm dia,261.08
2022,1,Trivandrum,G.I. Union 15 mm nominal bore,75.33
2022,1,Trivandrum,G.I. Union 20 mm nominal bore,106.66
2022,1,Trivandrum,G.I. Union 25 mm nominal bore,114.16
2022,1,Trivandrum,G.I. Union 32 mm nominal bore,156.0
2022,1,Trivandrum,G.I. Union 40 mm nominal bore,267.33
2022,1,Trivandrum,G.I. Union 65 mm nominal bore,548.66
2022,1,Trivandrum,G.I. Union 80 mm nominal bore,635.0
2022,1,Trivandrum,Polyethylene water storage tank with cover and suitable locking arrangemnet,12.75
2022,1,Trivandrum,Sand cast iron S & S single unequal junctions: 100x100x75x75 mm dia,458.6
2022,1,Trivandrum,Sand cast iron S&S single unequal Junction: 100x100x75 mm dia with access dor,331.3
2022,1,Trivandrum,Sand cast iron S&S plain double unequal junction: 100x100x75x75 mm dia,680.6
2022,1,Trivandrum,Sand cast iron S&S double unequal junction: 100x100x75x75xmm dia with access door,680.0
2022,1,Trivandrum,Sand cast iron heel rest bend 75 mm dia,271.6
2022,1,Trivandrum,Sand cast iron heel rest bend 100 mm dia,313.3
2022,1,Trivandrum,S.C.I. Single equal invert branch of required degree75x75x75x75 mm dia,423.72
2022,1,Trivandrum,S.C.I. Single equal invert branch of required degree 100x100x100 mm dia,542.49
2022,1,Trivandrum,S.C.I. double equal invert branch of required degree 75x75x75x75 mm dia,545.0
2022,1,Trivandrum,S.C.I. double equal invert branch of required degree 100x100x100x100 mm dia,768.26
2022,1,Trivandrum,S.C.I. Single unequal invert branch of required degree 100x100x75 mm dia,658.05
2022,1,Trivandrum,S.C.I. double unequal invert branch of required degree 100x100x75x75 mm dia,755.42
2022,1,Trivandrum,S.C.I. door pieces 75 mm dia,365.94
2022,1,Trivandrum,S.C.I.door pieces 100 mm dia,531.79
2022,1,Trivandrum,S.C.I. collar 75 mm dia,150.87
2022,1,Trivandrum,S.C.I. collar 100 mm dia,193.67
2022,1,Trivandrum,Unplasticised P.V.C. connection pipe with brass union 30 cm long 15 mm bore,48.88
2022,1,Trivandrum,Unplasticised P.V.C. connection pipe with brass union 30 cm long 20 mm bore,58.48
2022,1,Trivandrum,Unplasticised P.V.C. connection pipe with brass union 45 cm long 15 mm bore,65.73
2022,1,Trivandrum,Unplasticiesd P.V.C. connection pipe with brass union 45 cm long 20 mm bore,65.52
2022,1,Trivandrum,S.C.I hand pump,827.55
2022,1,Trivandrum,R.C.C. pipes NP2 class 100 mm dia,263.55
2022,1,Trivandrum,R.C.C.pipes NP2 class 150 mm dia,274.6
2022,1,Trivandrum,R.C.C. pipes NP2 class 250 mm dia,339.15
2022,1,Trivandrum,R.C.C. pipes NP2 class 300 mm dia,394.4
2022,1,Trivandrum,R.C.C. pipes NP2 class 450 mm dia,521.85
2022,1,Trivandrum,R.C.C. pipes NP2 class 500 mm dia,763.2
2022,1,Trivandrum,R.C.C. pipes NP2 class 600 mm dia,1191.75
2022,1,Trivandrum,R.C.C. pipes NP2 class 700 mm dia,1359.16
2022,1,Trivandrum,R.C.C. pipes NP2 class 800 mm dia,1524.0
2022,1,Trivandrum,R.C.C. pipes NP2 class 900 mm dia,1654.8
2022,1,Trivandrum,R.C.C. pipes NP2 class 1000 mm dia,2103.23
2022,1,Trivandrum,R.C.C. pipes NP2 class 1100 mm dia,2429.7
2022,1,Trivandrum,R.C.C. pipes NP2 class 1200 mm dia,2452.0
2022,1,Trivandrum,R.C.C. collars NP2 class 100 mm dia,45.4
2022,1,Trivandrum,R.C.C. collars NP2 class 150 mm dia,52.7
2022,1,Trivandrum,R.C.C. collars NP2 class 250 mm dia,68.25
2022,1,Trivandrum,R.C.C. collars NP2 class 300 mm dia,76.61
2022,1,Trivandrum,R.C.C. collars NP2 class 450 mm dia,133.35
2022,1,Trivandrum,R.C.C. collars NP2 class 500 mm dia,152.9
2022,1,Trivandrum,R.C.C. collars NP2 class 600 mm dia,183.75
2022,1,Trivandrum,R.C.C. collars NP2 class 700 mm dia,195.3
2022,1,Trivandrum,R.C.C. Colllars NP2 class 800 mm dia,263.03
2022,1,Trivandrum,R.C.C. collars NP2 class 900 mm dia,310.8
2022,1,Trivandrum,R.C.C. collars NP2 class 1000 mm dia,366.45
2022,1,Trivandrum,R.C.C. collars NP2 class 1100mm dia,393.23
2022,1,Trivandrum,R.C.C. collars NP2 class 1200 mm dia,456.75
2022,1,Trivandrum,RCC pipe 450 mm dia NP -3 spigot,1937.75
2022,1,Trivandrum,RCC pipe 600 mm dia NP- 3 spigot,2584.05
2022,1,Trivandrum,RCC pipe 900 mm dia NP - 3 spigot,4075.57
2022,1,Trivandrum,RCC pipe 1000 mm dia NP -3 spigot,5117.18
2022,1,Trivandrum,RCC pipe 1200 mm dia NP - 3 spigot,6444.9
2022,1,Trivandrum,RCC pipe 1800 mm dia NP- 3 spigot,12209.4
2022,1,Trivandrum,RCC pipe 450 mm dia NP- 4 spigot,2241.75
2022,1,Trivandrum,RCC pipe 600 mm dia NP- 4 spigot,2987.25
2022,1,Trivandrum,RCC pipe 900 mm dia NP- 4 spigot,5940.9
2022,1,Trivandrum,RCC pipe 1000 mm dia NP- 4 spigot,7195.65
2022,1,Trivandrum,RCC pipe 1200 mm dia NP- 4 spigot,8414.7
2022,1,Trivandrum,RCC pipe 1800 mm dia NP- 4 spigot,17633.7
2022,1,Trivandrum,stoneware pipes grade A (60 cm long) 100 mm dia,94.6
2022,1,Trivandrum,Stoneware pipes grade A (60 cm long ) 150 mm dia,190.6
2022,1,Trivandrum,Stoneware pipes grade A (60 cm long)230 mm dia,226.0
2022,1,Trivandrum,Stoneware pipes grade A (60 cm long ) 200 mm dia,280.66
2022,1,Trivandrum,Stoneware pipes grade A (60 cm long ) 300 mm dia,306.5
2022,1,Trivandrum,Fire clay kitchen sink: 600x450x250 mm,1668.0
2022,1,Trivandrum,White vitreous china laboratory sink 450x300x150x mm,1156.0
2022,1,Trivandrum,White vitreous china laboratory sink 600x450x200 mm,2147.76
2022,1,Trivandrum,White plastic seat (solid) with lid C.P. brass hinges and rubber buffers,473.78
2022,1,Trivandrum,Black plastic seat (soild) with lid C.P.brass hinges and rubber buffers,444.53
2022,1,Trivandrum,Shower rose C.P brass for 15 to 20 mm intel 100 mm dia,88.8
2022,1,Trivandrum,Shower rose C.P.brass for 15 to 20 mm intel 150 mm dia,98.94
2022,1,Trivandrum,Dismenteled P or S trap scrap (approx wt 2kg),39.78
2022,1,Trivandrum,Spun yarn,68.34
2022,1,Trivandrum,Strainer brass 40 mm dia 1.5 metre long,759.9
2022,1,Trivandrum,15 mm C.P.brass tap,288.66
2022,1,Trivandrum,C.P.brass toilet paper holder of standard size,252.96
2022,1,Trivandrum,Centrifugally SCI(spun) S & S P or S trap,385.56
2022,1,Trivandrum,C.I. trap for standard urinal with vent arm with operating and other couplings in C.P. brass: 50 mm dia,241.74
2022,1,Trivandrum,C.I. trap for standard urinal with vent arm with operating and other coupling in C.P. brass: 80 mm dia,311.1
2022,1,Trivandrum,C.P. brass trap 40 mm dia,228.48
2022,1,Trivandrum,100 mm S.C.I. trap with vent heel,401.88
2022,1,Trivandrum,100 mm S.C.I. trap with 100 mm inlet and 100 mm outlet,359.04
2022,1,Trivandrum,100 mm S.C.I. trap with 100 mm inlet and 75 mm outlet,278.46
2022,1,Trivandrum,S.W. gully trap type 100x100 mm,118.32
2022,1,Trivandrum,S.W. gully trap type 150x100 mm,168.3
2022,1,Trivandrum,S.W. gully trap P type 180x150 mm,290.7
2022,1,Trivandrum,Vitreous china lipped front urinal,582.3
2022,1,Trivandrum,Vitreous china squatting plate urinal,1103.6
2022,1,Trivandrum,H.P. or L.P. ball valve with polythene floats: 15 mm dia,299.88
2022,1,Trivandrum,H.P. or L.P. ball valve with polythene floats: 20 mm dia,432.33
2022,1,Trivandrum,H.P. or L.P. ball valve with polythene floats: 25 mm dia,421.26
2022,1,Trivandrum,20 mm dia Gunmetal gate valve with wheel,508.98
2022,1,Trivandrum,Brass full way valve with C.I. wheel (screwed end) 25 mm dia,468.18
2022,1,Trivandrum,Brass full way valve with C.I. wheel (screwed end) 32 mm dia,718.08
2022,1,Trivandrum,Brass full way valve with C.I. wheel (screwed end) 40 mm dia,1068.96
2022,1,Trivandrum,Brass full way valve with C.I. wheel (screwed end) 50 mm dia,1329.06
2022,1,Trivandrum,Brass full way valve with C.I. wheel (screwed end) 65 mm dia,1671.78
2022,1,Trivandrum,Brass full way valve with C.I. wheel (screwed end) 80 mm dia,2609.0
2022,1,Trivandrum,Gunmetal non-return valve-horizontal (screwed end ) 25 mm dia,633.42
2022,1,Trivandrum,Gunmetal non-return valve-horizontal (screwed end ) 32 mm dia,969.9
2022,1,Trivandrum,Gunmetal non-return valve-horizontal (screwed end ) 40 mm dia,708.9
2022,1,Trivandrum,Gunmetal non-return valve-horizontal (screwed end ) 50 mm dia,1058.48
2022,1,Trivandrum,Gunmetal non-return valve-horizontal (screwed end ) 65 mm dia,1872.72
2022,1,Trivandrum,Gunmetal non-return valve-horizontal (screwed end ) 80 mm dia,2662.2
2022,1,Trivandrum,C.I.Sluice valve (with caps) class I : 100 mm dia,3026.34
2022,1,Trivandrum,C.I.Sluice valve (with caps) class I : 125 mm dia,3265.02
2022,1,Trivandrum,C.I.Sluice valve (with caps) class  I : 150 mm dia,4519.62
2022,1,Trivandrum,C.I.Sluice valve (with caps) class I : 200 mm dia,9412.56
2022,1,Trivandrum,C.I.Sluice valve (with caps) class I : 250 mm dia,13778.16
2022,1,Trivandrum,C.I.Sluice valve (with caps) class : 300 mm dia,19449.36
2022,1,Trivandrum,Vitreous China flat back wash basin 630x450 mm,918.0
2022,1,Trivandrum,Vitreous China angle back wash basin 600x480 mm,1621.8
2022,1,Trivandrum,Vitreous china angle back wash basin 400x400 mm,638.24
2022,1,Trivandrum,C.P. brass waste 32 mm,116.85
2022,1,Trivandrum,C.P. brass waste 40 mm,143.84
2022,1,Trivandrum,Vitreous china India type w.c. pan size 580 mm,839.46
2022,1,Trivandrum,Vitreous China orrisa type w.c. pan size 580 mm,1007.16
2022,1,Trivandrum,Vitreous china pedestal type wate closet,1218.8
2022,1,Trivandrum,Bolts and nuts 16 mm dia 60 mm long,25.6
2022,1,Trivandrum,Bolts and nuts 16 mm dia 65 mm long,24.3
2022,1,Trivandrum,Bolts and nuts 20 mm dia 65 mm long,26.3
2022,1,Trivandrum,Bolts and nuts 20 mm dia 70 mm long,27.6
2022,1,Trivandrum,Bolts and nuts 20 mm dia 75 mm long,29.0
2022,1,Trivandrum,Bolts and nuts 20 mm dia 80 mm long,30.3
2022,1,Trivandrum,Bolts and nuts 24 mm dia 85 mm long,40.0
2022,1,Trivandrum,Bolts and nuts 24 mm dia 90 mm long,45.0
2022,1,Trivandrum,Bolts and nuts 27 mm dia 100 mm long,48.0
2022,1,Trivandrum,White vitreous china dual purpose closet (Anglo Indian W.C.) suitable for use as squatting pan or European type water closet as per manufacture's specifications,1858.2
2022,1,Trivandrum,"Floor mounted white vitrous china double trap syphonic WC with 10 litre cistern and all fittings, seat cover etc",11581.48
2022,1,Trivandrum,Vitreous china foot rests 250x125x25 mm,148.17
2022,1,Trivandrum,Fly ash,16.0
2022,1,Trivandrum,Common burnt clay F.P.S. (non modular) bricks tile class designation 10,7694.0
2022,1,Trivandrum,Common burnt clay modular bricks class designation 12.5,7950.0
2022,1,Trivandrum,Carriage of Steam coal,0.0
2022,1,Trivandrum,Carriage of Bricks,0.0
2022,1,Trivandrum,Carriage of Stone aggregate below 40 mm nominal size,0.0
2022,1,Trivandrum,Carriage of Coarse sand,0.0
2022,1,Trivandrum,Carriage of Timber,0.0
2022,1,Trivandrum,Carriage of Steel,0.0
2022,1,Trivandrum,Carriage of Stone aggregate 40 mm nominal size and above,0.0
2022,1,Trivandrum,Carriage of Brick tiles,0.0
2022,1,Trivandrum,Carriage of Lime,0.0
2022,1,Trivandrum,Carriage of Cement,0.0
2022,1,Trivandrum,Carriage of Tar bitumen,0.0
2022,1,Trivandrum,Carriage of Soling stone & masonry stone,0.0
2022,1,Trivandrum,Carriage of Stone blocks white & red sand stone & Kota stone slab,0.0
2022,1,Trivandrum,Carriage of S.W. pipes 100 mm dia,0.0
2022,1,Trivandrum,Carriage of S.W. pipes 150 mm dia,0.0
2022,1,Trivandrum,Carriage of S.W. pipes 200 mm dia,0.0
2022,1,Trivandrum,Carriage of S.W. pipes 250 mm dia,0.0
2022,1,Trivandrum,Carriage of S.W. pipes 300 mm dia,0.0
2022,1,Trivandrum,Carriage of Good earth,0.0
2022,1,Trivandrum,Carriage of Dump manure,0.0
2022,1,Trivandrum,Carriage of Brick aggregate,0.0
2022,1,Trivandrum,Carriage of Fine sand (1 part badarpur sand : 2 parts jamuna sand,0.0
2022,1,Trivandrum,Carriage of  Flyash,0.0
2022,1,Trivandrum,Carriage of Rubbish,251.0
2022,1,Trivandrum,Carriage of Moorum,0.0
2022,1,Trivandrum,Carriage of Surkhi,0.0
2022,1,Trivandrum,Carriage of Stone dust,0.0
2022,1,Trivandrum,Carriage of Marble dust and marble chips,0.0
2022,1,Trivandrum,Carriage of G.I. pipes below 100 mm dia,0.0
2022,1,Trivandrum,Carriage of Stainless Steel pipes below 100 mm dia,0.0
2022,1,Trivandrum,Carriage of A.C. Sheet and accessories,0.0
2022,1,Trivandrum,Carriage of  R.C. C pipes 100 mm dia,0.0
2022,1,Trivandrum,Carriage of R.C.C.Pipes 150 mm dia,0.0
2022,1,Trivandrum,Carriage of R.C.C. Pipes 250 mm dia,0.0
2022,1,Trivandrum,Carriage of R.C.C. Pipes 300 mm dia,0.0
2022,1,Trivandrum,Carriage of R.C.C. Pipes 450 & 500 mm dia,0.0
2022,1,Trivandrum,Carriage of G.I. Sheet and accessories,0.0
2022,1,Trivandrum,"Carriage of R.C.C. Pipes 600,700,750 & 800  mm dia",0.0
2022,1,Trivandrum,Carriage of Plaster of paris,0.0
2022,1,Trivandrum,Carriage of Cast iron fittings,0.0
2022,1,Trivandrum,Carriage of Red bajri,0.0
2022,1,Trivandrum,Carriage of Barbed wire,0.0
2022,1,Trivandrum,Carriage of Sludge,0.0
2022,1,Trivandrum,Carriage of Spun iron S & S pipes 100 mm dia,0.0
2022,1,Trivandrum,Carriage of Spun iron S & S pipes 125 mm dia,0.0
2022,1,Trivandrum,Carriage of Spun iron S & S pipes 150 mm dia,0.0
2022,1,Trivandrum,Carriage of Spun iron S & S pipes 200 mm dia,0.0
2022,1,Trivandrum,Carriage of Spun iron S & S pipes 250 mm dia,0.0
2022,1,Trivandrum,Carriage of Spun iron S & S pipes 300 mm dia,0.0
2022,1,Trivandrum,Carriage of Spun iron S & S pipes 350 mm dia,0.0
2022,1,Trivandrum,Carriage of Spun iron S & S pipes 400 mm dia,0.0
2022,1,Trivandrum,Carriage of Spun iron S & S pipes 450 mm dia,0.0
2022,1,Trivandrum,Carriage of Spun iron S & S pipes 500 mm dia,0.0
2022,1,Trivandrum,Carriage of Spun iron S & S pipes 600 mm dia,0.0
2022,1,Trivandrum,Carriage of C.I. pipes 500 mm dia,0.0
2022,1,Trivandrum,Carriage of R.C.C. pipes 900 mm dia,0.0
2022,1,Trivandrum,Carriage of R.C.C. pipes 1000 mm dia,0.0
2022,1,Trivandrum,Carriage of R.C.C. pipes 1100 mm dia,0.0
2022,1,Trivandrum,Carriage of R.C.C. pipes 1200 mm dia,0.0
2022,1,Trivandrum,Carriage of Jamuna sand,0.0
2022,1,Trivandrum,Carriage of R.C.C. pipe above 1200 mm dia and upto 1800 mm dia,0.0
2022,1,Trivandrum,Carriage of Pig lead,0.0
2022,1,Trivandrum,Carriage of Solvent/ Diesel,0.0
2022,1,Trivandrum,Carriage of Ductile iron pipes (K7) 100 mm dia,0.0
2022,1,Trivandrum,Carriage of Cast iron pipes 150 mm dia,0.0
2022,1,Trivandrum,Carriage of Cast iron pipes 200 mm dia,0.0
2022,1,Trivandrum,Carriage of Cast iron pipes 250 mm dia,0.0
2022,1,Trivandrum,Carriage of Cast iron pipes 300 mm dia,0.0
2022,1,Trivandrum,Carriage of Cast iron pipes 350 mm dia,0.0
2022,1,Trivandrum,Carriage of Cast iron pipes 400 mm dia,0.0
2022,1,Trivandrum,Carriage of Cast iron pipes 450 mm dia,0.0
2022,1,Trivandrum,Carriage of Cast iron pipes 500 mm dia,0.0
2022,1,Trivandrum,Carriage of Cast iron pipes 600 mm dia,0.0
2022,1,Trivandrum,Carriage of Cast iron pipes 700 mm dia,0.0
2022,1,Trivandrum,Carriage of Cast iron pipes 800 mm dia,0.0
2022,1,Trivandrum,Carriage of Cast iron pipes 900 mm dia,0.0
2022,1,Trivandrum,Carriage of Cast iron pipes 1000 mm dia,0.0
2022,1,Trivandrum,Carriage of Bamboo Mat corrugated sheets and accessories,0.0
2022,1,Trivandrum,Strips-Aluminium fluted 3.15 mm thick and 150 mm wide,286.0
2022,1,Trivandrum,Strips-Aluminium fluted 3.15 mm thick and 200 mm wide,419.6
2022,1,Trivandrum,1 mm thick Sstainless Steel Cover plate grade 304,357.3
2022,1,Trivandrum,Coupler 16 mm dia,126.0
2022,1,Trivandrum,Coupler 20 mm dia,130.6
2022,1,Trivandrum,Coupler 25 mm dia,180.3
2022,1,Trivandrum,Coupler 28 mm dia,262.3
2022,1,Trivandrum,Coupler 32 mm dia,320.3
2022,1,Trivandrum,Complete Roof Joint of 100 mm,5535.0
2022,1,Trivandrum,Complete Roof Joint of 150 mm,5914.0
2022,1,Trivandrum,Complete Roof Joint of 200 mm,6159.0
2022,1,Trivandrum,Epoxy adhesive,294.0
2022,1,Trivandrum,Floor Joint of 100 mm,5541.0
2022,1,Trivandrum,Floor Joint of 150 mm,6159.0
2022,1,Trivandrum,Floor Joint of 200 mm,6648.0
2022,1,Trivandrum,Float glass sheet of nominal thickness 4 mm (weight not less than 10 kg/sqm),499.0
2022,1,Trivandrum,Float glass sheet of nominla thickness 5.5 mm (weight not less than 13.50 Kg/ sqm),621.0
2022,1,Trivandrum,Float glass sheet of nominal thickness 8 mm (weight not less than 20.00 kg/sqm),908.0
2022,1,Trivandrum,Wall Joint of 100 mm,4304.0
2022,1,Trivandrum,Wall Joint of 150 mm,4926.0
2022,1,Trivandrum,Wall Joint of 200 mm,5049.0
2022,1,Trivandrum,Play wood 5 play with commericila ply on both faces 6 mm thick,465.0
2022,1,Trivandrum,12 mm commercial ply,736.0
2022,1,Trivandrum,18 mm thick block board with commercial ply veneering on both side,990.0
2022,1,Trivandrum,21 mm thick clear toughened Laminated glass for fins with holes,8082.0
2022,1,Trivandrum,Hollock ballies 125 mm diameter,50.0
2022,1,Trivandrum,"Oxidised mild steel pull bolt lock (locking bolt) of size 85 mm x 42 mm with screws, bolts, nuts and washers complete",66.0
2022,1,Trivandrum,"Brass cupboard lock 6 levers of approved quality, 40 mm size",91.0
2022,1,Trivandrum,"Brass upboard lock 6 levers of approved quality,  50 mm  size",103.0
2022,1,Trivandrum,"Brass cupboard lock 6 levers of approved quality,  65 mm size",110.0
2022,1,Trivandrum,"Brass cupboard lock 6 levers of approved quality,  75 mm size",136.0
2022,1,Trivandrum,Brass hanging type door stopper 150 mm,95.0
2022,1,Trivandrum,Hydraulic door closer bottle type M.S. body with necessary accessories and screw complete,1358.0
2022,1,Trivandrum,Anodised Aluminium hanging type door stopper,38.0
2022,1,Trivandrum,"Anodised Aluminium pull bolt lock (locking bolt) of size 85 mmx42 mm wutg screws, bolts, nuts and washers complete",87.0
2022,1,Trivandrum,Anodised Aluminium Casement stay 250 mm,79.0
2022,1,Trivandrum,Hollock wood in scantling,407.0
2022,1,Trivandrum,"Chromium plated Brass pull bolt lock (locking bolt) of size 85 mmx42 mm with screws, bolts, nuts and washers complete",208.0
2022,1,Trivandrum,Nickeled Chromium Brass cupboard lock 40 mm size,85.0
2022,1,Trivandrum,Nickeled Chromium Brass cupboard lock 50 mm size,97.0
2022,1,Trivandrum,Nickeled Chromium Brass cupboard lock 65 mm size,109.0
2022,1,Trivandrum,Nickeled Chromium Brass cupboard lock 75 mm size,138.0
2022,1,Trivandrum,Ply wood 5 ply with teak ply on both faces 9 mm thick,1271.0
2022,1,Trivandrum,Ply wood 5 ply with teak ply on one faces and commercial ply on another face 9 mm thick,1253.7
2022,1,Trivandrum,Ply wood 75 ply with teak ply on one face and commercial ply on another face 9 mm thick,1311.45
2022,1,Trivandrum,Pre- laminated with decorative lamination on both side exterior Grade - I MDF Board 12 mm thick confirming to IS:14587,1117.2
2022,1,Trivandrum,Pre - laminated with decorative lamination on both side exterior Grade - I MDF Board 18 mm thick confiriming to IS:14587,1353.45
2022,1,Trivandrum,Pre- laminated with decorative lamination side and other side balancing lamination exterior Grade - I MDF Board 25 mm thick confirming to IS: 14587,1593.9
2022,1,Trivandrum,Pre- laminated with decorative lamination side and other side balancing lamination exterior Grade - I MDF Board 12 mm thick Confirming to IS:14587,955.5
2022,1,Trivandrum,Pre-laminated with decorative lamination one side and other side balancing lamination exterior Grade- I MDF Board 18 mm thick confirming to IS:14587,1197.0
2022,1,Trivandrum,PVC edge bending tape 2.00 mm thick,63.0
2022,1,Trivandrum,Pre laminated both side solid foam uPVC profile (45x20mm),196.35
2022,1,Trivandrum,Solid foam uPVC sheet 20mm thick prelaminated on both side,2847.6
2022,1,Trivandrum,PVC edge beading,63.0
2022,1,Trivandrum,Expandable fastner with plastic sleeve,16.8
2022,1,Trivandrum,Cost of Neelgiri/Maxican grass truf sqm,105.0
2022,1,Trivandrum,Extra for selectd planks of second class deodar wood,157.5
2022,1,Trivandrum,Kiln seasoning of timber,971.25
2022,1,Trivandrum,Hollock wood in planks,484.05
2022,1,Trivandrum,Carben Steel galvanised dash fastner (min 5 micron) of 10 mm dia double threaded 608 grade counter sunk head screw comprising of 10 mm dia polyamide PA 6 grade sleave.  Size 10 mm x 60 mm,329.7
2022,1,Trivandrum,Carben Steel galvanised dash fastner (min 5 micron) of 10 mm dia double threaded 6.8 grade counter sunk head screw comprising of 10 mm dia polyamide PA 6 grade sleave.  Size 10 mm x mm,385.35
2022,1,Trivandrum,Carben Steel galvanised dash fastner ( min 5 micron) of 10 mm dia double threaded 6.8 grade counter sunk head screw comprising of 10 mm dia polyamide PA 6 grade sleave.  Size 10 mm x 120 mm,475.65
2022,1,Trivandrum,"Carben steel galvanised dash fastner (min 5 micron) of 10 mm dia double threaded 6.8 grade sleave, Size 10 mm x 140 mm",588.0
2022,1,Trivandrum,Carben Steel galvanised dash fastner ( min 5 micron) of 10 mm dia double threaded 6.8 grade counter sunk head screw comprising of 10 mm dia polyamide PA 6 grade sleave.  Size 10 mm x 160 mm,743.47
2022,1,Trivandrum,Common burnt clay F.P.S. (non modular) bricks class designation 7.5,8373.4
2022,1,Trivandrum,Common burnt clay F.P.S. (non modular) bricks class designation 5.00,7329.0
2022,1,Trivandrum,"Weather/structural non sage elastomeric PU sealant (600ml Sausage) for joints in RCC/ Brick/ Stone/ Wood/ Ceramic/ Gypsum/ Alluminium work complying to ASTM C920, DIN 18540- F & ISO 11600 incl all taxes",699.3
2022,1,Trivandrum,Structural sealant- 6mm x12 mm,71.4
2022,1,Trivandrum,Spacer tape 6.4 mm thick x 6 mm wide,32.55
2022,1,Trivandrum,Weather Sealant - Non Staining (600 ml),626.85
2022,1,Trivandrum,Weather Sealant - Normal (300 ml),234.15
2022,1,Trivandrum,MS Brackets / Aluminium Alloy Brackets,210.0
2022,1,Trivandrum,Silicon Gasket in kg (Above 50 g/m),781.2
2022,1,Trivandrum,EPDM Gasket in kg(Above 60 g / m),259.35
2022,1,Trivandrum,Anchor Fastner - M10,148.05
2022,1,Trivandrum,SS Bolt with washer of sizes for structural glazing / ACP Cladding,53.55
2022,1,Trivandrum,SS Screws of sizes for structural glazing /ACP Cladding,11.55
2022,1,Trivandrum,Protective Tape,42.0
2022,1,Trivandrum,GI flashing - 1.2 mm thick,89.25
2022,1,Trivandrum,6 mm thick High performance glass,2500.05
2022,1,Trivandrum,6 mm thick clear heat strengthened glass,200.55
2022,1,Trivandrum,ARMS GS HD - TOP HUNG -20,2030.7
2022,1,Trivandrum,Connective Block,54.6
2022,1,Trivandrum,Curtain wall striker,136.5
2022,1,Trivandrum,Adjustable Fastening Pawl,50.4
2022,1,Trivandrum,Corner drive,382.2
2022,1,Trivandrum,Top wedge block,179.55
2022,1,Trivandrum,Glass wool Density 48 kg/m3 with Block Glass Tissue (BGT),300.3
2022,1,Trivandrum,SS Screws - #8x19,15.75
2022,1,Trivandrum,Weather Sealant - DC 789,191.1
2022,1,Trivandrum,Cement Board,339.15
2022,1,Trivandrum,Baker rod,11.55
2022,1,Trivandrum,4 mm thick ACP,1861.65
2022,1,Trivandrum,Fire Stop,730.8
2022,1,Trivandrum,GI/Aluminium Sheet (0.8 mm thick),114.45
2022,1,Trivandrum,"GI Screws of guage 10, length 25 mm for fixing cement fibre board to C Section",9.87
2022,1,Trivandrum,"GI Screws of guage 10, length 45 mm for fixing cement fibre board to C Section",9.87
2022,1,Trivandrum,Vapour barrier,224.7
2022,1,Trivandrum,"Clear toughned interlayed, non-wired fire resistant glass panes of minimum 11 mm thickness (120 minutes fire rating)",31022.25
2022,1,Trivandrum,G.I. U beading of 1.6 mm thick G.I. sheet with ceramic tape,315.0
2022,1,Trivandrum,Ceramic tape 5x20 mm size,526.05
2022,1,Trivandrum,Aluminium Strip 40 mm wide and 2 mm thick,294.0
2022,1,Trivandrum,Truf Paver (500 x 500x 40 mm),1413.3
2022,1,Trivandrum,Ceremic Tiles Pieces for Crazy Flooring,181.65
2022,1,Trivandrum,White marble makrana second quality plain veined stone pieces for crazy flooting,185.85
2022,1,Trivandrum,FS800H Grade Flooring Panel (Size 600 mmx600 mmx32 mm),973.35
2022,1,Trivandrum,ZInc Electroplated Pedestals - 300 mm,220.5
2022,1,Trivandrum,Zinc Electroplated Pedestals - 450 mm,263.55
2022,1,Trivandrum,Zinc Electroplated Tube stringer,95.55
2022,1,Trivandrum,Machine Screw for Fixing,4.31
2022,1,Trivandrum,8 mm thick granite stone tiles (mirror polished of all shades),1037.4
2022,1,Trivandrum,8 mm thick marble tiles (polished) Raj Nagar,520.8
2022,1,Trivandrum,Stone Aggregate (Single size): 100 mm nominal size,1789.2
2022,1,Trivandrum,Stone Aggregate (single size) : 80 mm nominal size,1901.55
2022,1,Trivandrum,Stone chippings/ screenings 4.75 mm nominla size,2625.0
2022,1,Trivandrum,Stone chippings/ screenings 150 micron nominal size,2625.0
2022,1,Trivandrum,Over burnt (Jhama) Brick Aggregate: 120 mm to 40 mm size,494.55
2022,1,Trivandrum,Over burnt (jhama) Brick Aggregate: 90 mm to 40 mm siize,520.8
2022,1,Trivandrum,Stone chippings/screenings 12.5/13.2 mm nominal size,2261.7
2022,1,Trivandrum,Stone Chippings/ screenings 10/ 11.2 mm nominal size,2261.7
2022,1,Trivandrum,Solvent,86.1
2022,1,Trivandrum,Paving Asphalt VG-10 of approved quality,48216.0
2022,1,Trivandrum,Polyvinyl chloride sheet 400 micron thick,51.45
2022,1,Trivandrum,Stone ware spouts 100 mm dia 60 cm long,51.45
2022,1,Trivandrum,Galvanised steel corrugated sheets,7875.0
2022,1,Trivandrum,Gunmetal non-return valve-vertical (screwed end)25 mm dia,563.85
2022,1,Trivandrum,Gunmetal non-return valve-vertical (screwed end)32 mm dia,710.85
2022,1,Trivandrum,Gunmetal non-return valve-vertical (screwed end) 40 mm dia,1037.4
2022,1,Trivandrum,Gunmetal non-return valve-vertical (screwed end) 50 mm dia,1467.9
2022,1,Trivandrum,Gunmetal non-return valve-vertical (screwed end) 65 mm dia,2586.15
2022,1,Trivandrum,Vitreous china Surgeon type wash basin of size 660x460 mm,1423.8
2022,1,Trivandrum,"600x120 mm glass shelf with anodised aluminium angle frame, C.P. brass brackets and guard rail of standard size",325.5
2022,1,Trivandrum,Vitreous china flat back wash basin 550x400 mm,864.15
2022,1,Trivandrum,Gunmetal non-return valve-verticlal (screwed end) 80 mm dia,3877.65
2022,1,Trivandrum,C.I. sluice valve (with caps) class II : 100 mm dia,3761.1
2022,1,Trivandrum,C.I. sluice valve (with caps) class II : 125 mm dia,4523.4
2022,1,Trivandrum,C.I. sluice valve (with caps) class II : 150 mm dia,5556.6
2022,1,Trivandrum,C.I. sluice valve (with caps) class II : 200 mm dia,11897.55
2022,1,Trivandrum,C.I. sluice valve (with caps) class II : 250 mm dia,19117.35
2022,1,Trivandrum,C.I. sluice valve (with caps) class II : 300 mm dia,23895.9
2022,1,Trivandrum,15 mm Battery Based Sensor Pillar Cock,7524.3
2022,1,Trivandrum,CP Brass Union 40 mm dia,257.25
2022,1,Trivandrum,"C.C.I. (spun) socketed soil, waste and vent pipe 1.80 metres long : 100 mm dia",1617.0
2022,1,Trivandrum,"C.C.I (spun) socketed soil, waste and vent pipe 1.80 meters long : 75 mm dia",1278.0
2022,1,Trivandrum,S.C.I. S&S bends with access door 100 mm dia,385.2
2022,1,Trivandrum,S.C.I. S&S bends with access door 75 mm dia,318.86
2022,1,Trivandrum,S.C.I. S&S bend 100 mm dia,354.17
2022,1,Trivandrum,S.C.I. S&S bend 75 mm dia,262.15
2022,1,Trivandrum,S.C.I. S&S heel rest sanitary  bend 100 mm dia,396.97
2022,1,Trivandrum,S.C.I S&S heel rest sanitary bend 75 mm dia,335.98
2022,1,Trivandrum,S.C.I. S&S single equal junctions 100x100x100 mm,629.16
2022,1,Trivandrum,S.C.I. S&S single equal junctions 75x75x75 mm,440.84
2022,1,Trivandrum,S.C.I. S&S single equal junctions wtih access door 100x100x100 mm,660.19
2022,1,Trivandrum,S.C.I. S&S single equal junctions with access door 75x75x75 mm,497.55
2022,1,Trivandrum,S.C.I. S&S double equal junctions 100x100x100x100 mm,822.83
2022,1,Trivandrum,S.C.I. S&S double equal junctions 75x75x75x75 mm,616.32
2022,1,Trivandrum,S.C.I. S&S double equal junctions with access door 100x100x100x100 mm,818.55
2022,1,Trivandrum,S.C.I. S&S double equal junctions with access door 75x75x75x75 mm,638.79
2022,1,Trivandrum,S.C.I. S&S single unequal junctions 100x100x75 mm,756.49
2022,1,Trivandrum,S.C.I. S&S single unequal junctions with access door 100x100x75 mm,848.51
2022,1,Trivandrum,S.C.I. S&S double unequal junctions 100x100x75x75 mm,1059.3
2022,1,Trivandrum,S.C.I. S&S double unequal junctions with access door 100x100x75x75,1125.64
2022,1,Trivandrum,S.C.I. S&S single equal invert branch of required degree 100x100x100 mm dia,568.17
2022,1,Trivandrum,S.C.I. S&S single equal invert branch of required degree 75x75x75 mm dia,432.28
2022,1,Trivandrum,S.C.I. S&S double equal invert branch of required degree 100x100x100x100 mm dia,704.06
2022,1,Trivandrum,S.C.I. S&S double equal invert branch of required degree 75x75x75x75 mm dia,568.17
2022,1,Trivandrum,S.C.I. S&S single unequal invert branch of required degree 100x100x75 mm dia,723.32
2022,1,Trivandrum,S.C.I. S&S double unequal invert branch of required degree 100x100x75x75xmm dia,959.79
2022,1,Trivandrum,"S.C.I. S&S, 75 mm offsets for 75 mm dia pipe",301.74
2022,1,Trivandrum,"S.C.I. S&S, 150 mm offset for 75 mm dia pipe",380.92
2022,1,Trivandrum,"S.C.I. S&S, 150 mm offset for 100 mm dia pipe",516.81
2022,1,Trivandrum,"S.C.I. S&S, 114 mm offset for 75 mm dia pipe",399.11
2022,1,Trivandrum,"S.C.I. S&S, 114 mm offset for 100 mm dia pipe",508.79
2022,1,Trivandrum,"S.C.I S&S, 152 mm offset for 75 mm dia pipe",473.69
2022,1,Trivandrum,"S.C.I. S&S, 152 mm offset for 100 mm dia pipe",618.46
2022,1,Trivandrum,"S.C.I. S&S, door peeces 100 mm dia",530.72
2022,1,Trivandrum,"S.C.I. S&S, door pieces 75 mm dia",394.72
2022,1,Trivandrum,"S.C.I. S&S, Slotted Cowl (Terminal Guard) 100 mm",464.92
2022,1,Trivandrum,"S.C.I. S&S, Slotted Cowl (Terminal Guard) 75 mm",399.11
2022,1,Trivandrum,"S.C.I. S&S, collars 100 mm",333.31
2022,1,Trivandrum,"S.C.I. S&S, collars 75 mm",228.02
2022,1,Trivandrum,"S.C.I. S&S, 75 mm offset for 75 mm dia pipe",289.44
2022,1,Trivandrum,"S.C.I. S&S, 75 mm offset for mm dia pipe",482.46
2022,1,Trivandrum,Vitreous china toilet paper holder of standard size,188.5
2022,1,Trivandrum,560 mm dia cover with frame (Heavy duty),11074.0
2022,1,Trivandrum,560 mm dia cover without frame (Heavy duty),6154.0
2022,1,Trivandrum,"Galvanized iron (1.6 +/- 0.2 mm) thick reinforcement for small series casement window/ door frame, sash, mulion & small series sliding window frame",91.3
2022,1,Trivandrum,"Galvanized iron (1.6 +/- 0.2mm) thick reinforcement for big series casement window/ door frame, sash mullion & small series sliding window frame",98.0
2022,1,Trivandrum,Galvanized iron (1.6 +/- 0.2mm) thick reinforcement for big series casement door sash,126.0
2022,1,Trivandrum,Galvanized iron (1.6 +/- 0.2mm) thick reinforcement for big series sliding window/ door sash,124.0
2022,1,Trivandrum,G. I fasteners 100 x 8 mm,35.0
2022,1,Trivandrum,Stainless steel (Grade - 304) hollow section round/square tubes,349.0
2022,1,Trivandrum,Stainless steel bolts /square bar and plates,178.0
2022,1,Trivandrum,Pressed steel door fames (mild steel sheet 1.60 mm ) Profile,355.0
2022,1,Trivandrum,Mild steel tubes hot finished welded type,94.0
2022,1,Trivandrum,Mild steel tubes hot finished seamless type,100.0
2022,1,Trivandrum,Mild steel tubes electric resistant or induction butt welded,105.6
2022,1,Trivandrum,Circular C.I. Bok for ceiling fan,88.0
2022,1,Trivandrum,Pulley 40 mm dia,43.66
2022,1,Trivandrum,Aluminium primer,154.0
2022,1,Trivandrum,Red oxide Zinc chromate primer,162.0
2022,1,Trivandrum,Copper acetate,375.0
2022,1,Trivandrum,Hydrochloric acid,51.0
2022,1,Trivandrum,Copper chloride,375.0
2022,1,Trivandrum,Copper nitrate,277.0
2022,1,Trivandrum,Ammonium chloride,33.0
2022,1,Trivandrum,Mobil oil,355.0
2022,1,Trivandrum,ss pipe 304 grades with press fit technology as per JIS 3448 Standard 48.60 mm outer dia,847.0
2022,1,Trivandrum,Coloured inter locking C.C. paver block,660.0
2022,1,Trivandrum,White marble slab Makrana second quality plain veined 18 mm thick,2343.0
2022,1,Trivandrum,Pink marble slab plain 18 mm thick,802.0
2022,1,Trivandrum,Udaypur green marble slab plain 18 mm thick,990.0
2022,1,Trivandrum,Black Zebra Marble slab plain 18 mm thick,744.0
2022,1,Trivandrum,Sand zone V (jamina),1400.0
2022,1,Trivandrum,Brass 100 mm mortice latch and lock with 6 levers without pair of handles,373.0
2022,1,Trivandrum,Pair Anodised Aluminium lever handles for 100 mm mortice latch and lock,413.33
2022,1,Trivandrum,Vitreous china flat back wash basin 450x300 mm,685.36
2022,1,Trivandrum,Vitreous china 10 litres low level cistern without fittings,1037.92
2022,1,Trivandrum,Vitreous china 10 litres low level cistern with fittings,1719.12
2022,1,Trivandrum,F.P.S. (non modular) clay fly ash bricks class designation 7.5,6850.0
2022,1,Trivandrum,12.5 mm thick tapered edge gypsum plain board,258.96
2022,1,Trivandrum,Galvanised Steel celling section (size 80x26x0.50 mm),62.4
2022,1,Trivandrum,Galvanised Steel perimetre Channel (Size 20x27x30x0.50 mm),46.8
2022,1,Trivandrum,Galvanised Steel intermediate Channel (Size 15x45x15x0.90 mm),61.36
2022,1,Trivandrum,Galvanised Steel angle hanger (Celling angle) (Size 25x10x0.50 mm),37.44
2022,1,Trivandrum,Galvanised Steel connecting clips (2.64 dia and 230 mm long GI wire),11.44
2022,1,Trivandrum,Galvanised Steel soffit cleat (Size 27x37x25x0.60 mm),10.4
2022,1,Trivandrum,Joint filler,40.0
2022,1,Trivandrum,Joint finisher,43.0
2022,1,Trivandrum,Joint tape roll,211.0
2022,1,Trivandrum,Dash fastener/chemical Fastener,27.0
2022,1,Trivandrum,All drive screws (for gypsum board),80.0
2022,1,Trivandrum,Primer (for gypsum board),114.0
2022,1,Trivandrum,Chlorpyriphos 20% E.C. / Lindane 20% E.C.,211.0
2022,1,Trivandrum,Chromium plated brackets (curtain rods),16.0
2022,1,Trivandrum,Acid Proof cement,10031.0
2022,1,Trivandrum,Self tapping pan head nickel coated mild steel screws of size 13 x 3.2 mm,684.0
2022,1,Trivandrum,Fibre joint tape 50 mm wide (90 metre) roll,217.0
2022,1,Trivandrum,M.S. Butt hinges 125x90x4 mm,152.0
2022,1,Trivandrum,12.5 mm thick Fully Perforated gypsum board,1152.0
2022,1,Trivandrum,Galvanised wire mesh of average width of aperture 1.4 and nominal dia. of wire 0.63 mm,311.5
2022,1,Trivandrum,12.5 mm thick tapered edge gypsum fire resistant board,298.0
2022,1,Trivandrum,12.5 mm thick tapered edge gypsum moisture resistant board,344.5
2022,1,Trivandrum,Frosted glass sheet or nominal thickness 4 mm (weighing not less than 10 kg/sqm),445.4
2022,1,Trivandrum,Nickel plated M.S. pipe 25 mm dia.,104.6
2022,1,Trivandrum,Nickel plated M.S. pipe 20 mm dia,95.8
2022,1,Trivandrum,Nickel palted M.S. Brackets for curtain rod 20 mm,14.0
2022,1,Trivandrum,Nickel plated M.S. Bracekts for curtain rod 25 mm,16.0
2022,1,Trivandrum,Oxidised mild steel screws 35 mm,73.7
2022,1,Trivandrum,Mild steel conduit pipe (heavy type) ISI Marked-20 mm dia.,95.0
2022,1,Trivandrum,Mild steel conduit pipe (heavy type) ISI Marked-25 mm dia,97.0
2022,1,Trivandrum,Rolling shutters of 80x0.90 mm laths,1645.0
2022,1,Trivandrum,Rolling shutters of 80x1.2 mm laths,1810.0
2022,1,Trivandrum,Top cover of Rolling shutters 0.90 mm thick,417.0
2022,1,Trivandrum,Top cover of Rolling shutters 1.20 mm thick,457.0
2022,1,Trivandrum,Rawl plug 50 mm (designation 10 nos),19.3
2022,1,Trivandrum,Teak wood lipping of size 25x3 mm in pelmets,35.66
2022,1,Trivandrum,PU Primer,68.0
2022,1,Trivandrum,40 mm (average) PU spray having 40-45 kg/m3 density,580.0
2022,1,Trivandrum,GI wire netting 3/4,36.0
2022,1,Trivandrum,400 G polythene sheet,23.73
2022,1,Trivandrum,Flat pressed 3 layer and graded particle board (medium density) Grade 1 Conforming to IS : 3087-18 mm thick,590.0
2022,1,Trivandrum,Almonium tee channel (heavy duty) with rollers and stop end,65.66
2022,1,Trivandrum,Aluminium hanging floor door stopper with twin rubber & stopper,85.33
2022,1,Trivandrum,Hydraulic door closer tubular type Aluminium section body,1035.0
2022,1,Trivandrum,Oxidised M.S. casement stay (straight peg type) 300 mm not less than 0.33 kg,39.66
2022,1,Trivandrum,Oxidised M.S. casement stay (straight peg type) 250 mm not less than 0.28 kg,37.0
2022,1,Trivandrum,Oxidised M.S. casement stay (straight peg type)200 mm not less than 0.24 kg,26.0
2022,1,Trivandrum,Extra for providing grilled rolling shutters with 8 mm dia M.S. rod,335.33
2022,1,Trivandrum,Chequered precast cement concrete tiles 22 mm thck using marble chips of size 6 mm - light shade using white cement,490.0
2022,1,Trivandrum,White marble Raj Nagar plain 18 mm thick upto 0.50 sqm area,895.0
2022,1,Trivandrum,Wall mounted water closet,7500.0
2022,1,Trivandrum,Adjustable Vetrious China Cistern with fittings,3800.0
2022,1,Trivandrum,White Vetrious China Waterless Urinal,16500.0
2022,1,Trivandrum,Cistern with fittings for Waterless Urinal,3850.0
2022,1,Trivandrum,White Vetrious Urinal,6000.0
2022,1,Trivandrum,"Acid and alkali resistant tiles 300x300 mm size, 10 mm thick",732.16
2022,1,Trivandrum,S.C.I. Tee 150 mm,770.64
2022,1,Trivandrum,Expanded polystyrene type N- Normal,169.52
2022,1,Trivandrum,Expanded polystyrene type - SE,204.67
2022,1,Trivandrum,Stainless steel kitchen sink - with drain board bowl depth 250 mm,6398.37
2022,1,Trivandrum,Stainless steel kitchen sink - with drain board 510x 1040 mm bowl depth 225 mm.,5258.67
2022,1,Trivandrum,Stainless steel kitchen sink - with drain board 510 x 1040 mm bowl,4916.08
2022,1,Trivandrum,Stainless steel kitchen sink - with drain board 510 x 1040 mm bowl depth 178 mm,4292.41
2022,1,Trivandrum,Stainless steel kitchen sink - without drain board 610x510 mm bowl depth 200 mm,3088.8
2022,1,Trivandrum,Stainless steel kitchen sink - without drain board 610x460 mm bowl depth 200 mm,2659.28
2022,1,Trivandrum,Stainless steel kitchen sink - without drain board 470x420 mm bowl depth 178 mm,2169.44
2022,1,Trivandrum,Coloured Orissa pattern W.C. pan 580x440 mm,1693.12
2022,1,Trivandrum,Coloured Pedestal type W.C. pan 580x440 mm (European type),1539.2
2022,1,Trivandrum,Coloured Vitreous china 10 lit. low level cistern,2221.44
2022,1,Trivandrum,Coloured (other than black)solid P.V.C. seat in European W.C. pan,566.17
2022,1,Trivandrum,Circular shape 450 mm dia Mirror with Plastic moulded frame,583.44
2022,1,Trivandrum,Rectangular shape 453x357 mm Mirror with Plastic moulded frame,413.92
2022,1,Trivandrum,Oval shape 450x350 mm (outer dimension) Mirror with Plastic moulded fame,550.16
2022,1,Trivandrum,Rectangular shape 1500x450 mm Mirror with Plastic moulded frame,1027.52
2022,1,Trivandrum,Hard board 6 mm thick,179.92
2022,1,Trivandrum,Semi Rigid PVC waste pipe for sink and wash basin 32 mm dia with length not less than 700 mm i/c PVC waste fittings,44.48
2022,1,Trivandrum,Semi Rigid PVC waste pipe for sink and wash basin 40 mm dia with length not less than 700 mm i/c PVC waste fittings,56.18
2022,1,Trivandrum,Flexible (coil shaped) PVC waste pipe for sink and wash basin 32 mm dia with length not less than 700 mm i/c PVC waste fittings,46.8
2022,1,Trivandrum,Flexible (coil shaped) PVC waste pipe for sink and wash basin 40 mm dia with length not less than 700 mm i/c PVC waste fittings,50.96
2022,1,Trivandrum,Bottle Traop,941.2
2022,1,Trivandrum,CP Brass Single lever telephonic wall mixer of approved make,5119.92
2022,1,Trivandrum,Coloured High density polyethylene/poly propylene 10 lit. (full flush) capacity controlled low level flushing cistern with fittings,755.14
2022,1,Trivandrum,White Vitreous china 10 lit. (full flush) capacity controlled low level flushing cistern with all fittings,1110.1
2022,1,Trivandrum,Coloured Vitreous china 10 lit. (full flush) capacity controlled low level flushing cistern with all fittings,1547.52
2022,1,Trivandrum,S.W. intercepting trap 100 mm dia,246.48
2022,1,Trivandrum,S.W. intercepting trap 150 mm dia,322.4
2022,1,Trivandrum,Rectangular shape 600x 450 mm precast R.C.C. manhole cover with frame - L.D. - 25,941.2
2022,1,Trivandrum,Square shape 450x450 mm precast R.C.C. manhole cover with frame - L.D. -25,1026.48
2022,1,Trivandrum,Circular shape 450 mm dia precast R.C.C. manhole cover with frame L.D. -25,855.92
2022,1,Trivandrum,Rectangular shape 500x500 mm precast R.C.C. manhole cover with frame - M.D.-10,943.28
2022,1,Trivandrum,Circular shape 500 mm dia precast R.C.C. manhole cover with frame - M.D. 1 10,855.92
2022,1,Trivandrum,Circular shape 560 mm dia precast R.C.C.manhole cover with frame - H.D. - 20,1302.08
2022,1,Trivandrum,Circular shape 560 mm thick shutters with frame E.H.D. -35,1579.76
2022,1,Trivandrum,"Factory made 35 mm thick shutters with laminated veneer lumber styles & rails as per TADS 15:1995 and panels of 12 mm thick plain type-I, medium density flat pressed three layer, graded particle board (FPT -I) as per IS:3087 bonded with  BWP type",2258.88
2022,1,Trivandrum,"Factory made 35 mm thick shutters with laminated veneer lumber styles & rails as per TADS 15:1995 and panels of 12 mm thick both sides prelaminated type - I, medium density flat pressed three layer, graded particle board (FPT - I) as per IS:3087 bonded with BWP type synthetic resin adhesive, as per IS:848",2419.04
2022,1,Trivandrum,"Factory made 35 mm thick shutters with laqminated veneer lumber styles & rails as per TADS 15:1995 and panels of 12 mm thick on e side prelaminated type-I, and other side balancing lamination, medium density flat pressed three layer, graded particle board (FPT-I) as per IS: 3087 bonded with BWP type synthetic resin adhesive, as per IS: 848",2620.8
2022,1,Trivandrum,Factory made 30 mm thick shutters with laminated veneer lumbers styles & rails as per TADS 15:1995 and panels of sheet glass using 10 kg/sqm glass panes,2204.8
2022,1,Trivandrum,Factory made 35 mm thck shutters with laminated veneer lumber styles & rails as per TADS 15:1995 and panels of galvanised wire of dia average width of aperture 1.4 mm in both directions with wire of dia 0.63 mm,2198.0
2022,1,Trivandrum,Factory made 30 mm thick shutters with laminated veneer lumber styles & rauks as oer TADS 15:1995 and panels of galvanised wire gauge with average width of aperture 1.4 mm in both direction with wire of dia 0.63 mm,1965.39
2022,1,Trivandrum,"Laminated veneer lumber confirming to TADS 15:1995 manufactured in factory in frames of doors, windows",941.2
2022,1,Trivandrum,Chemical ASTMC- type I,164.32
2022,1,Trivandrum,C.I. pile shoe,66.56
2022,1,Trivandrum,M.S. clamps for pile shoe,63.44
2022,1,Trivandrum,Bentonite,4314.96
2022,1,Trivandrum,Oxidised M.S. safety chain (weighing not less than 450 gms) for door,81.12
2022,1,Trivandrum,"C.I. grating 150 mm dia, weighing not less than 440 gm",36.4
2022,1,Trivandrum,uPVC pipes (working pressure 4 kg /cm2 ) Single socketed pipe 75 mm dia,93.8
2022,1,Trivandrum,uPVC pipes (working pressure 4 Kg / cm2 ) Single socketed pipe 110 mm dia,172.6
2022,1,Trivandrum,uPVC pipes (working pressure 4 kg/cm 2) Rubber  (seal) Ring 75 mm dia,28.0
2022,1,Trivandrum,uPVC pipes (working pressure 4 kg/cm2) Rubber (seal) Ring 110 mm dia,35.0
2022,1,Trivandrum,"uPVC coupler for uPVC drainage pipes 75 ,mm",40.66
2022,1,Trivandrum,uPVC coupler for uPVC drainage pipes 110 mm,67.66
2022,1,Trivandrum,uPVC pushfit coupler (single) 75 mm thick,32.0
2022,1,Trivandrum,uPVC Pushfit coupler (single) 110 mm thick,48.0
2022,1,Trivandrum,uPVC single equal Tee (without door) 75x75x75 mm,62.0
2022,1,Trivandrum,uPVC single equal Tee (without door) 110x110x110 mm,109.0
2022,1,Trivandrum,uPVC single equal Tee (with door) 75x75x75 mm,80.0
2022,1,Trivandrum,uPVC single equal Tee (with door) 110x110x110 mmmm,126.0
2022,1,Trivandrum,"uPVC bend 87.50, 75 mm bend",52.0
2022,1,Trivandrum,"UPVCbend 87.50, 110 mm bend",84.0
2022,1,Trivandrum,UPVC plain shoe 75 mm bend,39.4
2022,1,Trivandrum,UPVC plain shoe 110 mm bend,69.0
2022,1,Trivandrum,UPVC pipe clip 75 mm bend,31.0
2022,1,Trivandrum,UPVC pipe clip 110 mm bend,50.0
2022,1,Trivandrum,Resin bonded Glass wool 16 kg/m3 50 mm thick,149.0
2022,1,Trivandrum,Resin Bonded Glass wool 24 kg/m3 50 mm thick,209.0
2022,1,Trivandrum,Fibre glass tissue reinforcemet type II Grade I,121.0
2022,1,Trivandrum,Precast chequered cement tiles 22 mm thick Dark shade using ordinary cement,400.0
2022,1,Trivandrum,Precast chequered cement tiles 22 mm thick medium shade using 50% white cement 50% ordinary cement,550.0
2022,1,Trivandrum,High Allbedo paint,335.0
2022,1,Trivandrum,Epoxy paint,530.0
2022,1,Trivandrum,Fire retardant paint,400.0
2022,1,Trivandrum,Melamine polish,500.0
2022,1,Trivandrum,Table rubbed polished stone 18 mm thick (75x50 cm) Agaria Marble stone - 18 mm thick,1900.0
2022,1,Trivandrum,Table rubbed polished stone 18 mm thick (75x50cm) Granite stone - 18mm thick,2511.0
2022,1,Trivandrum,Vertical load testing (INITIAL) of pipes in accordance with IS : 2911 (Part - IV) including installation of loading platform and preparation of pile head or construction of test cap and dismantling of test cap after test etc. complete as per specification and up to 50 MT capacity pile,52000.0
2022,1,Trivandrum,Vertical load testing (INITIAL) of piles in accordance with IS : 2911(Part -IV) including installation of loading platform and preparation of pile head or construction of test cap and dismantling of test cap after test etc. compete as per specification & above 50MT and up to 100 MT,73000.0
2022,1,Trivandrum,Vertical load testing (INIGIAL) pf piles in accordance with IS : 2911 (PART-IV) including installation of loading platform and preparation of pile head or construction of test cap and dismantling of test cap after test etc. complete as per specification & group of two ro more up to 50 MT,82000.0
2022,1,Trivandrum,Cyclic vertical load testing of piles in accordance with IS : 2911 (Part-IV) including prepartion of pile head etv. for Single pile above 50 tonne capacity pile and up to 100 tonnecapacity pile,20925.0
2022,1,Trivandrum,Cyclic vertical load testing of piles in accordance with IS : 2911(Part-IV) including preparation of pile head etc. for Single pile above 50 tonne capacity pile and up to 100 tonnecapacity pile,32085.0
2022,1,Trivandrum,Cyclic vertical load testing of piles in accoraance with IS : 2911 ( Part - IV) including preparation of pile head etc. for Group of two piles up to 50 tonne capacity each,41152.0
2022,1,Trivandrum,Lateral load testing of single pile in accordance with IS : 2911 part -IV for detemining safe allowable lateral load load on pile. up to 50 tonne capacity,20925.0
2022,1,Trivandrum,Lateral load testing of single pile in accordance with IS : 2911 part - IV for detemining safe allowable lateral load on pile. Above 50 tonne capacity,32922.0
2022,1,Trivandrum,Hardening compound,56.0
2022,1,Trivandrum,Road Marking paint (spirit based),167.0
2022,1,Trivandrum,Superior quality road marking paint (water based),210.0
2022,1,Trivandrum,C.P.Brass bibcock 15 mm,523.0
2022,1,Trivandrum,C.P. Brass long nose bibcock 15 mm,550.0
2022,1,Trivandrum,C.P. Brass long body bibcock 15 mm,680.0
2022,1,Trivandrum,C.P. Brass stop cock (concealed) 15 mm,700.0
2022,1,Trivandrum,C.P. Brass angle valve 15 mm,400.0
2022,1,Trivandrum,Pressed clay tiles 20 mm thick 250 x 250 mm size,14100.0
2022,1,Trivandrum,Plain ceiling tiles (BWP type phenol formaldehyde synthetic resin bonded) 600x600x12 mm),175.0
2022,1,Trivandrum,Semi perforated ceiling tiles (600x600x12 mm),170.0
2022,1,Trivandrum,25 mm thick particle board,670.0
2022,1,Trivandrum,30 mm thick prelaminated flush door shutter,1186.0
2022,1,Trivandrum,IInd class teak wood lipping 25 mm wide x 12 mm thick,60.0
2022,1,Trivandrum,25 mm thick melamine faced prelaminated three layer particle board,1311.0
2022,1,Trivandrum,Resin Bonded Rockwool 48kg/m3,294.0
2022,1,Trivandrum,Glass wool 50 mm thick,345.0
2022,1,Trivandrum,Waste plastic additive,53613.0
2022,1,Trivandrum,Chemical ASTMC -type II,237.0
2022,1,Trivandrum,"Granite of any colour, 18 mm thick (slab area upto 0.50 sqm)",2300.0
2022,1,Trivandrum,"Granite of any colour,30 mm thick (slab area up to 0.50 sqm)",3150.0
2022,1,Trivandrum,"Granite of any colour, 18 mm thick (slab area above 0.50 sqm)",2790.0
2022,1,Trivandrum,Aluminium T or L Sections,280.0
2022,1,Trivandrum,For flush door shutters Extra for providing teak veneering on one side instead of commercial veneering,476.0
2022,1,Trivandrum,"Expandable fastener with plastic sleeve and M.S.screws, 25 mm long",14.0
2022,1,Trivandrum,"Expandable fastener with plastic sleeve and M.S.screws, 32 mm long",15.0
2022,1,Trivandrum,"Expandable fastener with plastic sleeve and M.S. screws, 40 mm long",19.0
2022,1,Trivandrum,"Expandable fastener with plastic sleeve and M.S. screws, 50 mm long",21.0
2022,1,Trivandrum,Plasticizer / super plasticizer,120.0
2022,1,Trivandrum,wall form panel 1250x500 mm,1465.0
2022,1,Trivandrum,Tie bolt 12 mm dia 100 mm length,70.0
2022,1,Trivandrum,Tie bolt 12 mm dia 150 mm length,84.0
2022,1,Trivandrum,Tie bolt 20 mm dia 150 mm length,105.0
2022,1,Trivandrum,Tile bolt 20 mm dia 225 mm length,125.0
2022,1,Trivandrum,Spring coil 12 mm,22.0
2022,1,Trivandrum,Plastic cone 12 mm dia,25.0
2022,1,Trivandrum,Corner angle 45x45x5 mm 1.50 m long,418.0
2022,1,Trivandrum,100 mm channel shoulder 2.5 m long,1618.0
2022,1,Trivandrum,Double clip (bridge clip),135.0
2022,1,Trivandrum,Single clip,107.0
2022,1,Trivandrum,M.S. Tube 40 mm dia,395.0
2022,1,Trivandrum,Wall form panel 1250x450xmm,1451.0
2022,1,Trivandrum,Corner angle 45x45x5 mm 2.50 long,474.0
2022,1,Trivandrum,Column clamp 450x1070 mm,1702.0
2022,1,Trivandrum,Prop 2 m (2-3.5m),1158.0
2022,1,Trivandrum,Binding wire,88.0
2022,1,Trivandrum,Lock Bar (E 250) - 10 thick MS Plate,101.0
2022,1,Trivandrum,Gun metal cramp,460.0
2022,1,Trivandrum,Stainless steel cramp,479.0
2022,1,Trivandrum,Stainless steel pin,266.0
2022,1,Trivandrum,Adjustable span ESO+SI (2.35-3.40),2650.0
2022,1,Trivandrum,Adjustable telescopic prop 3 m (2.02-3.75m),1674.0
2022,1,Trivandrum,Beam clamp 300-380 mm (450-1070 mm),589.0
2022,1,Trivandrum,Prop 4 m,1632.0
2022,1,Trivandrum,Double coupler,77.0
2022,1,Trivandrum,Cadmium plated full threaded steel screws (30x4 mm dia.),39.0
2022,1,Trivandrum,Aluminium washer 2 mm thick 15 mm dia,14.0
2022,1,Trivandrum,12 mm M.S. 'U' beading,21.0
2022,1,Trivandrum,Plastic encapsulated  M.S. foor rest 30x20x15 cm,160.0
2022,1,Trivandrum,"Flushing Cistern P.V.C. 10 lts capacity (low level) (white) (with fittings, accessories  and flush pipe)",893.0
2022,1,Trivandrum,P.V.C. automatic flushing cistern 5 lts capacity,684.0
2022,1,Trivandrum,P.V.C. Automatic flushing cistern  10 lts capacity,739.0
2022,1,Trivandrum,15 mm C.P. brass tap with elbow operation lever,1220.0
2022,1,Trivandrum,White glazed fire clay draining board 600x450x25 mm,767.0
2022,1,Trivandrum,Glass reinforced Gypsum (GRG) board 12.5 mm thick,345.0
2022,1,Trivandrum,Galvanised M.S. sheet 0.5 mm thick pressed channel section of size 50x32 mm,85.0
2022,1,Trivandrum,GFRG Panel of 124 mm thick,1130.0
2022,1,Trivandrum,Galvanised M.S. sheet 0.50 mm thick pressed stud. 48x34x36 mm,105.0
2022,1,Trivandrum,G.I. flush pipe and C.P. brass spreader including C.P. connecting pipe Single lipped urinal,649.0
2022,1,Trivandrum,G.I. flush pipe and C.P. brass spreader including C.P. connecting pipe Range of two lipped urinals,1465.0
2022,1,Trivandrum,G.I. flush pipe and C.P. brass spreader including C.P. connecting pipe Range of three lipped urinals,1744.0
2022,1,Trivandrum,G.I. flush pipe and C.P. brass spreader including C.P. connecting pipe Range of four lipped urinals,2650.0
2022,1,Trivandrum,White vitreous china clay half stall urinal flat back 580x380x350 mm or angle back 450x375x350 mm with waste fittings as per IS: 2556,2500.0
2022,1,Trivandrum,Precast R.C.C. grating with frame 500x450 mm horizontal grating,907.0
2022,1,Trivandrum,Precast R.C.C. grating with frame 450x100 mm vertical grating,453.0
2022,1,Trivandrum,12 mm dia 50 mm long wedge type expanded zinc alloy dash fastener,10.0
2022,1,Trivandrum,3 mm thick translucent white acrylic plastic sheet,795.0
2022,1,Trivandrum,12 mm thick particle board ceiling tile,400.0
2022,1,Trivandrum,Spigot for standard jointing,63.0
2022,1,Trivandrum,"Dash hold fastener 12.5 mm dia, 50 mm long with 6 mm dia bolt",70.0
2022,1,Trivandrum,Anodising 15 microns on aluminium sections,57.0
2022,1,Trivandrum,Neoprene / EPDM rubber gasket,37.0
2022,1,Trivandrum,Anodising 25 microns on aluminium sections,71.0
2022,1,Trivandrum,Powder coating 50 microns on aluminium sections,90.0
2022,1,Trivandrum,Polyester powder coating 50 microns on aluminium sections,98.0
2022,1,Trivandrum,Double action hydraulic floor spring with stainless steel cover plate,2162.0
2022,1,Trivandrum,6 mm dia. G.I adjustable hangers including clips (up to 1.2 m length),39.0
2022,1,Trivandrum,Double action hydraulic floor spring with brass cover plate,2371.0
2022,1,Trivandrum,Base Jack,251.0
2022,1,Trivandrum,Challies,1116.0
2022,1,Trivandrum,Cup locks,112.0
2022,1,Trivandrum,15 mm PTMT bib cock,135.0
2022,1,Trivandrum,15 mm PTMT bib cock with flange (fancy),175.0
2022,1,Trivandrum,15 mm PTMT bib cock long body with flange,185.0
2022,1,Trivandrum,15 mm PTMT bib stop cock (male thread),130.0
2022,1,Trivandrum,20 mm dia. PTMT bib stop cock,190.0
2022,1,Trivandrum,PTMT pillar cock,215.0
2022,1,Trivandrum,PTMT push cock 15 mm dia,126.0
2022,1,Trivandrum,PTMT push cock 12 mm dia 20 mm BSP,112.0
2022,1,Trivandrum,PTMT grating 100 mm dia,65.0
2022,1,Trivandrum,PTMT Pillar cock (fancy) 15 mm foam flow,230.0
2022,1,Trivandrum,125 mm grating with waste hole,85.0
2022,1,Trivandrum,Rectangular type with openable circular lid 150 mm size 18 mm high with 100 mm dia (110 gm),170.0
2022,1,Trivandrum,Double acting air valve 50 mm,5580.0
2022,1,Trivandrum,Double acting air valve 80 mm,7254.0
2022,1,Trivandrum,Double acting air valve 100 mm,9486.0
2022,1,Trivandrum,Water meter (including testing charges) 80 mm,2971.0
2022,1,Trivandrum,Water meter (including testing charges)  150 mm,4603.0
2022,1,Trivandrum,Water meter (including testing charges) 150 mm,6975.0
2022,1,Trivandrum,Water meter (including testing charges) 200 mm,7533.0
2022,1,Trivandrum,Dirt box strainer 80 mm,3920.0
2022,1,Trivandrum,Dirt box strainer 100 mm,6389.0
2022,1,Trivandrum,Dirt box strainer 150 mm,8105.0
2022,1,Trivandrum,Dirt box strainer 200 mm,11509.0
2022,1,Trivandrum,Cat's eye,251.0
2022,1,Trivandrum,"Water stops Serrated with central bulb (225 mm wide, 8-11 mm thick)",579.0
2022,1,Trivandrum,Water stops Dumb bell with central bulb,544.0
2022,1,Trivandrum,Kickers,523.0
2022,1,Trivandrum,Wedge expansion hold fastener 1/4 or 6 mm,19.0
2022,1,Trivandrum,Wedge expansion hold fastener 3/8 or 10 mm,21.0
2022,1,Trivandrum,Wedge expansion hold fastener 1/2,39.0
2022,1,Trivandrum,8 mm thick (mirror polished tiles machine cut edge) Raj Nagar white,697.0
2022,1,Trivandrum,Wheel 75 mm dia. 40 mm wide,91.0
2022,1,Trivandrum,Aluminium single cleat of size 30x32x3 mm,19.0
2022,1,Trivandrum,Aluminium grip strip of 50x12x2 mm,16.0
2022,1,Trivandrum,25 mm thick prelaminated flush door shutter both side decorative,1159.0
2022,1,Trivandrum,Aluminium U beading,309.0
2022,1,Trivandrum,Glass sheet (pin headed ) 4 mm thick,420.0
2022,1,Trivandrum,Raj nagar plain white marble (table rubbed add polished ) 18 mm thick (slab area upto 0.50 sqm),907.0
2022,1,Trivandrum,Raj nagar plain white marble (table rubbed and polished ) 18 mm thick (slab area more than 0.50 sqm),1047.0
2022,1,Trivandrum,Second class deodar teak wood lipping 30 mm wide x 12 mm thick,42.0
2022,1,Trivandrum,Veneered particle board with commercial veneering on both sides 12 mm thick,725.0
2022,1,Trivandrum,"Prelaminated particle board with one side decorative and other side balancing lamination, flat pressed 3 layer & graded (medium density) Grade I, Type II conforming to IS:12823 (exterior grade) 12 mm thick",850.0
2022,1,Trivandrum,"Prelaminated particle board with one side decorative and other side balancing lamination, flat pressed 3 layer & graded (medium density) Grade I, Type II conforming to IS:12823 (exterior grade) 18 mm thick",1000.0
2022,1,Trivandrum,"Prelaminated particle board with one side decorative and other side balancing lamination, flat pressed 3 layer & graded (medium density) Grade I, Type II conforming to IS:12823 (exterior grade) 25 mm thick",1100.0
2022,1,Trivandrum,"Prelaminated particle board with both side decorative lamination, flat pressed 3 layer & grade ( medium density ) Grade I, Type II conforming to IS: 12823 (exterior grade) 12 mm thick",900.0
2022,1,Trivandrum,Oxidised M.S. hinges finished with nickel plating 50 mm (Pver all width),59.0
2022,1,Trivandrum,Oxidised M.S. hinges finished with nickel plating 65 mm (Over all width),75.0
2022,1,Trivandrum,PTMT - Waste Coupling 31/32 mm,80.0
2022,1,Trivandrum,PTMT - Waste Coupling 38/40 mm,110.0
2022,1,Trivandrum,PTMT - Bottle Trap 31/32 mm,448.0
2022,1,Trivandrum,PTMT - Bottle Trap 38/40 mm,481.0
2022,1,Trivandrum,PTMT - Ball Cock 15 mm Complete with Epoxy Coated Aluminium Rod & H.D. Ball,187.0
2022,1,Trivandrum,PTMT - Ball Cock 120 mm Complete with Epoxy Coated Aluminium Rod & H.D. Ball,272.0
2022,1,Trivandrum,PTMT - Ball Cock 25 mm Complete with Epoxy Coated Aluminium Rod & H.D. Ball,582.0
2022,1,Trivandrum,PTMT - Ball Cock 40 mm Complete with Epoxy Coated Aluminium Rod & H.D. Ball,1089.0
2022,1,Trivandrum,PTMT - Ball Cock 50 mm Complete with Epoxy Coated Aluminium Rod & H.D. Ball,1604.0
2022,1,Trivandrum,PTMT - Angle Stope cock with Flange 15 mm,135.0
2022,1,Trivandrum,PTMT - Swiveling shower 15 mm,180.0
2022,1,Trivandrum,PTMT - Liquid Soap Container of 400 ml capacity,202.0
2022,1,Trivandrum,PTMT - Towel Ring 215x200x37 mm,218.0
2022,1,Trivandrum,PTMT - Towel Rail (450 mm),205.0
2022,1,Trivandrum,PTMT - Towel Rail (600 mm),290.0
2022,1,Trivandrum,PTMT - Shelf 450x124x36 mm,360.0
2022,1,Trivandrum,PTMT - Urinal Spreader 15 mm,180.0
2022,1,Trivandrum,PTMT - Soap Dish/Holder 138x102x75 mm,140.0
2022,1,Trivandrum,PTMT - handle 125x34x24 mm,40.0
2022,1,Trivandrum,PTMT - handle150x34x24 mm,47.0
2022,1,Trivandrum,PTMT - butt hinges 75x60x10 mm,68.0
2022,1,Trivandrum,PTMT - butt hinges 100x75x10 mm,78.0
2022,1,Trivandrum,PTMT - Tower bolt 152x42x18 mm,50.0
2022,1,Trivandrum,PTMT - Tower bolt 202x42x18 mm,115.0
2022,1,Trivandrum,PTMT - door catcher 72x42 mm,53.0
2022,1,Trivandrum,Coir veneered board 4 mm thick,450.0
2022,1,Trivandrum,Coir veneered board 6  mm thick,572.0
2022,1,Trivandrum,Coir veneered board 12 mm thick,1008.0
2022,1,Trivandrum,Coir veneered board 18 mm thick,1580.0
2022,1,Trivandrum,Hubless centrifugally cast (spun) iron pipes as per IS 15905 - 100 mm dia (3000 mm length pipe),1023.0
2022,1,Trivandrum,Hubless centrifugally cast (spun) iron pipes as per IS 15905 - 75 mm dia (3000 mm length pipe),837.0
2022,1,Trivandrum,Hubless centrifugally cast (spun) iron plain bend as per IS 15905 - 100 mm dia,342.0
2022,1,Trivandrum,Hubless centrifugally cast (spun) iron plain bend as per IS 15905 - 75 mm dia,240.0
2022,1,Trivandrum,Hubless centrifugally cast (spun) iron double equal plain junction as per IS 15905 - 100x100x100x100 mm dia,745.0
2022,1,Trivandrum,Hubless centrifugally cast (spun) iron double equal plain junction as per IS 15905 - 75x75x75x75 mm dia,400.0
2022,1,Trivandrum,Hubless centrifugally cast (Spun) iron single equal plain junction as per IS 15905 - 100x100x100 mm dia,577.0
2022,1,Trivandrum,Hubless centrifugally cast (Spun) iron single equal plain junction as per IS 15905 - 75x75x75 mm dia,320.0
2022,1,Trivandrum,Hubless centrifugally cast (spun) iron double unequal plain junction as per IS 15905 - 100x100x75x75 mm dia,590.0
2022,1,Trivandrum,Hubless centrifugally cast (Spun) iron single unequal plain junction as per IS 15905 - 100x100x75 mm dia,549.0
2022,1,Trivandrum,Hubless centrifugally cast (spun) irong double equal plain invert branch as per IS 15905 - 100x100x100x100 mm dia,916.0
2022,1,Trivandrum,Hubless centrifugally cast (spun) iron single equal plain invert branch as per 15905 - 100x100x100 mm dia,579.0
2022,1,Trivandrum,Hubless centrifugally cast (spun) iron single equal plain invert branch as per IS 15905 - 75x75x75 mm dia,381.0
2022,1,Trivandrum,Hubless centrifugally cast (Spun) iron single unequal plain invert branch 45 degree as per IS 15905 - 100x100x75 mm dia,632.0
2022,1,Trivandrum,Hubless centrifugally cast (spun) iron 65 mm offset with 100 mm dia pipe as per IS 15905,530.0
2022,1,Trivandrum,Hubless centrifugally cast (Spun) iron 65 mm offset with 75 mm dia pipe as per IS 15905,432.0
2022,1,Trivandrum,Hubless centrifugally cast (Spun) iron 130 mm offset with 100 mm dia pipe per IS 15905,642.0
2022,1,Trivandrum,Hubless centrifugally cast (Spun) iron 130 mm offset with 75 mm dia pipe per IS 15905,456.0
2022,1,Trivandrum,Hubless centrifugally cast (Spun) iron bend with acess door - 100 mm dia as per 15905,423.0
2022,1,Trivandrum,Hubless centrifugally cast (spun) iron terminal guard (slotted cowl) - 100 mm dia as per IS 15905,395.0
2022,1,Trivandrum,Hubless centrifugally cast (spun) iron trap with 100 mm inlet and 100 mm outlet as per IS 15905,786.0
2022,1,Trivandrum,Hubless centrifugally cast (spun) iron trap with 100 mm inlet and 75 mm outlet as per IS 15905,567.0
2022,1,Trivandrum,SS 304 grade shielded coupling with EPDM rubber gasket for 100 mm dia Hubless centrifugally cast (spun) iron,405.0
2022,1,Trivandrum,SS 304 grade shielded coupling with EPDM rubber gasket for 75 mm dia Hubless centrifugally cast (spun) iron,367.0
2022,1,Trivandrum,Ductile Iron class K - 9 pipe Conforming to I.S. 8329 100 mm dia,1116.0
2022,1,Trivandrum,Ductile Iron class K - 9 pipe Conforming to I.S. 8329 150 mm dia,1674.0
2022,1,Trivandrum,Ductile Iron class K - 9 pipe Conforming to I.S. 8329 mm dia,2302.0
2022,1,Trivandrum,Ductile Iron class K - 9 pipe Conforming to I.S. 8329 - 250 mm dia,3208.0
2022,1,Trivandrum,Ductile Iron class K - 9 pipe Conforming to I.S. 8329 - 300 mm dia,3990.0
2022,1,Trivandrum,Ductile Iron class K - 9 pipe Conforming to I.S. 8329 - 350 mm dia,4896.0
2022,1,Trivandrum,Ductile Iron class K - 9 pipe Conforming to I.S. 8329 - 400 mm dia,6277.0
2022,1,Trivandrum,Ductile Iron class K - 9 pipe Conforming to I.S. 8329- 450 mm dia,7254.0
2022,1,Trivandrum,Ductile Iron class K - 9 pipe Conforming to I.S. 8329 - 500 mm dia,9180.0
2022,1,Trivandrum,Ductile Iron class K - 9 pipe Conforming to I.S. 8329 - 600 mm dia,11062.0
2022,1,Trivandrum,Ductile Iron class K - 9 pipe Conforming to I.S. 8329 - 700 mm dia,15345.0
2022,1,Trivandrum,Ductile Iron class K - 9 pipe Conforming to I.S. 8329 - 750 mm dia,16600.0
2022,1,Trivandrum,Ductile Iron class K - 9 pipe Conforming to I.S. 8329 - 800 mm dia,16740.0
2022,1,Trivandrum,Ductile Iron class K - 9 pipe Conforming to I.S. 8329 - 900 mm dia,20227.0
2022,1,Trivandrum,Ductile Iron class K - 9 pipe Conforming to I.S. 8329 -1000 mm dia,22738.0
2022,1,Trivandrum,Rubber Gaskets conforming to I.S. 5382 of S.B.R quality 100 mm dia,42.0
2022,1,Trivandrum,Rubber Gaskets conforming to I.S. 5382 of S.B.R quality  150 mm dia,53.0
2022,1,Trivandrum,Rubber Gaskets conforming to I.S. 5382 of S.B.R quality 200 mm dia,98.0
2022,1,Trivandrum,Rubber Gaskets conforming to I.S. 5382 of S.B.R quality 250  mm dia,109.0
2022,1,Trivandrum,Rubber Gaskets conforming to I.S. 5382 of S.B.R quality 300  mm dia,160.0
2022,1,Trivandrum,Rubber Gaskets conforming to I.S. 5382 of S.B.R quality 350 mm dia,184.0
2022,1,Trivandrum,Rubber Gaskets conforming to I.S. 5382 of S.B.R quality 400  mm dia,335.0
2022,1,Trivandrum,Rubber Gaskets conforming to I.S. 5382 of S.B.R quality 450  mm dia,391.0
2022,1,Trivandrum,Rubber Gaskets conforming to I.S. 5382 of S.B.R quality 500 mm dia,425.0
2022,1,Trivandrum,Rubber Gaskets conforming to I.S. 5382 of S.B.R quality 600 mm dia,530.0
2022,1,Trivandrum,Rubber Gaskets conforming to I.S. 5382 of S.B.R quality 700 mm dia,802.0
2022,1,Trivandrum,Rubber Gaskets conforming to I.S. 5382 of S.B.R quality 750 mm dia,963.0
2022,1,Trivandrum,Rubber Gaskets conforming to I.S. 5382 of S.B.R quality 800 mm dia,1060.0
2022,1,Trivandrum,Rubber Gaskets conforming to I.S. 5382 of S.B.R quality 900 mm dia,1395.0
2022,1,Trivandrum,Rubber Gaskets conforming to I.S. 5382 of S.B.R quality 1000 mm dia,1674.0
2022,1,Trivandrum,Ductile Iron K-12 specials suitable for push on jointing upto 600 mm dia,18135.0
2022,1,Trivandrum,Ductile Iron K-12 specials suitable for push on jointing over 600 mm dia,25110.0
2022,1,Trivandrum,Ductile Iron specials suitable for mechanical jointing as per I.S. 9523 utp 600 mm dia,19111.0
2022,1,Trivandrum,Ductile Iron specials suitable for mechanical jointing as per I.S. 9523 upto 600 mm dia,27412.0
2022,1,Trivandrum,Ductile Iron Pipe Class K-9 flanges and welding 100 mm dia,3041.0
2022,1,Trivandrum,Ductile Iron Pipe Class K-9 flanges and welding 150 mm dia,4882.0
2022,1,Trivandrum,Ductile Iron Pipe Class K-9 flanges and welding 200 mm dia,5733.0
2022,1,Trivandrum,Ductile Iron Pipe Class K-9 flanges and welding 250 mm dia,4778.0
2022,1,Trivandrum,Ductile Iron Pipe Class K-9 flanges and welding 300 mm dia,9709.0
2022,1,Trivandrum,Ductile Iron Pipe Class K-9 flanges and welding 350 mm dia,12276.0
2022,1,Trivandrum,Ductile Iron Pipe Class K-9 flanges and welding 400 mm dia,14801.0
2022,1,Trivandrum,Ductile Iron Pipe Class K-9 flanges and welding 450 mm dia,17996.0
2022,1,Trivandrum,Ductile Iron Pipe Class K-9 flanges and welding 500 mm dia,21064.0
2022,1,Trivandrum,Ductile Iron Pipe Class K-9 flanges and welding 600 mm dia,28779.0
2022,1,Trivandrum,Ductile Iron Pipe Class K-9 flanges and welding 700 mm dia,35712.0
2022,1,Trivandrum,S&S Centrifugally (Spun) C.I. Pipe class LA 100 mm dia,1256.0
2022,1,Trivandrum,S&S Centrifugally (Spun) C.I. Pipe class LA 125 mm dia,1562.0
2022,1,Trivandrum,S&S Centrifugally (Spun) C.I. Pipe class LA 150 mm dia,1883.0
2022,1,Trivandrum,S&S Centrifugally (Spun) C.I. Pipe class LA 200 mm dia,3208.0
2022,1,Trivandrum,S&S Centrifugally (Spun) C.I. Pipe class LA 250 mm dia,4185.0
2022,1,Trivandrum,S&S Centrifugally (Spun) C.I. Pipe class LA 300 mm dia,5650.0
2022,1,Trivandrum,S&S Centrifugally (Spun) C.I. Pipe class LA  350 mm dia,6766.0
2022,1,Trivandrum,S&S Centrifugally (Spun) C.I. Pipe class LA 400 mm dia,8928.0
2022,1,Trivandrum,S&S Centrifugally (Spun) C.I. Pipe class LA 450 mm dia,10811.0
2022,1,Trivandrum,S&S Centrifugally (Spun) C.I. Pipe class LA 500 mm dia,12555.0
2022,1,Trivandrum,S&S Centrifugally (Spun) C.I. Pipe class LA 600 mm dia,17570.0
2022,1,Trivandrum,S&S Centrifugally (Spun) C.I. Pipe specials as per IS 1538 suitable for lead jointing up to 300 mm dia,7700.0
2022,1,Trivandrum,S&S Centrifugally (Spun) C.I. Pipe specials as per IS 1538 suitable for lead jointing over  300 mm dia,11439.0
2022,1,Trivandrum,S&S Centrifugally (Spun) C.I. Pipe specials suitable for mechanical joint as per I.S. 13382 up to 300 mm dia,12555.0
2022,1,Trivandrum,S & S Centrifugally (SPUN) C.I. Pipe Specials suitable for mechanical joint as per IS 13382 over 300 mm dia,13252.0
2022,1,Trivandrum,Screwed double flanged centrifugally cast (spun) C.I Pipe pf Class B confroming to I.S. 1536.- 100 mm dia,1918.0
2022,1,Trivandrum,"Screwed double flanged centrifugally cast (spun) C.I. Pipe of Class B conforming to I.S. 1536, - 150 mm dia",2999.0
2022,1,Trivandrum,Screwed double flanged centrifugally cast (spun) C.I. Pipe of Class B conforming to I.S. 1536 - 200 mm dia,4743.0
2022,1,Trivandrum,"Screwed double flanged centrifugally cast (spun) C.I. Pipe of Class B conforming to I.S. 1536, - 250 mm dia",5719.0
2022,1,Trivandrum,"Screwed double flanged centrifugally cast (spun) C.I. Pipe of Class B conforming to I.S. 1536, - 300 mm dia",7310.0
2022,1,Trivandrum,"Screwed double flanged centrifugally cast (spun) C.I. Pipe of Class B conforming to I.S. 1536, - 350 mm dia",9207.0
2022,1,Trivandrum,"Screwed double flanged centrifugally cast (spun) C.I. Pipe of Class B conforming to I.S. 1536, - 400 mm dia",11927.0
2022,1,Trivandrum,"Screwed double flanged centrifugally cast (spun) C.I. Pipe of Class B conforming to I.S. 1536, - 450 mm dia",15205.0
2022,1,Trivandrum,"Screwed double flanged centrifugally cast (spun) C.I. Pipe of Class B conforming to I.S. 1536, - 500 mm dia",18916.0
2022,1,Trivandrum,"Screwed double flanged centrifugally cast (spun) C.I. Pipe of Class B conforming to I.S. 1536, - 600 mm dia",26226.0
2022,1,Trivandrum,Ductile Iron Class K- 7 pipe conforming to I.S.8329 - 100 mm dia,1100.0
2022,1,Trivandrum,Ductile Iron Class K - 7 pipe conforming to I.S. 8329 - 150 mm dia,1562.0
2022,1,Trivandrum,Ductile Iron Class K - 7 pipe conforming to I.S. 8329 - 200 mm dia,2162.0
2022,1,Trivandrum,Ductile Iron Class K - 7 pipe conforming to I.S. 8329 - 250 mm dia,2929.0
2022,1,Trivandrum,Ductile Iron Class K - 7 pipe conforming to I.S. 8329 - 300 mm dia,4045.0
2022,1,Trivandrum,Ductile Iron Class K - 7 pipe conforming to I.S. 8329 - 350 mm dia,4806.0
2022,1,Trivandrum,Ductile Iron Class K - 7 pipe conforming to I.S. 8329 - 400 mm dia,5601.0
2022,1,Trivandrum,Ductile Iron Class K - 7 pipe conforming to I.S. 8329 - 450 mm dia,6768.0
2022,1,Trivandrum,Ductile Iron Class K - 7 pipe conforming to I.S. 8329 - 500 mm dia,8000.0
2022,1,Trivandrum,Ductile Iron Class K - 7 pipe conforming to I.S. 8329 - 600 mm dia,10435.0
2022,1,Trivandrum,Ductile Iron Class K - 7 pipe conforming to I.S. 8329 - 700 mm dia,13410.0
2022,1,Trivandrum,Ductile Iron Class K - 7 pipe conforming to I.S. 8329 - 800 mm dia,16879.0
2022,1,Trivandrum,Ductile Iron Class K - 7 pipe conforming to I.S. 8329 - 900 mm dia,22418.0
2022,1,Trivandrum,Ductile Iron Class K - 7 pipe conforming to I.S. 8329 - 1000 mm dia,23760.0
2022,1,Trivandrum,Extruded burnt flyash clay sewer bricks conforming to I.S. 4885,7533.0
2022,1,Trivandrum,Fly ash lime bricks (FALG Bricks) conforming to I.S. 12894,6556.0
2022,1,Trivandrum,Calcium Silicate Bricks machine moulded confirming to I.S. 4139,6975.0
2022,1,Trivandrum,Modified Bitumen Refinery produced CRMB - 55,57055.0
2022,1,Trivandrum,Modified Bitumen Refinery produced CRMB - 60,56916.0
2022,1,Trivandrum,M.S. Pipe 150 mm dia casing pipe,1479.0
2022,1,Trivandrum,M.S. pipe 200 mm dia casing pipe,1813.0
2022,1,Trivandrum,PVC blind pipe 150 mm dia as per IS: 12818,697.0
2022,1,Trivandrum,PVC blind pipe 200 mm dia as pe IS: 12818,1046.0
2022,1,Trivandrum,M.S. cap 150 mm dia,223.0
2022,1,Trivandrum,M.S. cap 200 mm dia,279.0
2022,1,Trivandrum,M.S. bail plug 150 mm dia,279.0
2022,1,Trivandrum,M.S. bail plug 200 mm dia,307.0
2022,1,Trivandrum,PVC slotted pipe 150 mm dia as per IS: 12818,628.0
2022,1,Trivandrum,PVC slotted pipe 200 mm dia as per IS: 12818,976.0
2022,1,Trivandrum,Boulder 50 mm to 200 mm,980.0
2022,1,Trivandrum,Gravel 5 mm to 10 mm,976.0
2022,1,Trivandrum,Gravel 1.5 mm to 2 mm,907.0
2022,1,Trivandrum,Gravel 3 mm to 6 mm,949.0
2022,1,Trivandrum,M.S. pipe 100 mm dia casing pipe,1074.0
2022,1,Trivandrum,uPVC blind pipe 100 mm dia as per IS: 12818,502.0
2022,1,Trivandrum,uPVC slotted pipe 100 mm dia as per IS: 12818,530.0
2022,1,Trivandrum,M.S. cap 100 mm dia,181.0
2022,1,Trivandrum,M.S. bail plug 100 mm dia,223.0
2022,1,Trivandrum,Precast R.C.C. perforated slab,1116.0
2022,1,Trivandrum,Water supply tanker of 5000 litre capacity,1116.0
2022,1,Trivandrum,M.S. socket 100 mm dia,251.0
2022,1,Trivandrum,M.S. socket 150 mm dia,307.0
2022,1,Trivandrum,M.S. socket 200 mm dia,391.0
2022,1,Trivandrum,Stone cleaning chemical approved by ASI,230.0
2022,1,Trivandrum,Water epellent chemical approved by ASI,2214.0
2022,1,Trivandrum,Stone surface strengthening chemical approved by ASI,1423.0
2022,1,Trivandrum,Turpentine oil,100.0
2022,1,Trivandrum,Liquid Amonia 5%,224.0
2022,1,Trivandrum,Pea Gravel,1046.0
2022,1,Trivandrum,Coloured inter locking C.C. paver Block,621.0
2022,1,Trivandrum,Stone size 10x10x7.50cm,15.0
2022,1,Trivandrum,Sodium pentachlorophenate,879.0
2022,1,Trivandrum,Concrete paver block of grade M-30 made of C&D waste (60mm thickness),430.0
2022,1,Trivandrum,"Ceramic Glazed Tiles Ist quality minimum thickness 5 mm in all colours shades and designs except burgundy, bottle green black",350.0
2022,1,Trivandrum,"Ceramic Glazed Tiles Ist quality 300 x 300 mm in all shades and designs of White, Ivory, grey, Fume Red brown etc.",350.0
2022,1,Trivandrum,"Ceramic Glazed Tiles Ist quality 300 x 300 mm in all shades designs except White, Ivory, Fume Red Brown etc.",420.0
2022,1,Trivandrum,"Rectified - Ceramic Glazed Tiles Ist quality 300 x 300 mm or more in all shades designs White, Ivory, Grey, Fume Red Brown etc",753.0
2022,1,Trivandrum,Salem Stainless steel AISI - 304 (18/8) Orrisa pattern W.C. pan 724 mm x 578 mm,5301.0
2022,1,Trivandrum,Salem Stainless steel AISI - 304 (18/8) Round basin 405 mm X 355 mm,2000.0
2022,1,Trivandrum,Salem Stainless steel AISI - 304 (18/8) Wash basin 530 mm X 345 mm,2200.0
2022,1,Trivandrum,Centrifugally cast (spun) iron S&S 100 mm inlet and 100 mm outlet,609.0
2022,1,Trivandrum,Centrifugally cast (spun) iron S & S 100 mm inlet and 75 mm outlet,651.0
2022,1,Trivandrum,Agaria White marble slab plain 18 mm thick,1350.0
2022,1,Trivandrum,P.T.M.T. Grating square Slit 150 mm,110.0
2022,1,Trivandrum,P.T.M.T. Urinal cock 15 mm dia,170.0
2022,1,Trivandrum,P.T.M.T. Bib cock with nozzle 15 mm,215.0
2022,1,Trivandrum,P.T.M.T. Stop cock (concealed ) 15 mm,220.0
2022,1,Trivandrum,15 mm nominal bore and 30 cm length PVC connection pipe with P.T.M.T. Nuts,46.0
2022,1,Trivandrum,15 mm nominal bore and 45 cm length PVC connection pipe with P.T.M.T. Nuts,66.0
2022,1,Trivandrum,P.T.M.T. extension nipple 15 mm,50.0
2022,1,Trivandrum,P.T.M.T. extension nipple 20 mm,62.0
2022,1,Trivandrum,P.T.M.T. extension nipple 25 mm,90.0
2022,1,Trivandrum,Tactile tile,1355.0
2022,1,Trivandrum,Matt finished vitrified tile 100x100 x16 mm,1355.0
2022,1,Trivandrum,Vitrified tile,725.0
2022,1,Trivandrum,Modular common burnt clay bricks of class designation 7.5,9000.0
2022,1,Trivandrum,Machine moulded perforated common burnt clay FPS (non modular) bricks of class designation 12.5,7800.0
2022,1,Trivandrum,Machine moulded common burnt clay modular perforated bricks of class designation 12.5,7800.0
2022,1,Trivandrum,Machine moulded common burnt clay FPS (non modular) bricks of class designation 12.5,9500.0
2022,1,Trivandrum,Machine moulded common burnt clay tile bricks of class designation 12.5,6975.0
2022,1,Trivandrum,Chemical Rust Remover,279.0
2022,1,Trivandrum,Hire charges of Drill machine upto 30 mm dia,209.0
2022,1,Trivandrum,Epoxy,772.0
2022,1,Trivandrum,SBR Polymer,251.0
2022,1,Trivandrum,Woven PVC Cloth,37.0
2022,1,Trivandrum,Hire charges of sand blasting equipment,563.0
2022,1,Trivandrum,Hire charges of compressure,842.0
2022,1,Trivandrum,25 mm thick cement concrete shotcrete(guniting) with compressor,140.0
2022,1,Trivandrum,50 mm thick cement concrete shotcrete (guniting) with compressor,223.0
2022,1,Trivandrum,75 mm thick cement concrete shotcrete (guniting) with compressor,372.0
2022,1,Trivandrum,Adhesive chemical,55.0
2022,1,Trivandrum,Bit of drilling machine for Hole upto 30 mm dia,665.0
2022,1,Trivandrum,"GI injection nipple 12mm dia, 75mm long",56.0
2022,1,Trivandrum,Blowing compressed air for cleaning holes upto 30mm dia,14.0
2022,1,Trivandrum,"L shaped 100mm long, 10mm dia mild steel shear key",93.0
2022,1,Trivandrum,Welding charges of shear key to existing reinforcement,4.65
2022,1,Trivandrum,Acrylic Polymer chemical for cracks,85.0
2022,1,Trivandrum,"Hire charges of Plant and machinery, it can inject - 350 Kg/day",350.0
2022,1,Trivandrum,Shear loops (6mm dia GI wire rope) (For vertical joints) 6 nos on each side,256.0
2022,1,Trivandrum,dowel tubes (Corrugated GI pipes 50 to 80mm dia) (For horizontal joints),160.0
2022,1,Trivandrum,Hooks for lifting (Alloy steel) having 2.5 tonne capacity,335.0
2022,1,Trivandrum,"Factory made EPS light weight composite sandwitched wall/roof
panel (50mm thick) having core material of EPS granule balls/beads
(conforming to IS 4671:1984 and shall have density not less than
15kg per cum). The outer face on both sides of the panels will be non
asbestos fiber cement board confirming to IS 14862:2000 or Calcium
silicate board confirming to EN 14306:2009 of 5mm thick each.",990.0
2022,1,Trivandrum,"Factory made EPS light weight composite sandwitched wall/roof
panel (60mm thick) having core material of EPS granule balls/beads
(conforming to IS 4671:1984 and shall have density not less than
15kg per cum). The outer face on both sides of the panels will be non
asbestos fiber cement board confirming to IS 14862:2000 or Calcium
silicate board confirming to EN 14306:2009 of 5mm thick each",1140.0
2022,1,Trivandrum,"Factory made EPS light weight composite sandwitched wall/roof
panel (75mm thick) having core material of EPS granule balls/beads
(conforming to IS 4671:1984 and shall have density not less than
15kg per cum). The outer face on both sides of the panels will be non
asbestos fiber cement board confirming to IS 14862:2000 or Calcium",1398.0
2022,1,Trivandrum,"Factory made EPS light weight composite sandwitched wall/roof
panel (90mm thick) having core material of EPS granule balls/beads
(conforming to IS 4671:1984 and shall have density not less than
15kg per cum). The outer face on both sides of the panels will be non
asbestos fiber cement board confirming to IS 14862:2000 or Calcium
silicate board confirming to EN 14306:2009 of 5mm thick each",1695.0
2022,1,Trivandrum,"Factory made EPS light weight composite sandwitched wall/roof
panel (100mm thick) having core material of EPS granule balls/beads
(conforming to IS 4671:1984 and shall have density not less than
15kg per cum). The outer face on both sides of the panels will be non
asbestos fiber cement board confirming to IS 14862:2000 or Calcium
silicate board confirming to EN 14306:2009 of 5mm thick each",2030.0
2022,1,Trivandrum,"24 mm thick Factory made shutters with styles, rails and panels of PVC extruded sections in white, grey or wooden finish",2999.0
2022,1,Trivandrum,"30 mm thick Factory made shutters with styles, rails and panels of PVC extruded sections in white, grey or wooden finish",3139.0
2022,1,Trivandrum,Factory made PVC rigid foam panelled shutter i/c carriage,2999.0
2022,1,Trivandrum,Factory made PVC rigid foam panelled shutter as per IS: 4020 i/c  carriage,3557.0
2022,1,Trivandrum,Factory made PVC rigid foam sheet 1 mm thick,260.0
2022,1,Trivandrum,Factory made PVC rigid foam sheet 5 mm thick,883.0
2022,1,Trivandrum,Factory made prelaminated PVC rigid foam sheet 5 mm thick,1051.0
2022,1,Trivandrum,"48 mm X40 mmX1.5 mm thick Factory made door frame of PVC extruded sections in white, grey or wooden finish",209.0
2022,1,Trivandrum,Factory made door frame PVC extruded sheet i/c  carriage,488.0
2022,1,Trivandrum,Adhesive solvent cement,232.0
2022,1,Trivandrum,"Factory made EPS Core wallpanel/ roof panel sandwiched between two Engineered welded wire fabric mesh of 3 mm dia G.I. wire mesh, with 50 mm pitch in both the directions, kept at 120-135 mm gap and interconnected by the zig zag G.I. wire of 3 mm dia at alternate row by welding",2316.0
2022,1,Trivandrum,Factory made door frame size 50x47 mm with wall thickness 5 mm made of single piece extruded profile,683.0
2022,1,Trivandrum,Expanded poly ethylene Foam sheet 4 mm thick of Density 40Kg/m3,23.0
2022,1,Trivandrum,High Density expanded poly ethylene (EPE) foam 1mm thick,14.0
2022,1,Trivandrum,Fire rated door frame made with 1.6 mm thick G.I sheet (120 minutes fire rating),1334.0
2022,1,Trivandrum,Fire rated door shutter made with 1.6 mm thick G.I sheet (120 minutes fire rating) including hinges (without glass panels),7021.0
2022,1,Trivandrum,GI sheet 0.8 mm thick confirming to IS 277:1992,100.0
2022,1,Trivandrum,"Factory made EPS Core wall panel /roof panel sandwiched between
two Engineered welded wire fabric mesh of 3 mm dia G.I. wire mesh,
with 50 mm pitch in both the directions, connected by G.I. wire of
3mm dia at alternate row by welding",805.0
2022,1,Trivandrum,Bamboo wood Tile flooring 14mm thick of minimum size 1800mm X 130 mm,5301.0
2022,1,Trivandrum,Bamboo wood Quarter round 18 mm thick of size 1900mm x 18 mm,177.0
2022,1,Trivandrum,Bamboo wood door reducer 14 mm thick of size 1900 mm x 44mm,386.0
2022,1,Trivandrum,Bamboo wood skirting 14mm thick of size 1900mm x 85 mm,456.0
2022,1,Trivandrum,Bamboo wood tile wall cladding 10mm thick of size 1900mm x 135mm,4738.0
2022,1,Trivandrum,Bamboo wood T-mold 14mm thick of size 1900mm x 44mm,386.0
2022,1,Trivandrum,Bamboo wood Threshold 14mm thick of size 1900mm x 44mm,386.0
2022,1,Trivandrum,Bamboo wood shutter of doors,2530.0
2022,1,Trivandrum,Bamboo wood panelling (10mm thick),2530.0
2022,1,Trivandrum,Superior class Bamboo wood door frame 65 mm thick,2530.0
2022,1,Trivandrum,"Aluminium sheets Grade 5052, 4 mm thick for wall panel/deck panel/ WRB panel/ Kicker panels/ door closing panels (for form work)",11937.0
2022,1,Trivandrum,"Aluminium sheed Grad 5052, 4 mm thick for Internal corner/ Columns corners / (for Form work)",15414.0
2022,1,Trivandrum,"Aluminium sheets Grade 5052, 4 mm thick for Mid Soldier/ End soldier (For form work)",44933.0
2022,1,Trivandrum,External corner 2050 mm,1967.0
2022,1,Trivandrum,External corner 825 mm,795.0
2022,1,Trivandrum,Soldier tie 370 mm,386.0
2022,1,Trivandrum,Adjustable prop-2.0x2.0 m,1516.0
2022,1,Trivandrum,Pin -50,23.0
2022,1,Trivandrum,Pin - 127,74.0
2022,1,Trivandrum,Wedge,19.0
2022,1,Trivandrum,Wall tie -150 (355 mm,65.0
2022,1,Trivandrum,Polythene Sleeve 90x150 mm,4.65
2022,1,Trivandrum,Polythene Rool - 150 mm long,9.0
2022,1,Trivandrum,Vertical soldier - 1100 mm,493.0
2022,1,Trivandrum,Wall attchyed bracket 600x100 mm,1316.0
2022,1,Trivandrum,Allignment Pipe - 3.00 Mtr.,1348.0
2022,1,Trivandrum,Allignment Bracket,632.0
2022,1,Trivandrum,Tie rod fr bracket - 500 mm,153.0
2022,1,Trivandrum,Anchor wing nut  100 mm,84.0
2022,1,Trivandrum,Debit Pin - 250 mm,79.0
2022,1,Trivandrum,PVC pipe - 20 mm -150 mm long,87.0
2022,1,Trivandrum,PVC cone,9.0
2022,1,Trivandrum,Bold+Nut - 16 x 80 mm,42.0
2022,1,Trivandrum,"Flat washer 16, 3 mm thick",9.0
2022,1,Trivandrum,Bolt +Nut - 16 x30 mm,23.0
2022,1,Trivandrum,Door spacer 45x45x5 -1135mm long,479.0
2022,1,Trivandrum,Door spacer 45x45x5x-985 mm  long,414.0
2022,1,Trivandrum,Powder coated M.S. butt hinges 100 mm X58 mm X 1.9 mm,120.0
2022,1,Trivandrum,SS ball bearing of sizw 100x89x3 mm,423.0
2022,1,Trivandrum,Zinc alloy (white powder coated ) 3D hinges for uPVC door,637.0
2022,1,Trivandrum,"Zinc alloy (white powder coated ) handles with zinc plated mild steel multi point locking having transmission gear, cylinder with keeps and one side key for uPVC casement door",2809.0
2022,1,Trivandrum,Zinc alloy (white powder coated) handles along with zinc plated mild steel multi point locking having transmission gear with keeps for uPVC sliding window,1335.0
2022,1,Trivandrum,Zinc alloy (white powder coated) handles with key along with zinc plated mild steel multi point locking having transmission gear with keeps for uPVC sliding door,1614.0
2022,1,Trivandrum,uPVC extruded (Small series) casement window frame size 47x50mm,349.0
2022,1,Trivandrum,uPVC extruded (small series) casement window sash/window mullion size 47x68mm,377.0
2022,1,Trivandrum,uPVC extruded glazing bead of appropriate dimension for small series casement window sash,126.0
2022,1,Trivandrum,u PVC extruded (Big series) casement window frame size 67x60mm,502.0
2022,1,Trivandrum,u PVC extruded (Big series) casement door frame size 67x60mm,521.0
2022,1,Trivandrum,uPVC extruded (big series) casement window sash/window mullion/ door mullion size 67x80 mm,595.0
2022,1,Trivandrum,uPVC extruded (big series) casement door sash size 67x11 mm,772.0
2022,1,Trivandrum,uPVC extruded glazing bead of appropriate dimension for big series casemtne window/door sash,158.0
2022,1,Trivandrum,uPVC extruded glazing bead of appropriate dimension for small series sliding window sash,79.0
2022,1,Trivandrum,uPVC extruded glazing bead of appropriate dimension for big series of sliding window/ door sash,116.0
2022,1,Trivandrum,uPVC extruded (small series) 2 track sliding window frame size 52x44mm,377.0
2022,1,Trivandrum,uPVC extruded (big series) 2 track sliding window /door frame size 67x50 mm,516.0
2022,1,Trivandrum,uPVC extruded (Small series) 3 track sliding window frame size 92x44 mm,507.0
2022,1,Trivandrum,uPVC extruded (big series) 3 track sliding window/door frame size 116x45 mm,707.0
2022,1,Trivandrum,uPVc extruded (small series) 2 track sliding window sash/ 3 track sliding window sash size 32x60 mm,353.0
2022,1,Trivandrum,uPVC extruded (Big series) 2 track sliding window sash size 46x62 mm,437.0
2022,1,Trivandrum,uPVC extruded (big series) 3 track sliding window sash size 46x62 mm,437.0
2022,1,Trivandrum,uPVC extruded interlock of appropriate dimension for small series sliding window sash,107.0
2022,1,Trivandrum,uPVC extruded interlock of appropriate dimension for small series sliding window/ door sash,121.0
2022,1,Trivandrum,uPVC extruded inline adaptor or appropriate dimension for big series sliding window/door sash,121.0
2022,1,Trivandrum,uPVC extruded 2 track sliding door sash/ 3 track sliding door sash (Big series) size 46x82 mm,458.0
2022,1,Trivandrum,"Bamboo Mat corrugated sheets 3.5 to 4mm thick conforming to
IS 15476:2004",3540.0
2022,1,Trivandrum,Bamboo Mat Ridge cap 3.5 to 4mm thick conforming to IS 15476:2004,3440.0
2022,1,Trivandrum,3mm thick Bamboo Mat Board conforming to IS 13958:1994,2020.0
2022,1,Trivandrum,4mm thick Bamboo Mat Board conforming to IS 13958:1994,2325.0
2022,1,Trivandrum,6mm thick Bamboo Mat Board conforming to IS 13958:1994,2805.0
2022,1,Trivandrum,9mm thick Bamboo Mat Board conforming to IS 13958:1994,3590.0
2022,1,Trivandrum,12mm thick Bamboo Mat Board conforming to IS 13958:1994,4160.0
2022,1,Trivandrum,A.P.P. modified polymeric felt (two layers) 1.5 mm thick,84.0
2022,1,Trivandrum,A.P.P. modified polymeric felt (two layers) 2 mm thick,139.0
2022,1,Trivandrum,A.P.P. modified 2 mm thick membrane reinforced with glass fibre matt,232.0
2022,1,Trivandrum,A.P.P. modified 3 mm thick membrane reinforced with glass fibre matt,288.0
2022,1,Trivandrum,A.P. Modified 3 mm thick membrane reinforced with polyester matt,344.0
2022,1,Trivandrum,Bitumen primer for bitumen membrane,116.0
2022,1,Trivandrum,Geotextile 120 gram per sqm membrane,51.0
2022,1,Trivandrum,Stainless steel screws 50 mm,400.0
2022,1,Trivandrum,Stainless steel screws 40 mm,220.0
2022,1,Trivandrum,Stainless steel screws 30 mm,160.0
2022,1,Trivandrum,Stainless steel screws 20 mm,120.0
2022,1,Trivandrum,Stainless steel  butt hinges 125x64x1.9 mm IS: 12817 marked,350.0
2022,1,Trivandrum,Stainless steel  butt hinges 100x58x1.9 mm IS : 12817 marked,320.0
2022,1,Trivandrum,Stainless steel  butt hinges 75x47x1.8 mm IS : 12817 marked,200.0
2022,1,Trivandrum,Stainless steel butt hinges 50x37x1.5 mm IS : 12817 marked,180.0
2022,1,Trivandrum,Stainless steel butt hinges (heavy weight) 125x64x2.5 mm IS: 12817 marked,470.0
2022,1,Trivandrum,Stainless steel butt hinges (heavy weight) 100x60x2.5 mm IS : 12817 marked,330.0
2022,1,Trivandrum,Stainless steel butt hinges (heavy weight) 75x50x2.5 mm IS : 12817 marked,280.0
2022,1,Trivandrum,M.S. heavy weight butt hinges 125x90x4.0 mm IS : 1341 marked,480.0
2022,1,Trivandrum,M.S. heavy weight butt hinges 100x75x3.5 mm IS: 1341 marked,360.0
2022,1,Trivandrum,M.S. heavy weight butt hinges 75x60x3.1 mm IS : 1341 marked,220.0
2022,1,Trivandrum,M.S. heavy weight butt hinges 50x40xx2.5 mm IS : 1341 marked,120.0
2022,1,Trivandrum,Concealed zinc coated hinges 19-20 mm thick with mounting plate,563.0
2022,1,Trivandrum,1216 mm PE-AL-PE Composite pressure pipe,135.0
2022,1,Trivandrum,1620 mm PE-AL-PE Composite pressure pipe,177.0
2022,1,Trivandrum,2025 mm PE-AL-PE Composite pressure pipe,223.0
2022,1,Trivandrum,2532 mm PE-AL-PE Composite pressure pipe,288.0
2022,1,Trivandrum,3240 mm PE-AL-PE Composite pressure pipe,474.0
2022,1,Trivandrum,4050 mm PE-AL-PE Composite pressure pipe,525.0
2022,1,Trivandrum,PPR Union 20 mm,64.5
2022,1,Trivandrum,PPR Union 25 mm,130.0
2022,1,Trivandrum,PPR Union 32 mm,183.5
2022,1,Trivandrum,PPR Union 40 mm,247.0
2022,1,Trivandrum,PPR Union 50 mm,471.5
2022,1,Trivandrum,PPR Union 63 mm,646.0
2022,1,Trivandrum,PPR Union 75 mm,1246.0
2022,1,Trivandrum,Water for jetting/ blowback,2106.0
2022,1,Trivandrum,Polymer modified cementation coating,191.0
2022,1,Trivandrum,Fibre glass cloth,60.0
2022,1,Trivandrum,Multi surface paint,386.0
2022,1,Trivandrum,Acrylic exterior paint,280.0
2022,1,Trivandrum,Premium Arcylic exterior paint l,375.0
2022,1,Trivandrum,Textured exterior paint,345.0
2022,1,Trivandrum,Primer for cement paint,130.0
2022,1,Trivandrum,Special primer (C.W),116.0
2022,1,Trivandrum,Metal Primer (U.G.),180.0
2022,1,Trivandrum,Fibre reinforced elastomeric liquid water proofing membrane,1830.0
2022,1,Trivandrum,Cementitious water proofing coating with elastic polymers,350.0
2022,1,Trivandrum,Acrylic modified resin based texture,88.0
2022,1,Trivandrum,40 mm long S S screws with plastic rawl plugs,60.0
2022,1,Trivandrum,Galavanised MS 8 mm outer diameter M-6 dash fastener 50 mm long,35.0
2022,1,Trivandrum,ZMB 60/equivalent,140.0
2022,1,Trivandrum,ZMB thinner,274.0
2022,1,Trivandrum,Zycoprime / equivalent,281.0
2022,1,Trivandrum,Zycosil / equivalent,2404.0
2022,1,Trivandrum,Elastobar / equivalent,400.5
2022,1,Trivandrum,"Mineral fibre beveled tegular edged ceiling tiles 595x595 mm, 16 mm thick",683.0
2022,1,Trivandrum,"Mineral fibre beveled tegular edged ceiliing tiles 595x595mm, 16 mm thick with bio-block conforming to ISO 5 (class 100) specifications",857.0
2022,1,Trivandrum,"Mineral fiber beveled tegular edged ceiling tiles 595x595mm, 20 mm thick",990.0
2022,1,Trivandrum,"G.I main runner 15x32 mm of 3000 mm length, 0.33 thick",180.0
2022,1,Trivandrum,"G.I cross-T 15x32 mm of 1200 mm length, 0.33 mm thick",80.0
2022,1,Trivandrum,"G.I. cross Tee 15X32mm of 600mm length, 0.33 mm thick",50.0
2022,1,Trivandrum,G.I hanger rod 6mm dia fully threaded upto 1000 mm length,39.0
2022,1,Trivandrum,Stainless steel U Channel of size (50x25x2 mm),190.0
2022,1,Trivandrum,Non staining water resistant clear silicon,100.0
2022,1,Trivandrum,Extruded polystrene rigid insulation board 50mm thick,400.0
2022,1,Trivandrum,"Expanded Polystyrene insulation board 120 mm thick confirming to
IS 4671-1984, Fire retardant property self-extinguishing type as per
EN 13501-1",1067.0
2022,1,Trivandrum,"15 mm thick, light weight, integral densified micro look edged, false ceiling tiles of size 595x595 mm",980.0
2022,1,Trivandrum,"15 mm thick, light weight, fully perforated square/butt edge integral densified, false ceiling tile of size 595x595 mm",1000.0
2022,1,Trivandrum,Galavanised MS hanger rod 6 mm dia MS fullly threaded up to 1000 mm length,30.0
2022,1,Trivandrum,Powder coated steel section main-T ceiling sections 15x42x0.40 mm (3000 mm long),400.0
2022,1,Trivandrum,Galavanised mild steel perimeter wall angle 22x19x0.40 mm (3000 mm long),210.0
2022,1,Trivandrum,Powder coated Galvanised Iron intermediate cross-T section 15x42x0.40 mm (1200 mm long,170.0
2022,1,Trivandrum,Powder coated galvanised iron intermediate cross-T section 15x42x0.40 mm (600 mm long),70.0
2022,1,Trivandrum,GI Main T ceiling section 30x25x0.3 mm (3 metre long),250.0
2022,1,Trivandrum,GI Perimeter wall angle 25x25x0.4 mm (3 metre long),210.0
2022,1,Trivandrum,GI Intermediate cross T section 25x25x0.3 mm (1.2 metre long),96.6
2022,1,Trivandrum,GI Intermediate cross T section 25x25x0.3 mm (0.6 metre long),45.5
2022,1,Trivandrum,Crates made of MEsh type 10x12 (D=100mm) Zinc coated (Mash wire diameter 3.00 mm),200.0
2022,1,Trivandrum,Crates made of Mesh type 10x12 (D=100mm)Zn+PVC coated Mesh wire diameter 2.70/2.70 mm (ID/OD),230.0
2022,1,Trivandrum,Crates made of Mesh type 10x12(D=100mm) Zn+10% Al alloy + PVC coated. Mesh wire diameter 2.70/3.70 mm (ID/OD),280.0
2022,1,Trivandrum,Cold form light gauge Steel C-section of thickness 0.75 mm i/c zink coating/sliting etc,140.0
2022,1,Trivandrum,Wastage of cold form light guage steel,22.0
2022,1,Trivandrum,12 mm thick micro tegular edge semi perforated GRG (Glass Fibre Reinforcemtn Gypsum) false ceiling tiles of size 595x595 mm,600.0
2022,1,Trivandrum,12 mm thick micro tegular edge fully perforated GRG (Glass Fibre Reinforcemtn Gypsum) false ceiling tiles of size 595x595 mm,675.0
2022,1,Trivandrum,10 mm thick square edge fully perforated GRG (Glass Fibre Reinforcemtn Gypsum) false ceiling tiles of size 595x595 mm,650.0
2022,1,Trivandrum,Galvanized iron intermediate cross-T section 15x32x0.33 mm (600 mm long),58.0
2022,1,Trivandrum,Galvanised MS hanger road 6 mm dia MS fully threaded upto 1000 mm length,45.0
2022,1,Trivandrum,Calcium Silicate tegular edged celling tiles 595x595 mm and 15 mm thick,1110.0
2022,1,Trivandrum,Galvanised Steel main Tee ceiling section Size 24 x 38 x 0.33 mm ( 3 metre long),190.0
2022,1,Trivandrum,Galvanised Steel perimeter wall Angle Size 24 x 24 0.40 mm (3.00 metre long),130.0
2022,1,Trivandrum,Galvanised Steel intermediate cross T section Size 24 x 25 x 0.33 mm (1.2 metre long),110.0
2022,1,Trivandrum,Galvanised Steel intermediate cross T Section 24 x 25 x 0.33 (0.6 metre long),55.0
2022,1,Trivandrum,Galvanised Steel soffit cleat size 25x35x1.60 mm,4.0
2022,1,Trivandrum,Wooden screws with plastic rawl plugs 35x8 mm,2.5
2022,1,Trivandrum,Galvanised MS 8mm outer diameter M-6 dash fastener 25 mm long,55.0
2022,1,Trivandrum,GI Metal Tile Clip in Plain Beveled edge global white colour tiles of size 600x600 mm and 0.5 mm thick,900.0
2022,1,Trivandrum,GI Metal Tile Clip in Perforated Beveled edge global white colour tiles of size 600x600 mm and 0.5 mm thick,850.0
2022,1,Trivandrum,GI Metal Tile Lay- in Plain Tegular  edge global white color tiles of Size 595x595 mm and 0.5 mm thick,850.0
2022,1,Trivandrum,GI Metal Tile Lay-in Perforated Tegular edge global white color tiles of Size 595x595 mm and 0.5 mm thick,850.0
2022,1,Trivandrum,PVC Laminated Gypsum Tiles (square edge) of Size 595x595 mm and 12.5 mm thick,600.0
2022,1,Trivandrum,Gypsum Tiles Fully Perforated Square edge of Size 595x595 mm and 12.5 mm thick,650.0
2022,1,Trivandrum,Spring T-section 24x34x0.45 mm (3.00 meter long),500.0
2022,1,Trivandrum,C Wall angle section 20x30x20x0.50 mm (3.00 meter long),285.0
2022,1,Trivandrum,Main C Carrier Size 10x38x10x0.70 mm (3.00 meter long),225.0
2022,1,Trivandrum,Spring T-connector,35.0
2022,1,Trivandrum,C Carrier Connector,20.0
2022,1,Trivandrum,C Suspension Clip,20.0
2022,1,Trivandrum,Wire Coupling Clip,12.0
2022,1,Trivandrum,Main T ceiling sections 24x38x0.3 mm (3 metre long),180.0
2022,1,Trivandrum,Perimeter wall angle 24x24x0.3 mm ( 3 metre long),125.0
2022,1,Trivandrum,Intermediate cross T-Section 24x25x0.3 mm (1.2 mtr long),80.0
2022,1,Trivandrum,Intermediate cross - T Section 24x25x0.3 mm (0.6 mtr. long),50.0
2022,1,Trivandrum,Hanger rod 4 mm thick,45.0
2022,1,Trivandrum,Adjustment clip 85x30x0.8 mm,8.0
2022,1,Trivandrum,Soffit cleat (Size 27x37x25x1.60 mm),3.0
2022,1,Trivandrum,Dash fastener 6 mm dia 50 mm long,8.0
2022,1,Trivandrum,Galvanised MS L-shaped level adjuster of size 85x25x2 mm,18.0
2022,1,Trivandrum,Vitrified floor tile 50x50 cm,650.0
2022,1,Trivandrum,Vitrified floor tile 60x60 cm,807.0
2022,1,Trivandrum,Vitrifies floor tile 80x80 cm,1130.0
2022,1,Trivandrum,Vitrified floor tile 100x100 cm,1506.0
2022,1,Trivandrum,Border tiles 200x75 mm size,45.0
2022,1,Trivandrum,"Poly propylene- Random - Co - Polymer (PPR) pipes PN-16 (SDR 7.4) -
20 mm Outer dia",57.0
2022,1,Trivandrum,Poly propylene- Random - Co - Polymer (PPR) pipes PN-16 (SDR 7.4) -25 mm Outer dia,89.0
2022,1,Trivandrum,"Poly propylene- Random - Co - Polymer (PPR) pipes PN-16 (SDR 7.4) -
25 mm Outer dia",143.0
2022,1,Trivandrum,"Poly propylene- Random - Co - Polymer (PPR) pipes PN-16 (SDR 7.4) -
40 mm Outer dia",215.0
2022,1,Trivandrum,"Poly propylene- Random - Co - Polymer (PPR) pipes PN-10 (SDR 11) -
50 mm Outer dia",337.5
2022,1,Trivandrum,"Poly propylene- Random - Co - Polymer (PPR) pipes PN-10 (SDR 11) -
63 mm Outer dia",376.0
2022,1,Trivandrum,"Poly propylene- Random - Co - Polymer (PPR) pipes PN-10 (SDR 11) -
75 mm Outer dia",558.5
2022,1,Trivandrum,"Poly propylene- Random - Co - Polymer (PPR) pipes PN-10 (SDR 11) -
90 mm Outer dia",798.0
2022,1,Trivandrum,"Poly propylene- Random - Co - Polymer (PPR) pipes PN-10 (SDR 11) -
110 mm Outer dia",1183.0
2022,1,Trivandrum,"Poly propylene- Random - Co - Polymer (PPR) pipes PN-10 (SDR 11) -
160 mm Outer dia",3415.0
2022,1,Trivandrum,Chlorinated Polyvinyl - Chloride (CPVC) pipe 15 mm outer dia,130.0
2022,1,Trivandrum,Chlorinated Polyvinyl - Chloride (CPVC) pipe 20 mm outer dia,160.0
2022,1,Trivandrum,Chlorinated Polyvinyl - Chloride (CPVC) pipe 25 mm outer dia,210.0
2022,1,Trivandrum,Chlorinated Polyvinyl - chloride (CPVC) pipe 32 mm outer dia,300.0
2022,1,Trivandrum,Chlorinated Polyvinyl - chloride (CPVC) pipe 40 mm outer dia,400.0
2022,1,Trivandrum,Chlorinated Polyvinyl - chloride (CPVC) pipe 50 mm outer dia,680.0
2022,1,Trivandrum,Chlorinated Polyvinyl - chloride (CPVC) pipe 62.5 inner dia,700.0
2022,1,Trivandrum,Chlorinated Polyvinyl - chloride (CPVC) pipe 75 mm inner dia,940.0
2022,1,Trivandrum,Chlorinated Polyvinyl - chloride (CPVC) pipe 100 inner dia,1450.0
2022,1,Trivandrum,Chlorinated Polyvinyl - chloride (CPVC) pipe 150 mm inner dia,1880.0
2022,1,Trivandrum,Silicon sealant,260.0
2022,1,Trivandrum,Stainless steal screws 30 x 4 mm,55.0
2022,1,Trivandrum,Hermetically sealed double glazed unit made with 6 mm thick clear float glass both side having 12 mm air gap,2800.0
2022,1,Trivandrum,Stainless steel (SS 304 grade) adjustable friction window stay 205 x 19 mm,225.0
2022,1,Trivandrum,Stainless steel (S S 304 grade) adjustable friction window stay 255 x 19 mm,250.0
2022,1,Trivandrum,Stainless steel (S S 304 grade) adjustable friction window stay 355 x 19 mm,372.0
2022,1,Trivandrum,Stainless steel (S S 304 grade) adjustable friction window stay 510x 19 mm,710.0
2022,1,Trivandrum,Stainless steel (S S 304 grade) adjustable friction window stay 710x 19 mm,1150.0
2022,1,Trivandrum,Masking Tape,5.0
2022,1,Trivandrum,Autoclaved aerated cement (AAC) blocks,2840.0
2022,1,Trivandrum,Gypsum pannel 666 X 500 X 100 mm siz,780.0
2022,1,Trivandrum,Bonding plaster for Gypsum panel,45.0
2022,1,Trivandrum,Precast C&D waste concrete block,33750.0
2022,1,Trivandrum,Water proof ply 12 mm thick,1030.0
2022,1,Trivandrum,Aluminium casement window fastener (Anodised AC 15 ),65.0
2022,1,Trivandrum,Aluminium casement window fastener (powder coated ),65.0
2022,1,Trivandrum,Aluminium casement window fastener ( polyester powder coated),65.0
2022,1,Trivandrum,Aluminium round shape handle (anodised AC 15),105.0
2022,1,Trivandrum,Aluminium round shape handle (powder coated),130.0
2022,1,Trivandrum,Aluminium round shape handle (polyester powder  coated),140.0
2022,1,Trivandrum,Stainless steel screws 25 mm x 4 mm,45.0
2022,1,Trivandrum,UV stabilised 2 mm thick plain FRP sheet,825.0
2022,1,Trivandrum,UV stabilised 2 mm thick corrugated FRP sheet,950.0
2022,1,Trivandrum,Mangalore ridge tiles 20 mm thick,35.0
2022,1,Trivandrum,Mangalore tiles 20 mm thcik,20.0
2022,1,Trivandrum,Precoated glavanished iron profile sheet 0.50 mm TCT,484.0
2022,1,Trivandrum,Precoated galvanised steel plain ridges,480.0
2022,1,Trivandrum,Precoated galvanised steel flashings / aprons,520.0
2022,1,Trivandrum,Precoated galvanised steel gutter,630.0
2022,1,Trivandrum,Precoted galvanised steel north light curves,660.0
2022,1,Trivandrum,Precoated galvanised steel barge board,710.0
2022,1,Trivandrum,Precoated galvanish steel crimp curve,740.0
2022,1,Trivandrum,I mm thick 35 mm wide bright finished stainless steel piano hinges,940.0
2022,1,Trivandrum,Eposy Grout,680.0
2022,1,Trivandrum,Red sand stone gang saw cut 30 mm thick,624.0
2022,1,Trivandrum,White sand stone gang saw cut 30 mm thick,680.0
2022,1,Trivandrum,Delineator,394.0
2022,1,Trivandrum,Precast C.C. Kerb stone M-25,8400.0
2022,1,Trivandrum,Thermoplastic paint,120.0
2022,1,Trivandrum,Glass beads,110.0
2022,1,Trivandrum,"Interlocking C.C. paver block (60 mm thick, M-30)",590.0
2022,1,Trivandrum,High intensity retro- reflective sheet,2450.0
2022,1,Trivandrum,Punched tape concertina coil 600 m dia . 10 m openable length( Total length 90 m),1300.0
2022,1,Trivandrum,RBT reinforced barbed wire,18.0
2022,1,Trivandrum,Turn buckle and strengthening bolt,48.0
2022,1,Trivandrum,Precast pavement slab 450 x 450 x 50 mm (M- 30),96.0
2022,1,Trivandrum,Chain link fabric fencing mesh of size 50x50 mm made of G.I. wire of dia 4 mm,452.0
2022,1,Trivandrum,Chain link fabric fencing mesh of size 50x50 mm made of G.I. wire of dia dia 4 mm. PVC coated to outer dia 5 mm,485.0
2022,1,Trivandrum,Chain link fabric fencing mesh of size 25x25 mm made of G.I. wire of dia 3 mm,530.0
2022,1,Trivandrum,"Stainless steel cramps (weight 260 grams) with nuts, bolts and washer for dry stone cladding",120.0
2022,1,Trivandrum,8 mm thick tapered edge ccalcium silicate board,780.0
2022,1,Trivandrum,10 mm thick calcium silicate board,1280.0
2022,1,Trivandrum,SS pipe 304 grades with press fit technology as per JIS 3448 standard 48.60 mm outer dia,840.0
2022,1,Trivandrum,Coupling/Socket fittings for 15.88 mm outer dia SS pipe,78.0
2022,1,Trivandrum,Telescopic drawer channels 300 mm long,400.0
2022,1,Trivandrum,Stainless steel roller for sliding arrangement in racks/cupboards/cabinets shutter,22.0
2022,1,Trivandrum,"50 mmx42 mmx2 mm thick Factory made door frame of PVC extruded sections in white, grey or wooden finish",240.0
2022,1,Trivandrum,25 mm thick factory made PVC flush door shutter i/c carriage,3600.0
2022,1,Trivandrum,Factory made glass reinforced plastic door frame 90x45 mm i/c carriage,460.0
2022,1,Trivandrum,30 mm thick factory made glass fiber reinforced plastic panel door shutter i/c carriage,3100.0
2022,1,Trivandrum,30 mm thick factory made solid PVC profile panelled door single pipece extruded profile decorative finish (wood grain printed on both side),2600.0
2022,1,Trivandrum,Factory made solid PVC door frame 60 x  32 mm i/c carriage,420.0
2022,1,Trivandrum,28 mm factory made solid PVC panel door shutter i/c carriage,2300.0
2022,1,Trivandrum,30 mm thick factory made solid PVC profile panelled door single pipece extruded profile non decorative finish,2800.0
2022,1,Trivandrum,Fiber glass reinforced plastic chajja,3600.0
2022,1,Trivandrum,Magnetic catcher triple strip vertical type,35.0
2022,1,Trivandrum,Magnetic catcher double strip horizontal type,25.0
2022,1,Trivandrum,100 mm mortice lock with 6 levers for aluminium door,375.0
2022,1,Trivandrum,12.5 mm thick Glass fibre reinforced Gypsum board,220.0
2022,1,Trivandrum,2nd class teak wood lipping/ moulded beading or Taj beading of size 18x5 mm,35.0
2022,1,Trivandrum,Ceiling sections 0.55 mm thick having a knurled web of 51.55 mm and two flanges of 26 mm each with lips of 10.55 mm,72.0
2022,1,Trivandrum,Perimeter channel having one flange of 20 mm and another flange of 30 mm with thickness of 0.55 mm and web of length 27 mm,38.0
2022,1,Trivandrum,Nylon sleeve & wooden screws ( 40 mm),3.5
2022,1,Trivandrum,Counter sunk ribbed head screw 25,115.0
2022,1,Trivandrum,12 mm thick marine plywood conforning IS: 710,1100.0
2022,1,Trivandrum,12 mm thick fire retardant plywood conforming to IS: 5509,1400.0
2022,1,Trivandrum,1.5 mm thick decorative laminated sheet,850.0
2022,1,Trivandrum,1.0 mm thick decorative laminated sheet,520.0
2022,1,Trivandrum,30 mm thick factory made glass  fiber reinforced pllastic flush door shutte i/c carriage,2600.0
2022,1,Trivandrum,High polymer modified quickset tile adhesive,28.0
2022,1,Trivandrum,"Synthetic polyster traingular fibre of length 12 mm, effective diameter 10.40 microns and specific gravity of 1.34 to 1.40",450.0
2022,1,Trivandrum,"Synthetic ployster triangular fibre of length 6 mm, effective diameter 10-40 microns and specific gravity of 1.34 to 1.40",450.0
2022,1,Trivandrum,P.V.C. Single piece extruded door frame of profile size 50 mm x 47 mm with wall thickness of 5 mm,380.0
2022,1,Trivandrum,35 mm thick factory made solid panel PVC door shutter of single piece extruded profile non decorative finished (Matt finished),2950.0
2022,1,Trivandrum,35 mm thick factory made solid panel PVC door shutter of single piece extruded profile decorative finished  (Wood grain finished),3600.0
2022,1,Trivandrum,Stainless Steel wire guage (Grade-304) aperture 1.4 mm and 0.50 mm dia wire,1350.0
2022,1,Trivandrum,Facrory made door frame fire rated (60 minutes) made with 16 SWG G.I. Sheet of section 143 mm x 57 mm duly filled with vermuculite based concrete mix,1350.0
2022,1,Trivandrum,Fire rated door shuttere made with 16 SWG G.I. sheet (60 minutes) without panel,6500.0
2022,1,Trivandrum,Fire seal Putty,680.0
2022,1,Trivandrum,Clear fire resistant glass panes 6 mm thick (60 minutes),37170.0
2022,1,Trivandrum,G.I.U beading 16 SWG G.I. sheet (zinc coating >120gm/m2) with ceramic tape of suitable thickness and fire resistant primer coating,360.0
2022,1,Trivandrum,Matrix Mineral Board,80.0
2022,1,Trivandrum,Panic Bar / latch (Double point),6500.0
2022,1,Trivandrum,65 mm x 55 mm x 2 mm thick Factory made door frame of PVC extruded section in white grey or wooden finish,280.0
2022,1,Trivandrum,"37 mm thick Factory made shutter with style, rails and panels of PVC extruded section in white or grey finish i/c carriage",2800.0
2022,1,Trivandrum,"75 mm x 53 mm x 2.0 mm thick Factory made door frame of PVC extruded section in white, grey or wooden finish",320.0
2022,1,Trivandrum,"37 mm thick Factory made fusion welded shutter with style, rails and panels of PVC extruded section in wooden finish",2800.0
2022,1,Trivandrum,Zinc alloy (white powder coated) touch lock with hook for wire mesh shutter,210.0
2022,1,Trivandrum,Zinc alloy (white powder coated) casement handle for uPVC windows,190.0
2022,1,Trivandrum,Zinc alloy (white powder coated) Touch Lock for uPVC windows  for uPVC windows,230.0
2022,1,Trivandrum,Zinc alloy rollers for uPVC windows,60.0
2022,1,Trivandrum,Zinc alloy rollers for uPVC door,160.0
2022,1,Trivandrum,Zinc alloy (white powder coated ) casement lock for uPVC windows,180.0
2022,1,Trivandrum,Stainless steel friction hinge of size 200 mm x 19 x 1.9 mm for uPVC windows,320.0
2022,1,Trivandrum,Stainless steel friction hinge of size 250 mm x 19 x 1.9 mm for uPVC windows,405.0
2022,1,Trivandrum,Stainless steel friction hinge of size 300 mm x 19 x 1.9 mm for uPVC windows,485.0
2022,1,Trivandrum,Stainless steel friction hinge of size 350 mm x 19 x 1.9 mm for uPVC windows,570.0
2022,1,Trivandrum,Stainless steel friction hinge of size 400 mm x 19 x 1.9 mm for uPVC windows,630.0
2022,1,Trivandrum,"Of fire resistance both integrity and radiation control (EW 60) and minimum
20 minutes of insulation (EI 20)",30050.0
2022,1,Trivandrum,"Scaffolding net made of high density polyethylene UV stabilized having
density 100gm/ sqm.",28.7
2022,1,Trivandrum,Aluminium Track on bottom rail for uPVC window,45.0
2022,1,Trivandrum,Wool Pine for uPVC window,32.0
2022,1,Trivandrum,Aluminium Grill,420.0
2022,1,Trivandrum,Steel Galvanised tubular reinforcement for uPVC door/ window,55.0
2022,1,Trivandrum,Stainless Steel dash fastener of 8 mm dia and 75 mm long bolt,22.0
2022,1,Trivandrum,GI Fastener 100x8 mm,20.0
2022,1,Trivandrum,Toughened glass 12 mm thickness,2650.0
2022,1,Trivandrum,SS pipe 304 grades with press fit technology as per JIS 3448 standard 15.88 mm outer dia,230.0
2022,1,Trivandrum,SS pipe 304 grades with press fit technology as per JIS 3448 standard 22.22 mm outer dia,360.0
2022,1,Trivandrum,SS pipe 304 grades with press fit technology as per JIS 3448 standard 28.58 mm outer dia,420.0
2022,1,Trivandrum,SS pipe 304 grades with press fit technology as per JIS 3448 standard 34.00 mm outer dia,590.0
2022,1,Trivandrum,SS pipe 304 grades with press fit technology as per JIS 3448 standard 42.70 mm outer dia,730.0
2022,1,Trivandrum,8 mm thick Calcium silicate perforated tiles of size 595 x595 mm,680.0
2022,1,Trivandrum,"Interlocking C.C. paver block (80 mm thick, M-30)",675.0
2022,1,Trivandrum,Coupling/Socket fittings for 22.22 mm outer dia SS pipe,110.0
2022,1,Trivandrum,Coupling/Socket fittings for 28.58 mm outer dia SS pipe,140.0
2022,1,Trivandrum,Coupling/Socket fittings for 34.00 mm outer dia SS pipe,285.0
2022,1,Trivandrum,Coupling/Socket fittings for 42.70 mm outer dia SS pipe,380.0
2022,1,Trivandrum,Coupling/Socket fittings for 48.60 mm outer dia SS pipe,540.0
2022,1,Trivandrum,Reducer for 22.22 mm X 15.88 mm outer Dia SS pipe,135.0
2022,1,Trivandrum,Reducer for 28.58 mm X 15.88 mm outer Dia SS pipe,165.0
2022,1,Trivandrum,Reducer for 28.58 mm X 22.22 mm outer Dia SS pipe,185.0
2022,1,Trivandrum,Reducer for 34.00 mm X 15.88 mm outer Dia SS pipe,245.0
2022,1,Trivandrum,Reducer for 34.00 mm X 22.22 mm outer Dia SS pipe,260.0
2022,1,Trivandrum,Reducer for 34.00 mm X 28.58 mm outer Dia SS pipe,320.0
2022,1,Trivandrum,Reducer for 42.70 mm X 15.88 mm outer Dia SS pipe,430.0
2022,1,Trivandrum,Reducer for 42.70 mm X 22.22 mm outer Dia SS pipe,465.0
2022,1,Trivandrum,Reducer for 42.70 mm X 28.58 mm outer Dia SS pipe,480.0
2022,1,Trivandrum,Reducer for 42.70 mm X 34.00 mm outer Dia SS pipe,590.0
2022,1,Trivandrum,Reducer for 48.60 mm X 22.22 mm outer Dia SS pipe,620.0
2022,1,Trivandrum,Reducer for 48.60 mm X 28.58 mm outer Dia SS pipe,630.0
2022,1,Trivandrum,Reducer for 48.60 mm X 34.00 mm outer Dia SS pipe,650.0
2022,1,Trivandrum,Reducer for48.60 mm X 42.70 mm outer Dia SS pipe,680.0
2022,1,Trivandrum,Slip Coupling / Socket 15.88 mm outer dia SS pipe,165.0
2022,1,Trivandrum,Slip Coupling / Socket 22.22 mm outer dia SS pipe,245.0
2022,1,Trivandrum,Slip Coupling / Socket 28.58 mm outer dia SS pipe,315.0
2022,1,Trivandrum,Slip Coupling / Socket 34.00 mm outer dia SS pipe,465.0
2022,1,Trivandrum,Slip Coupling / Socket 42.70 mm outer dia SS pipe,610.0
2022,1,Trivandrum,Slip Coupling / Socket 48.60 mm outer dia SS pipe,735.0
2022,1,Trivandrum,Elbow 90o for 15.88 mm outer dia SS pipe,120.0
2022,1,Trivandrum,Elbow 90o for 22.22 mm outer dia SS pipe,195.0
2022,1,Trivandrum,Elbow 90o for 28.58 mm outer dia SS pipe,260.0
2022,1,Trivandrum,Elbow 90o for 34.00 mm outer dia SS pipe,510.0
2022,1,Trivandrum,Elbow 90o for 42.70 mm outer dia SS pipe,760.0
2022,1,Trivandrum,Elbow 90o for 48.60 mm outer dia SS pipe,810.0
2022,1,Trivandrum,Reducing Elbow 90o for 22.22 mm X 15.88 mm outer dia SS pipe,160.0
2022,1,Trivandrum,Reducing Elbow 90o for 28.58 mm X 15.88 mm outer dia SS pipe,265.0
2022,1,Trivandrum,Reducing Elbow 90o for 28.58 mm X 22.22 mm outer dia SS pipe,280.0
2022,1,Trivandrum,Reducing Elbow 90o for 34.00 mm X 22.22 mm outer dia SS pipe,430.0
2022,1,Trivandrum,Reducing Elbow 90o for 34.00 mm X 28.58 mm outer dia SS pipe,480.0
2022,1,Trivandrum,Reducing Elbow 90o for 42.70 mm X 34.00 mm outer dia SS pipe,640.0
2022,1,Trivandrum,Equal Tee for 15.88 mm outer dia SS pipe,230.0
2022,1,Trivandrum,Equal Tee for 22.22 mm outer dia SS pipe,320.0
2022,1,Trivandrum,Equal Tee for 28.58 mm outer dia SS pipe,410.0
2022,1,Trivandrum,Equal Tee for 34.00 mm outer dia SS pipe,795.0
2022,1,Trivandrum,Equal Tee for 42.70 mm outer dia SS pipe,1050.0
2022,1,Trivandrum,Equal Tee for 48.60 mm outer dia SS pipe,1360.0
2022,1,Trivandrum,Reducing Tee for 22.22 mm X 15.88 mm outer dia SS pipe,280.0
2022,1,Trivandrum,Reducing Tee for 28.58 mm X 15.88 mm outer dia SS pipe,375.0
2022,1,Trivandrum,Reducing Tee for 28.58 mm X 22.22 mm outer dia SS pipe,395.0
2022,1,Trivandrum,Reducing Tee for 34.00 mm X 15.88 mm outer dia SS pipe,675.0
2022,1,Trivandrum,Reducing Tee for 34.00 mm X 22.22 mm outer dia SS pipe,710.0
2022,1,Trivandrum,Reducing Tee for 34.00 mm X 28.58 mm outer dia SS pipe,760.0
2022,1,Trivandrum,Reducing Tee for 42.70 mm X 15.88 mm outer dia SS pipe,1160.0
2022,1,Trivandrum,Reducing Tee for 42.70 mm X 22.22 mm outer dia SS pipe,1160.0
2022,1,Trivandrum,Reducing Tee for 42.70 mm X 28.58 mm outer dia SS pipe,1170.0
2022,1,Trivandrum,Reducing Tee for 42.70 mm X 34.00 mm outer dia SS pipe,1190.0
2022,1,Trivandrum,Reducing Tee for 48.60 mm X 15.88 mm outer dia SS pipe,1210.0
2022,1,Trivandrum,Reducing Tee for 48.60 mm X 22.22 mm outer dia SS pipe,1240.0
2022,1,Trivandrum,Reducing Tee for 48.60 mm X 28.58 mm outer dia SS pipe,1270.0
2022,1,Trivandrum,Reducing Tee for 48.60mm X 34.00 mm outer dia SS pipe,1310.0
2022,1,Trivandrum,Reducing Tee for 48.60mm X 42.70mm outer dia SS pipe,1340.0
2022,1,Trivandrum,Male thread Tee for 15.88 mm outer dia X 15 mm nominal dia threaded,352.6
2022,1,Trivandrum,Male thread Tee for 22.22 mm outer dia X 15 mm nominal dia threaded,422.3
2022,1,Trivandrum,Male thread Tee for 22.22 mm outer dia X 20 mm nominal dia threaded,451.0
2022,1,Trivandrum,Male thread Tee for 28.58 mm outer dia X 15 mm nominal dia threaded,508.4
2022,1,Trivandrum,Male thread Tee for 28.58 mm outer dia X 20 mm nominal dia threaded,594.5
2022,1,Trivandrum,Male thread Tee for 34.00 mm outer dia X 15 mm nominal dia threaded,742.1
2022,1,Trivandrum,Male thread Tee for 34.00 mm outer dia X 20 mm nominal dia threaded,799.5
2022,1,Trivandrum,Male thread Tee for 34.00 mm outer dia X 25 mm nominal dia threaded,955.3
2022,1,Trivandrum,Male thread Tee for 34.00 mm outer dia X 32 mm nominal dia threaded,1205.4
2022,1,Trivandrum,Male thread Tee for 42.70 mm outer dia X 15 mm nominal dia threaded,1131.6
2022,1,Trivandrum,Male thread Tee for 42.70 mm outer dia X 20 mm nominal dia threaded,1156.2
2022,1,Trivandrum,Male thread Tee for 42.70 mm outer dia X 25 mm nominal dia threaded,1258.7
2022,1,Trivandrum,Male thread Tee for 42.70 mm outer dia X 32 mm nominal dia threaded,1398.1
2022,1,Trivandrum,Male thread Tee for 42.70 mm outer dia X 40 mm nominal dia threaded,1697.4
2022,1,Trivandrum,Male thread Tee for 48.60 mm outer dia X 15 mm nominal dia threaded,1230.0
2022,1,Trivandrum,Male thread Tee for 48.60 mm outer dia X 20 mm nominal dia threaded,1266.9
2022,1,Trivandrum,Male thread Tee for 48.60 mm outer dia X 25 mm nominal dia threaded,1320.2
2022,1,Trivandrum,Male thread Tee for 48.60 mm outer dia X 32 mm nominal dia threaded,1586.7
2022,1,Trivandrum,Male thread Tee for 48.60 mm outer dia X 40 mm nominal dia threaded,1758.9
2022,1,Trivandrum,Male thread Tee for 48.60 mm outer dia X 50 mm nominal dia threaded,2152.5
2022,1,Trivandrum,Female thread Tee for 15.88 mm outer dia X 15 mm nominal dia threaded,360.8
2022,1,Trivandrum,Female thread Tee for 22.22 mm outer dia X 15 mm nominal dia threaded,422.3
2022,1,Trivandrum,Female thread Tee for 22.22 mm outer dia X 20 mm nominal dia threaded,438.7
2022,1,Trivandrum,Female thread Tee for 28.58 mm outer dia X 15 mm nominal dia threaded,549.4
2022,1,Trivandrum,Female thread Tee for 28.58 mm outer dia X 20 mm nominal dia threaded,561.7
2022,1,Trivandrum,Female thread Tee for 28.58 mm outer dia X 25 mm nominal dia threaded,610.9
2022,1,Trivandrum,Female thread Tee for 34.00 mm outer dia X 15 mm nominal dia threaded,820.0
2022,1,Trivandrum,Female thread Tee for 34.00 mm outer dia X 20 mm nominal dia threaded,836.4
2022,1,Trivandrum,Female thread Tee for 34.00 mm outer dia X 25 mm nominal dia threaded,943.0
2022,1,Trivandrum,Female thread Tee for 34.00 mm outer dia X 32 mm nominal dia threaded,1119.3
2022,1,Trivandrum,Female thread Tee for 42.70 mm outer dia X 15 mm nominal dia threaded,1098.8
2022,1,Trivandrum,Female thread Tee for 42.70 mm outer dia X 20 mm nominal dia threaded,1119.3
2022,1,Trivandrum,Female thread Tee for 42.70 mm outer dia X 25 mm nominal dia threaded,1258.7
2022,1,Trivandrum,Female thread Tee for 42.70 mm outer dia X 32 mm nominal dia threaded,1312.0
2022,1,Trivandrum,Female thread Tee for 42.70 mm outer dia X 40 mm nominal dia threaded,1430.9
2022,1,Trivandrum,Female thread Tee for 48.60 mm outer dia X 15 mm nominal dia threaded,1312.0
2022,1,Trivandrum,Female thread Tee for 48.60 mm outer dia X 20 mm nominal dia threaded,1324.3
2022,1,Trivandrum,Female thread Tee for 48.60 mm outer dia X 25 mm nominal dia threaded,1373.5
2022,1,Trivandrum,Female thread Tee for 48.60 mm outer dia X 32 mm nominal dia threaded,1455.5
2022,1,Trivandrum,Female thread Tee for 48.60 mm outer dia X 40 mm nominal dia threaded,1517.0
2022,1,Trivandrum,Female thread Tee for 48.60 mm outer dia X 50 mm nominal dia threaded,1681.0
2022,1,Trivandrum,Female threaded Connector/Adapter for 15.88 mm outer dia X 15 mm nominal threaded,233.7
2022,1,Trivandrum,Female threaded Connector/Adapter for 22.22 mm outer dia X 15 mm nominal threaded,282.9
2022,1,Trivandrum,Female threaded Connector/Adapter for 22.22 mm outer dia X 20 mm nominal threaded,291.1
2022,1,Trivandrum,Female threaded Connector/Adapter for 28.58 mm outer dia X 15 mm nominal threaded,340.3
2022,1,Trivandrum,Female threaded Connector/Adapter for 28.58 mm outer dia X 20 mm nominal threaded,352.6
2022,1,Trivandrum,Female threaded Connector/Adapter for 28.58 mm outer dia X 25 mm nominal threaded,414.1
2022,1,Trivandrum,Female threaded Connector/Adapter for 34.00 mm outer dia X 25 mm nominal threaded,504.3
2022,1,Trivandrum,Female threaded Connector/Adapter for 34.00 mm outer dia X 32 mm nominal threaded,660.1
2022,1,Trivandrum,Female threaded Connector/Adapter for 42.70 mm outer dia X 32 mm nominal threaded,709.3
2022,1,Trivandrum,Female threaded Connector/Adapter for 42.70 mm outer dia X 40 mm nominal threaded,836.4
2022,1,Trivandrum,Female threaded Connector/Adapter for 48.60 mm outer dia X 40 mm nominal threaded,1029.1
2022,1,Trivandrum,Female threaded Connector/Adapter for 48.60 mm outer dia X 50 mm nominal threaded,1189.0
2022,1,Trivandrum,Male threaded Connector/Adapter for 15.88 mm outer dia X 15 mm nominal threaded,237.8
2022,1,Trivandrum,Male threaded Connector/Adapter for 22.22 mm outer dia X 15 mm nominal threaded,278.8
2022,1,Trivandrum,Male threaded Connector/Adapter for 22.22 mm outer dia X 20 mm nominal threaded,303.4
2022,1,Trivandrum,Male threaded Connector/Adapter for 28.58 mm outer dia X 20 mm nominal threaded,385.4
2022,1,Trivandrum,Male threaded Connector/Adapter for 28.58 mm outer dia X 25 mm nominal threaded,393.6
2022,1,Trivandrum,Male threaded Connector/Adapter for 34.00 mm outer dia X 25 mm nominal threaded,565.8
2022,1,Trivandrum,Male threaded Connector/Adapter for 34.00 mm outer dia X 32 mm nominal threaded,697.0
2022,1,Trivandrum,Male threaded Connector/Adapter for 42.70 mm outer dia X 32 mm nominal threaded,799.5
2022,1,Trivandrum,Male threaded Connector/Adapter for 42.70 mm outer dia X 40 mm nominal threaded,893.8
2022,1,Trivandrum,Male threaded Connector/Adapter for 48.60 mm outer dia X 40 mm nominal threaded,1033.2
2022,1,Trivandrum,Male threaded Connector/Adapter for 48.60 mm outer dia X 50 mm nominal threaded,1398.1
2022,1,Trivandrum,Valve Connector for 15.88 mm outer dia X 15 mm nominal dia threaded,287.0
2022,1,Trivandrum,Valve Connector for 22.22 mm outer dia X 15 mm nominal dia threaded,340.3
2022,1,Trivandrum,Valve Connector for 22.22 mm outer dia X 20 mm nominal dia threaded,364.9
2022,1,Trivandrum,Valve Connector for 28.58 mm outer dia X 25 mm nominal dia threaded,520.7
2022,1,Trivandrum,Valve Connector for 34.00 mm outer dia X 32 mm nominal dia threaded,774.9
2022,1,Trivandrum,Valve Connector for 42.70 mm outer dia X 40 mm nominal dia threaded,1078.3
2022,1,Trivandrum,Valve Connector for 48.60 mm outer dia X 50 mm nominal dia threaded,1447.3
2022,1,Trivandrum,Female Threaded Elbow 90o for 15.88 mm outer dia X 15 mm nominal dia threaded,254.2
2022,1,Trivandrum,Female Threaded Elbow 90o for 22.22 mm outer dia X 15 mm nominal dia threaded,340.3
2022,1,Trivandrum,Female Threaded Elbow 90o for 22.22 mm outer dia X 20 mm nominal dia threaded,348.5
2022,1,Trivandrum,Female Threaded Elbow 90o for 28.58 mm outer dia X 25 mm nominal dia threaded,516.6
2022,1,Trivandrum,Female Threaded Elbow 90o for 34.00 mm outer dia X 32 mm nominal dia threaded,902.0
2022,1,Trivandrum,Female Threaded Elbow 90o for 42.70 mm outer dia X 32 mm nominal dia threaded,1131.6
2022,1,Trivandrum,Female Threaded Elbow 90o for 42.70 mm outer dia X40 mm nominal dia threaded,1225.9
2022,1,Trivandrum,Female Threaded Elbow 90o for 48.60 mm outer dia X 40 mm nominal dia threaded,1357.1
2022,1,Trivandrum,Female Threaded Elbow 90o for 48.60 mm outer dia X 50 mm nominal dia threaded,1582.6
2022,1,Trivandrum,Male Threaded Elbow 90o for 15.88 mm outer dia X 15 mm nominal dia threaded,266.5
2022,1,Trivandrum,Male Threaded Elbow 90o for 22.22 mm outer dia X 15 mm nominal dia threaded,336.2
2022,1,Trivandrum,Male Threaded Elbow 90o for 22.22 mm outer dia X 20 mm nominal dia threaded,352.6
2022,1,Trivandrum,Male Threaded Elbow 90o for 28.58 mm outer dia X 25 mm nominal dia threaded,463.3
2022,1,Trivandrum,MaleThreaded Elbow 90o for 34.00 mm outer dia X 25 mm nominal dia threaded,746.2
2022,1,Trivandrum,Male Threaded Elbow 90o for 34.00 mm outer dia X 32 mm nominal dia threaded,906.1
2022,1,Trivandrum,Male Threaded Elbow 90o for 42.70 mm outer dia X 32 mm nominal dia threaded,1148.0
2022,1,Trivandrum,Male Threaded Elbow 90o for 42.70 mm outer dia X40 mm nominal dia threaded,1303.8
2022,1,Trivandrum,Male Threaded Elbow 90o for 48.60 mm outer dia X 40 mm nominal dia threaded,1463.7
2022,1,Trivandrum,Male Threaded Elbow 90o for 48.60 mm outer dia X 50 mm nominal dia threaded,1783.5
2022,1,Trivandrum,Cap for 15.88 mm outer dia pipe,57.4
2022,1,Trivandrum,Cap for 22.22 mm outer dia pipe,77.9
2022,1,Trivandrum,Cap for 28.58 mm outer dia pipe,102.5
2022,1,Trivandrum,Cap for 34.00 mm outer dia pipe,213.2
2022,1,Trivandrum,Cap for 42.70 mm outer dia pipe,311.6
2022,1,Trivandrum,Cap for 48.60 mm outer dia pipe,405.9
2022,1,Trivandrum,Pipe Bridge for 15.88 mm outer dia pipe,332.1
2022,1,Trivandrum,Pipe Bridge for 28.58 mm outer dia pipe,500.2
2022,1,Trivandrum,4 Point facade glass bracket,4079.5
2022,1,Trivandrum,2 Point facade glass bracket,2041.8
2022,1,Trivandrum,1 Point facade glass bracket,1726.1
2022,1,Trivandrum,Flate head bolt,799.5
2022,1,Trivandrum,400 fin plate at top,7293.9
2022,1,Trivandrum,Micro Silica,41.0
2022,1,Trivandrum,Stop end tubes for diaphragmwall 600 mm dia.,4.1
2022,1,Trivandrum,Driving end tubes for diaphragm wall 600 mm dia.,90.2
2022,1,Trivandrum,Bi-Axial Extruded GeoGrid of Minimum Tensile Strength 15 kN/m in the longitudinal and transverse direction,135.0
2022,1,Trivandrum,Bi-Axial Extruded GeoGrid of Minimum Tensile Strength 20 kN/m in the longitudinal and transverse direction,155.0
2022,1,Trivandrum,Bi-Axial Extruded GeoGrid of Minimum Tensile Strength 30 kN/m in the longitudinal and transverse direction,250.0
2022,1,Trivandrum,Bi-Axial Extruded GeoGrid of Minimum Tensile Strength 40 kN/m in the longitudinal and transverse direction,372.0
2022,1,Trivandrum,"Geosynthetic drainage with two filtering nonwoven geotextiles having a ""W"" configuration as longitudinal parallel channels.  Minimum thickness to be 7.2 mm, with two filtering UV stabilized polypropylene nonwoven geotextile of minimum thickness of 0.75mm having pores of 150 micron and tensile strength of 8.0 kN/m and having plane flow capacity of 2.1 L/(m.s) at hydraulic gradient of 1.0 & 20kPa pressure tensile strength of 18kN/m with mass per unit area of 740 gsm",718.0
2022,1,Trivandrum,"Geosynthetic drainage composite havign thermobonding a draining core -HDPE geonet comprise to two set of parallel overlyed ribs integrally connected to have a rhomboidal shape with polyethylene film and a non woven geotextile having mass per unit are 130g/m2 and tensile strength of 8.0 kN/m having a plane flow capacity of 0.7 L/(m.s) at hydraulic gradient of 1.0 & 20 kPa pressure and tensile stength of 13.5 kN/m, with mass per unit are of 830 gsm",854.0
2022,1,Trivandrum,Synthetic Geogrid having Ultimate tensile strength - 100kN/m,298.0
2022,1,Trivandrum,Synthetic Geogrid Ultimate tensile strength - 150kN/m,311.0
2022,1,Trivandrum,Synthetic Geogrid Ultimate tensile strength - 200kN/m,433.0
2022,1,Trivandrum,Synthetic Geogrid Ultimate tensile strength - 250kN/m,481.0
2022,1,Trivandrum,Synthetic Geogrid Ultimate tensile strength - 300kN/m,494.0
2022,1,Trivandrum,Synthetic Geogrid Ultimate tensile strength - 350kN/m,501.0
2022,1,Trivandrum,Synthetic Geogrid Ultimate tensile strength - 400kN/m,644.0
2022,1,Trivandrum,Synthetic Geogrid Ultimate tensile strength - 500kN/m,725.0
2022,1,Trivandrum,Synthetic Geogrid Ultimate tensile strength - 600kN/m,745.0
2022,1,Trivandrum,Synthetic Geogrid Ultimate tensile strength - 700kN/m,928.0
2022,1,Trivandrum,Synthetic Geogrid Ultimate tensile strength - 800kN/m,1016.0
2022,1,Trivandrum,Synthetic Geogrid Ultimate tensile strength - 900kN/m,1220.0
2022,1,Trivandrum,Synthetic Geogrid Ultimate tensile strength - 1000kN/m,1389.0
2022,1,Trivandrum,Synthetic Geogrid Ultimate tensile strength - 1100kN/m,1355.0
2022,1,Trivandrum,Synthetic Geogrid Ultimate tensile strength - 1200kN/m,1475.0
2022,1,Trivandrum,"Aluminium profile industrial troughed sheet of alloy 31500/31000/40800, conforming to IS 1254, IS 737,IS 2676, 0.71 mm thick, the profile detail width 1044/920 mm, cover width 1000/875 mm",705.2
2022,1,Trivandrum,"Aluminium profile industrial troughed sheet of Alloy 31500/31000/40800 conforming to IS 1254, IS 737, IS 2676, 0.91 mm thick, the profile detail width 1044/920 mm, cover width 1000/875 mm",910.2
2022,1,Trivandrum,C.P Brass Centre Hole basin mixer with cast spout,1484.2
2022,1,Trivandrum,C.P. Brass Centre Hole Basin Mixer With Cast Spout ( Kigston/Marc/Prima/ Parko/ Hindware,2.14
2022,1,Trivandrum,Petrol,106.5
2022,1,Trivandrum,Carriage,0.0
2022,1,Trivandrum,Carriage and sundries,0.0
2022,1,Trivandrum,Sundries,2.75
2022,1,Trivandrum,Neelgiri grass turf with earth 50mm To 60mm thicknes,190.0
2022,1,Trivandrum,Mexican grass turf with earth 50mm To 60mm thickness,189.0
2022,1,Trivandrum,Rolling or ramming of ground turf (Grass,18.0
2022,1,Trivandrum,Selection No.1 grass turf with earth 50mm To 60mm thickness,65.0
2022,1,Trivandrum,Bermuda Grass or Doob Grass,38.0
2022,1,Trivandrum,Floral foam brick (premium quality/High density) (1 Box containing 20 bricks,810.0
2022,1,Trivandrum,"River Pabbles size of 2"" to 2.50"" dia in natural colour",550.0
2022,1,Trivandrum,Selection No.1 grass at site fresh & from weeds,65.0
2022,1,Trivandrum,PVC Hexagonal net (Tuflex or equivalent,130.0
2022,1,Trivandrum,Bamboo 18 to 20cm grith and 90 cm Height,60.0
2022,1,Trivandrum,"Providing of Aglaonema Parrot Jungle plant (three in one), having ht. 30 cm and above with 20 to 25 leaves, well developed, fresh & healthy in 25 cm size of Earthen pot / Plastic pot.",110.0
2022,1,Trivandrum,"Providing of Aglaonema dove variety Plant, having ht. 30 cm to 45 cm with 8 to 10 leaves, well developed, fresh and healthy in 25 cm size of Earthen pot / Plastic pot.",110.0
2022,1,Trivandrum,"Providing of Aglaonema Pseudo bractatum plants, having ht. 30 cm and above with 3 to 4 suckers & 20 to 25 leaves, well developed, fresh and healthy in 25 cm size of Earthen pot / Plastic pot.",115.0
2022,1,Trivandrum,"Providing of Aglaonema Snow White hybrid plant (three in one), having ht. 30 cm & above with 6 to 8 leaves, bright colour, well developed, fresh and healthy in 25 cm size of Earthen pot / Plastic pot. (Specimen Plant).",110.0
2022,1,Trivandrum,"Providing of Aglaonema Silver Queen plant, having ht. 30 cm to 45 cm. with 12 to 15 leaves, multi suckers, well developed, fresh and healthy in 25 cm size of Earthen pot / Plastic pot.",220.0
2022,1,Trivandrum,"Providing of Aglaonema Ernesto Plant (three in one), having ht. 45 cm & above with 12 to 15 leaves,well developed, fresh and healthy in 25 cm size of Earthen pot / Plastic pot.",170.0
2022,1,Trivandrum,"Providing of Aglaonema marentifolium variety plant, having ht. 23 cm to 30 cm with 8 to 10 leaves, well developed, fresh and healthy with colourfull leaves in 20 cm size of Earthen pot / Plastic pot.",165.0
2022,1,Trivandrum,"Providing of Aglaonema Modestum plant, having ht. 23 cm to 30 cm with 3 to 4 suckers & 15 to 20 leaves,well developed, fresh and healthy in 25 cm size of Earthen pot / Plastic pot.",110.0
2022,1,Trivandrum,"Providing of Aglaonema nitida plant, having ht. 30 cm to 45 cm with 8 to 10 leaves, well developed, fersh and healthy with attractive leaves in 25 cm size of Earthen pot / Plastic pot.",115.0
2022,1,Trivandrum,"Providing of Araucaria cookie plant, having ht. 60 cm to 75 cm, straight, well developed, fresh and healthy with lush green leaves from bottom to top in 20 cm size of Earthen pot / Plastic pot.",195.0
2022,1,Trivandrum,"Providing of Araucaria cookie plant, having ht. 75 cm to 90 cm, straight, well developed, fresh and healthy with lush green leaves from bottom to top in 25 cm size of Earthen pot / Plastic pot.",330.0
2022,1,Trivandrum,"Providing of Araucaria cookii plant, having ht.1.20 m to 1.35 m, straight, well developed, fresh and healthy with lush green leaves from bottom to top in 25 cm size of Earthen pot / Plastic pot.",495.0
2022,1,Trivandrum,"Providing of Araucaria cookii plant, having ht.1.80 m to 1.95 m, straight, well developed, fresh and healthy with lush green leaves from bottom to top in 30 cm size of Earthen pot / Plastic pot.",650.0
2022,1,Trivandrum,"Providing of Areca Palm plant, having ht. 90 cm to 1.20 m with 4 to 5 suckers, well developed, fresh and healthy with lush green foliage in 20 cm size of Earthen pot / Plastic pot.",220.0
2022,1,Trivandrum,"Providing of Areca Palm plant, having ht. 1.20 m to 1.50 m with 5 to 6 suckers, well developed, fresh and healthy with lush green foliage in 25 cm size of Earthen pot / Plastic pot",275.0
2022,1,Trivandrum,"Providing of Areca palm plant, having ht. 1.50 m to 1.80 m with 6 to 8 suckers, well developed, fresh and healthy with lush green foliage in 25 cm size of Earthen pot / Plastic pot.",330.0
2022,1,Trivandrum,"Providing of Areca Palm plant, having ht. 1.80 m to 2.10 m with 8 to 10 suckers, well developed, fresh and healthy with lush green foliage in 30 cm size of Earthen pot / Plastic pot.",385.0
2022,1,Trivandrum,"Providing of Areca Palm plant, having ht. 2.40 m to 2.70 m with 12 to 14 suckers, well developed, fresh and healthy with lush green foliage in 35 cm size of Bucket type cement pots",605.0
2022,1,Trivandrum,"Providing of Brassia Varigated plant, having ht. 30 cm, well developed with fresh and healthy foliage in 20 cm size of Earthen pot / Plastic pot",145.0
2022,1,Trivandrum,"Providing of Brassia Varigated plant, having ht. 30 cm to 45 cm, well developed with fresh and healthy foliage in 25 cm size of Earthen pot / Plastic pot.",195.0
2022,1,Trivandrum,"Providing of Chamaedorea elegans palm plant, having ht. 60 cm to 75 cm, well developed with fresh and healthy leaves in 25 cm size of Earthen pot / Plastic pot",220.0
2022,1,Trivandrum,"Providing of Croton Challanger variety plant, having ht. 30cm and above, well developed with full of fresh and healthy leaves in 20 cm size of Earthen pot / Plastic pot",110.0
2022,1,Trivandrum,"Providing of Croton baby golden variety plant, having ht.30 cm and above, well developed with full of fresh and healthy leaves in 20 cm size of Earthen pot / Plastic pot.",110.0
2022,1,Trivandrum,"Providing of Croton Baby Golden Punctatumaureum plant, having ht. 23 cm to 30 cm, well developed with fresh and healthy foliage in 15 cm size of Earthen pot / Plastic po",90.0
2022,1,Trivandrum,"Providing of Croton Golden plant, having ht. 45 cm to 60 cm with 2 to 3 branches, well developed, fresh and healthy foliage in 25 cm size of Earthen pot / Plastic pot.",110.0
2022,1,Trivandrum,"Providing of Croton Baby Golden plant (three in one), having ht. 30cm, multi brancheses, well developed with fresh and healthy foliage in 25 cm size of Earthen pot / Plastic pot.",110.0
2022,1,Trivandrum,"Providing of Croton golden (Broad Leaves) plant, having ht. 60 cm to 75 cm with 3 to 4 brancheses, well developed, fresh and healthy leaves in 25 cm size of Earthen pot / Plastic pot",110.0
2022,1,Trivandrum,"Providing of Croton Golden specimen plant, having ht. 90 cm to 1.05 cm with 5 to 6 branches, well developed, fresh and healthy foliage in 30 cm size of Earthen pot / Plastic pot.",220.0
2022,1,Trivandrum,"Providing of Croton Duck foot (Elite) plant, having ht. 45 cm and above with 3 to 4 branches, well developed, fresh and healthy leaves in 25 cm size of Earthen pot / Plastic pot.",220.0
2022,1,Trivandrum,"Providing of Croton Duck Foot (Elite) plant, having ht. 60 cm to 75 cm with 4 to 5 branches, well developed, fresh and healthy colourfull leaves in 25 cm size of Earthen pot / Plastic pot.",220.0
2022,1,Trivandrum,"Providing of Croton petra Banglore variety plant, having ht 45 cm & above, well develooped with fresh and healthy leaves in 20 cm size of Earthen pot / Plastic pot.",220.0
2022,1,Trivandrum,"Providing of Croton petra plant, having ht. 45 cm & above with 2 to 3 branches, well developed, fresh and healthy leaves in 25 cm size of Earthen pot / Plastic pot.",220.0
2022,1,Trivandrum,"Providing of Croton petra Bangalore variety plant, having ht. 60 cm to 75 cm with 4 to 6 branches, well developed, fresh and healthy colourfull leaves in 25 cm size of Earthen pot / Plastic pot.",495.0
2022,1,Trivandrum,"Providing of Speciman Croton Petra Banglore variety plant, having ht. 60 cm to 75 cm with 4 to 6 branches, well developed, fresh & healthy foliage approximately 60-65 leaves in 30 cm size of Earthen pot / Plastic pot.",660.0
2022,1,Trivandrum,"Providing of Diffenbachia Tropicsnow plant, having ht. 60 cm & above with 8 - 10 leaves, well developed, fresh & healthy in 25 cm size of Earthen pot / Plastic pot",110.0
2022,1,Trivandrum,"Providing of Diffenbachia mosaic plant, having ht. 30cm to 45 cm with 1012 leaves, well developed, fresh and healthy in 25 cm size of Earthen pot / Plastic pot.",110.0
2022,1,Trivandrum,"Providing of Dieffenbachia (Meaclata) plant, having ht. 45 cm to 60 cm with 5 and above leaves, well developed, fresh and healthy & attractive varigated foliage in 25 cm size of Earthen pot / Plastic pot.",165.0
2022,1,Trivandrum,"Providing of Dracaena Song of india plant (three in one), having ht. 30 cm and above, multibranched, well developed with fresh and healthy leaves in 25 cm size of Earthen pot / Plastic pot.",110.0
2022,1,Trivandrum,"Providing of Dracaena song of India specimen plant (three in one), having ht. 60 cm & above, well developed, fresh and healthy with good foliage in 25 cm size of Earthen pot / Plastic pot.",145.0
2022,1,Trivandrum,"Providing of Draceana Song of India Green plant (three in one), having ht. 30 cm, well developed, fresh & healthy, lush green foliage from bottom to top in 20 cm size of Earthen pot / Plastic pot.",110.0
2022,1,Trivandrum,"Providing of Dracaena Kedarnath plant, having ht. 30 cm & above, well developed with good colourful foliage in 20 cm size of Earthen pot / Plastic pot",55.0
2022,1,Trivandrum,"Providing of Dracaena margineta plant, having ht. 30 cm to 45 cm with colourfull leaves, fresh and healthy in 20 cm size of Earthen pot / Plastic pot",77.0
2022,1,Trivandrum,"Providing of Dracaena mahatma plant, having ht. 30 cm to 45 cm, well developed, fresh and healthy foliage in 20 cm size of Earthen pot / Plastic pot.",77.0
2022,1,Trivandrum,"Providing of Dracaena rosea plant, having ht. 30 cm & above with 8 to10 leaves, well developed, fresh and healthy in 20 cm size of Earthen pot / Plastic pot.",55.0
2022,1,Trivandrum,"Providing of Dracaena victoria plant, having ht. 30 cm & above, well developed with full of leaves, fresh and healthy in 25 cm size of Earthen pot / Plastic pot.",88.0
2022,1,Trivandrum,"Providing of Dracaena fragrans�Massangeana�� plant, having ht. 30 cm & above with full of leaves, well developed, fresh and healthy in 25 cm size of Earthen pot / Plastic pot.",88.0
2022,1,Trivandrum,"Providing of Draceana waranickii plant, having ht. 30 cm to 45 cm. with good colour foliage, well developed, fresh and healthy in 20 cm size of Earthen pot / Plastic pot",88.0
2022,1,Trivandrum,"Providing of Livistona palm plant, having ht. 30 cm to 45 cm, well developed with 5 to 6 leaves, fresh & healthy foliage in 25 cm size of Earthen pot / Plastic pot.",88.0
2022,1,Trivandrum,"Providing of Livistona palm plant, having ht. 60 cm to 75 cm, well developed with 8 to 10 leaves, fresh & healthy foliage in 30 cm size of Earthen pot / Plastic pot.",195.0
2022,1,Trivandrum,"Providing of Monestaria plant mounted on moss stick 90 cm ht., 2 to 3 plant in one pot well developed with fresh & healthy foliage in 25 cm size of Earthen pot / Plastic pot.",275.0
2022,1,Trivandrum,"Providing of Money Plant Broad Leaves mounted on moss stick 90 cm ht., 3 to 4 plants in each pot, well developed with full of fresh & healthy leaves in size of 25 cm Top dia x 18 cm Bottom dia x 25 cm Perpendicular height Earthen pot / Plastic pot.",220.0
2022,1,Trivandrum,"Providing of Money Plant Broad Leaves mounted on moss stick 1.20 m ht., 5 to 6 plants in each pot, well developed with full of fresh & healthy leaves in size of 25 cm Top dia x 18 cm Bottom dia x 25 cm Perpendicular height Earthen pot / Plastic pot.",250.0
2022,1,Trivandrum,"Providing of Money Plant Golden leaves mounted on moss stick 90cm ht., having 3 plants at equal distance, well developed with full of fresh, shinning and healthy leaves from bottom to top in 25 cm size of Earthen pot / Plastic pot.",220.0
2022,1,Trivandrum,"Providing of Philodendron Burgundy plant mounted on moss stick 90 cm ht., well developed with full of fresh & healthy leaves from bottom to top in 25 cm size of Earthen pot / Plastic pot.",275.0
2022,1,Trivandrum,"Providing of Philodendron emrald red colour plant, mounted on moss stick 90 cm ht., having 3 plants placed at equal distance, well developed with full of fresh & healthy leaves in 25 cm size of Earthen pot / Plastic pot.",550.0
2022,1,Trivandrum,"Providing of Philodendron Envy plant, mounted on moss stick 90 cm ht., well developed with full of fresh & healthy leaves in 30 cm size of Earthen pot / Plastic pot.",600.0
2022,1,Trivandrum,"Providing of Philodendron Oxicodium plant, mounted on moss stick 90 cm ht., having 3 plants placed at equal distance, well developed with full of fresh & healthy leaves in 25 cm size of Earthen pot / Plastic pot.",220.0
2022,1,Trivandrum,"Providing of Philodendron Oxicodium Golden Colour plant, Mounted on moss stick 90 cm ht., having 3 plants placed at equal distance, well developed with full of fresh & healthy leaves in 25 cm Top dia x 18 cm Bottom dia x 25 cm Perpendicular height Earthen pot / Plastic pot.",220.0
2022,1,Trivandrum,"Providing of Philodendron Oxicodium Golden Colour plant, Mounted on moss stick 1.20 m ht., having 3 to 4 plants placed at equal distance, well developed with full of fresh & healthy leaves in 25 cm size of Earthen pot / Plastic pot.",255.0
2022,1,Trivandrum,"Providing of Philodendron Oxicodium plant, mounted on moss stick 1.20 m ht., having 3 plants placed at equal distance, well developed with full of fresh & healthy leaves in 25 cm size of Earthen pot / Plastic pot.",275.0
2022,1,Trivandrum,"Providing of Philodendron sellum plant, having ht. 30 cm to 45 cm with 8 to 10 leaves, well devleoped, fresh and healthy foliage in 25 cm size of Earthen pot / Plastic pot",275.0
2022,1,Trivandrum,"Providing of Philodendron sellum plant, having ht. 45 cm to 60 cm with 12 to 16 leaves, well developed, fresh and healthy foliage in 30 cm size of Earthen pot / Plastic pot.",275.0
2022,1,Trivandrum,"Providing of Philodendron ceylon gold plant, having ht. 30 cm to 45 cm with 8 to10 leaves, well developed, fresh & healthy bright colour leaves in 15 cm size of Earthen pot / Plastic pot.",275.0
2022,1,Trivandrum,"Providing of Philodendron moonlight plant, having ht. 30 cm to 45 cm with 10 to 12 leaves, well developed, fresh & healthy bright colour leaves in 25 cm size of Earthen pot / Plastic pot.",305.0
2022,1,Trivandrum,"Providing of Phoenix palm plant, having ht. 75 cm to 90 cm with 10 to 15 or more leaves, well developed, fresh and healthy in 25 cm size of Earthen pot / Plastic pot.",335.0
2022,1,Trivandrum,"Providing of Raphis palm plant, having ht. 45 cm to 60 cm with 5 to 7 suckers, well developed, full of fresh and healthy leaves in 25 cm size of Earthen pot / Plastic pot.",330.0
2022,1,Trivandrum,"Providing of Raphis palm plant, having ht. 75 cm to 90 cm with 12 to 15 equal suckers, well developed, full of fresh & healthy leaves from bottom to top in 25 cm size Earthen pot / Plastic pot.",775.0
2022,1,Trivandrum,"Providing of Raphis Palm plant, having ht. 75 cm to 90 cm with 15 to 18 equal suckers, well developed, full of fresh and healthy leaves from bottom to top in 35 cm PVC Pots/C.Pots.",985.0
2022,1,Trivandrum,"Providing of Raphis palm specimen plant, having ht. 1.50 m to 1.65 m with 40 to 50 lush green suckers, well developed, fresh & healthy foliage leaves in 40 cm size of Earthen Pot / Chali / Tray.",1430.0
2022,1,Trivandrum,"Providing of Ceporthia Palm plant, having ht. 90cm to 1.20 m with 6-8 suckers, well developed, fresh and healthy lush green leaves from bottom to top in 20 cm size of Earthen pot / Plastic pot.",505.0
2022,1,Trivandrum,"Providing of Ceporthia Palm plant, having ht. 1.20 m. to 1.50 m. with 8-10 suckers, well developed, fresh and healthy lush green leaves from bottom to top in 25 cm size of Earthen pot / Plastic pot.",605.0
2022,1,Trivandrum,"Providing of Ceporthia Palm plant, having ht. 1.50 m to 1.80 m with 12-15 suckers, well developed, fresh and healthy lush green leaves from bottom to top in 30 cm size of Earthen pot / Plastic pot.",770.0
2022,1,Trivandrum,"Providing of Sanchezia nobilis plant, having ht. 30 cm & above, well developed with fresh & healthy foliage in 20 cm size of Earthen pot / Plastic pot.",72.0
2022,1,Trivandrum,"Providing of Schefflera high colour plant, having ht. 23 cm to 30 cm, well developed with fresh & healthy foliage in 20 cm size of Earthen pot / Plastic pot.",55.0
2022,1,Trivandrum,"Providing ofSchefflera high colour plant (three in one), having ht. 23 cm to 30 cm, well developed with fresh and healthy foliage in 25 cm size of Earthen pot / Plastic pot.",165.0
2022,1,Trivandrum,"Providing of Schefflera Green plant (three in one), mounted on moss stick 90 cm, well developed with full of fresh & healthy leaves from bottom to top with rich foliage in 25 cm size of Earthen pot / Plastic pot.",305.0
2022,1,Trivandrum,"Providing of Schieflera Verigated plant, mounted on moss stick 90 cm ht., 3 to 4 plants placed in each pot at equal distance, well developed with full of fresh & healthy bright leaves from bottom to top in 25 cm size of Earthen pot / Plastic pot.",385.0
2022,1,Trivandrum,"Providing of Syngonium golden plant, mounted on moss stick 90 cm ht., 3 to 4 plants placed in each pot at equal distance, well developed with full of fresh & healthy leaves from bottom to top in 25 cm size of Earthen pot / Plastic pot.",195.0
2022,1,Trivandrum,"Providing of Syngonium Verigated plant, mounted on moss stick 90 cm ht., 3 to 4 plants placed in each pot at equal distance, well developed with full of fresh & healthy leaves from bottom to top in 25 cm size of Earthen pot / Plastic pot",240.0
2022,1,Trivandrum,Providing Plant Allyssum white in full bloom well developed fresh & healthy Plant in 20 cm Earthen Pot/Plastic Pot.,88.0
2022,1,Trivandrum,Providing Plant Anemone hybrid (3 in one) variety well developed with fresh & healthy Flower in full bloom in 25 cm Earthen Pot/Plastic Pot.,110.0
2022,1,Trivandrum,Providing Plant Antirrhinum Hybrid Dwarf variety (3 in one) well developed with fresh & healthy Flower multi branch in full bloom in 25 cm Earthen Pot/Plastic Pot.,330.0
2022,1,Trivandrum,"Providing Plant Antirrhinum Hybrid dwarf variety, specimen (8-10 plants) with fresh & healthy foliage in full bloom well developed in 35 cm Earthen Tray/Challi Pot",660.0
2022,1,Trivandrum,"Providing Plant Antirrhinum variety, well developed, fresh & healthy multi branched 30 to 45 cm ht, in full bloom with stacking in 30 cm Earthen Pot/Plastic Pot.",330.0
2022,1,Trivandrum,Providing Plant Asiatic lilly hybrid variety (3 in one) plants in each pot having in full bloom 3 to 5 flowers 30 to 45 cm ht. well developed in 25 cm Earthen Pot/Plastic Pot,240.0
2022,1,Trivandrum,"Providing Plant Aster Hybrid variety in different colour, well developed with fresh & healthy foliage in full bloom 23 to 30 cm ht., in 20 cm Earthen Pot/Plastic Pot.",130.0
2022,1,Trivandrum,"Providing Plant Bigonia rex having 15 to 23 cm ht., well developed with fresh & healthy foliage with 10 to 12 flowers in bloom in 20 cm Earthen Pot/Plastic Pot.",130.0
2022,1,Trivandrum,Providing Plant Brachycome well developed with fresh & healthy foliage with 100 to 120 flowers stacking with green painted bamboo stick in 25 cm Earthen Pot/Plastic Pot.,172.0
2022,1,Trivandrum,Providing Plant Calceolaria hybrid variety in full bloom well developed with fresh & healthy foliage in 20 cm Earthen Pot/Plastic Pot.,172.0
2022,1,Trivandrum,Providing Plant Calendula double variety well developed with fresh & healthy foliage in full bloom in 20 cm Earthen Pot/Plastic Pot.,110.0
2022,1,Trivandrum,"Providing Plant Chrysenthemum double variety, well developed, having 45 to 60 cm ht., with 6 and above flowers with half blooming condition, fresh and healthy with bamboo stacking in 25 cm Earthen Pot",172.0
2022,1,Trivandrum,"Providing Plant Chrysenthemum single variety in different colour well developed having 45 to 60 cm ht., minimum 100 and above half bloom flowers open well stacked with bamboo stick having three layer tiding by thread fresh and healthy foliage in 25 cm Earthen Pot",220.0
2022,1,Trivandrum,"Providing Plant Chrysenthemum single named variety in different colour well developed, having 45 to 60 cm ht., minimum 150 and above half bloom flowers well stacked with bamboo stick having three layer tiding by thread fresh and healthy foliage in 30 cm Earthen Pot",220.0
2022,1,Trivandrum,Providing Plant Cineraria dwarf in different colour with fresh & healthy foliage well developed in 20 cm Earthen Pot/Plastic Pot,110.0
2022,1,Trivandrum,Providing Plant Cineraria Hybrid dwarf variety in different colour well developed with fresh & healthy foliage in bloom in 25 cm Earthen Pot/Plastic Pot.,110.0
2022,1,Trivandrum,"Providing Plant Cinereria long 45 to 60 cm ht., 8 to 10 branch with full bloom specimen plant with green painted stacking in 30 cm Earthen Pot/Plastic Pot",220.0
2022,1,Trivandrum,"Providing Plant Clarkia well developed with fresh & healthy foliage, 5 to 6 branch in full bloom with stacking in 25 cm Earthen Pot/Plastic Pot",220.0
2022,1,Trivandrum,"Providing Plant Clianthus well developed,with fresh & healthy foliage in bloom 30 to 45 cm ht., with stacking in 25 cm Earthen Pot/Plastic Pot.",165.0
2022,1,Trivandrum,Providing Plant Coleus broad leaves having 3 to 4 branches equal well developed with fresh & healthy foliage in different colour in 25 cm Earthen Pot/Plastic Pot.,82.0
2022,1,Trivandrum,Providing Plant Coleus broad leaves having 5 to 6 branches equal well developed with fresh & healthy foliage in different colour in 25 cm Earthen Pot/Plastic Pot.,110.0
2022,1,Trivandrum,Providing Plant Cyclemen hybrid variety fresh & healthy in full bloom well developed in 25 cm Earthen Pot/Plastic Pot.,330.0
2022,1,Trivandrum,Providing Plant Cyclemen hybrid variety specimen 5-6 plants fresh & healthy in full bloom well developed in 35 cm Earthen Tray/ Nand.,1250.0
2022,1,Trivandrum,"Providing Plant Dahlia double kenya variety in different colour well developed with 3 to 4 flowers in half bloom, good foliage stacked with Green painted Bamboo sticks, 45 to 60 cm height in 25 cm Earthen Pot/Plastic Pot",135.0
2022,1,Trivandrum,Providing Plant Dahlia single in different colour with fresh & healthy foliage well developed with 6 to 8 half blooming buds in 20 cm Earthen Pot/Plastic Pot.,55.0
2022,1,Trivandrum,Providing Plant Daisy well developed with fresh & healthy foliage in full bloom in 20 cm Earthen Pot/Plastic Pot.,55.0
2022,1,Trivandrum,Providing Plant Dianthus dwarf in different colour fresh & healthy bloom in 20 cm Earthen Pot/Plastic Pot.,55.0
2022,1,Trivandrum,Providing Plant Dianthus dwarf specimen 6-8 plants with fresh & healthy foliage in full bloom well developed in 35 cm Earthen Tray/Nand,550.0
2022,1,Trivandrum,"Providing Plant Dianthus in different colour well developed with fresh & healthy foliage 30 cm ht., in full bloom with stacking in 25 cm Earthen Pot/Plastic Pot.",110.0
2022,1,Trivandrum,"Providing Plant Fressia hybrid 6 to 8 plants in full bloom, with fresh and healthy flower and foliage stacked with Green painted bamboo sticks in 25 cm Earthen Pot/Plastic Pot.",165.0
2022,1,Trivandrum,Providing Plant Gazania hybrid in different colour well developed with fresh & healthy foliage with full bloom in 25 cm Earthen Pot/Plastic Pot,82.0
2022,1,Trivandrum,"Providing Plant Geranium double variety having 30 cm ht., in different colour well developed with fresh & healthy foliage (3 in one) well",165.0
2022,1,Trivandrum,"Providing Plant Gerbera Hybrid, well developed, with fresh and healthy foliage, fully blooms in 25 cm Earthen Pot/Plastic Pot.",110.0
2022,1,Trivandrum,Providing Plant Helianthus different colour with full bloom (3 in one) fresh & healthy in 25 cm Earthen Pot/Plastic Pot. well developed,280.0
2022,1,Trivandrum,Providing Plant Impatiens in different colour well developed fresh and healthy (3 in one) well bloomed in 25 cm Earthen Pot/Plastic Pot.,165.0
2022,1,Trivandrum,Providing Plant Marigold jaffri dwarf in different colour well developed with fresh & healthy foliage with 12 to 15 flowers in full bloom specimen plant 23 to 30 cm ht. in 20 cm Earthen Pot/Plastic Pot.,55.0
2022,1,Trivandrum,Providing Plant Marigold jaffri orange/yellow/Russet colour well developed with fresh & healthy foliage with 40 to 50 flowers in bloom specimen plant 60 to 75 cm ht in 25 cm Earthen Pot/Plastic Pot.,195.0
2022,1,Trivandrum,Providing Plant Marigold jaffri french orange/yellow/Russet colour well developed with fresh & healthy foliage with 60 to 75 flowers in bloom specimen plant 60 to 75 cm ht in 30 cm Earthen Pot/Plastic Pot.,140.0
2022,1,Trivandrum,Providing Plant Kalanchoe Hybrid variety in different colour well developed with fresh & healthy foliage in full bloom in 20 cm Earthen pot/Plastic Pot.,110.0
2022,1,Trivandrum,"Providing Plant Marigold(Tagetes) inca hybrid different colour having 30 cm and above ht., with 6 to 8 flowers in bloom & blooming condition, well developed pot should be fully covered with fresh and healthy, foliage and flowers in 20 cm Earthen Pot/Plastic Pot.",82.0
2022,1,Trivandrum,Providing Plant Mimulus multi branching bushy plant in different colour well developed fresh & healthy in full bloom in 20 cm Earthen Pot in 20 cm Earthen Pot/Plastic Pot.,110.0
2022,1,Trivandrum,Providing Plant Missbranthemum in different colour well developed with fresh & healthy foliage in full bloom in 20 cm Earthen Pot/Plastic Pot.,55.0
2022,1,Trivandrum,Providing Plant Nemasia well developed with fresh & healthy with good attractive foliage full blooming in 20 cm Earthen Pot/Plastic Pot.,82.0
2022,1,Trivandrum,Providing Plant Nasturtium in different colour well developed with fresh & healthy foliage with full bloom in 25 cm Earthen Pot in 20 cm Earthen Pot/Plastic Pot.,82.0
2022,1,Trivandrum,Providing Plant Ornamental Kale Hybrid variety in full bloom with fresh & healthy foliage well developed in 25 cm Earthen Pot in 20 cm Earthen Pot/Plastic Pot.,82.0
2022,1,Trivandrum,Providing Plant Pansy Hybrid Sakata in different colour specimen 6-8 plants with fresh & healthy foliage in full bloom well developed in 35 cm Earthen Tray/ Nand,495.0
2022,1,Trivandrum,Providing Plant Pansy Hybrid Sakata well developed with fresh & healthy foliage with 3 to 4 flower in bloom in 20 cm Earthen Pot/Plastic Pot.,495.0
2022,1,Trivandrum,Providing Plant Pansy hybrid sakata in different colour with fresh & healthy foliage well developed in 15 cm Earthen Pot/Plastic Pot.,45.0
2022,1,Trivandrum,Providing Plant Petunia hybrid different colour single well developed in full bloom in 20 cm Earthen/Plastic Pot.,82.0
2022,1,Trivandrum,Providing Plant Petunia hybrid different variety in different colour well developed with fresh and healthy foliage in full bloom in 25 cm Earthen Pot/Plastic Pot.,110.0
2022,1,Trivandrum,Providing Plant Petunia hybrid in different colour with fresh & healthy foliage well developed in 15 cm Earthen Pot/Plastic Pot,55.0
2022,1,Trivandrum,Providing Plant Petunia hybrid well developed with fresh & healthy foliage in full bloom 6-8 plants in 35 cm Earthen Tray/Nand,495.0
2022,1,Trivandrum,"Providing Plant Phlox in different colour well developed with fresh & healthy foliage 30 cm ht., in full bloom with stacking in 25 cm Earthen Pot/Plastic Pot.",77.0
2022,1,Trivandrum,"Providing Plant Poincettia Dwarf variety different colour well developed 23 to 30 cm ht., 3 to 4 branch full bloom with fresh & healthy foliage in 15 cm Earthen Pot/Plastic Pot.",195.0
2022,1,Trivandrum,"Providing Plant Poincettia dwarf multi head, having upto 30 cm ht., with 3 to 4 branches with fully different coloured top with fresh & healthy foliage well developed in 20 cm Earthen Pot/Plastic Pot.",220.0
2022,1,Trivandrum,Providing Plant Primula Hybrid variety specimen 5-6 plants in each Pot with fresh & healthy foliage in full bloom different colour well developed in 35 cm Earthen Tray/ Nand,660.0
2022,1,Trivandrum,Providing Plant Primula Hybrid variety well developed with fresh & healthy foliage with full bloom in 25 cm Earthen Pot/Plastic Pot.,135.0
2022,1,Trivandrum,Providing Plant Primula Hybrid variety well developed with fresh & healthy foliage with full bloom in 25 cm Earthen Pot/Plastic Pot,775.0
2022,1,Trivandrum,Providing Plant Ranunculus Hybrid variety well developed with fresh & healthy foliage with 2-3 flower in bloom in 25 cm Earthen Pot/Plastic Pot.,165.0
2022,1,Trivandrum,Providing Plant Salvia dwarf variety with fresh & healthy foliage well developed multi branching in blooming stage in 15 cm Earthen Pot/Plastic Pot.,55.0
2022,1,Trivandrum,Providing Plant Salvia ht. 45 to 60 cm multi branches stacking with bamboo stick specimen plants type with full bloom well developed in 30 cm Earthen Pot/Plastic Pot,110.0
2022,1,Trivandrum,Providing Plant Salvia ht. 45 to 60 cm multi branches stacking with bamboo stick specimen plants type with full bloom well developed in 25 cm Earthen Pot/Plastic Pot.,135.0
2022,1,Trivandrum,"Providing Plant Salvia red Hybrid dwarf variety having 15 cm to 23 cm ht., well developed with fresh & healthy foliage in bloom in 20 cm Earthen Pot/Plastic Pot.",72.0
2022,1,Trivandrum,"Providing Plant Salvia red Hybrid dwarf variety having 15 to 23 cm ht., specimen 6 plants with fresh & healthy foliage in full bloom well developed in 35 cm Earthen Tray/ Nand",440.0
2022,1,Trivandrum,"Providing Plant Star of Bethlem (Chinchi - Rinchi), 5 to 6 plant in each Pot full bloom, with fresh and healthy foliage flower in 25 cm Earthen Pot/Plastic Pot.",525.0
2022,1,Trivandrum,"Providing Plant Stock Double Blue non-branching having 30 to 45 cm ht., with full bloom, well developed in 20 cm Earthen Pot/Plastic Pot.",85.0
2022,1,Trivandrum,Providing Plant Stock double white colour dwarf variety with fresh and healthy foliage with bloom in 20 cm Earthen Pot/Plastic Pot.,110.0
2022,1,Trivandrum,Providing Plant Celosia well developed fresh & healthy 20 to 25 cm ht. (attractive) multi branching at blooming stage in 20 cm Earthen Pot/Plastic Pot.,82.0
2022,1,Trivandrum,Providing Plant Cladium Hybrid variety 3 to 4 plants well developed with fresh & healthy foliage 30 to 45 cm ht. in different colour 25 cm Earthen Pot/Plastic Pot.,110.0
2022,1,Trivandrum,Providing Plant Cockscomb well developed fresh & healthy 20 to 25 cm ht. attractive colours fully bloomed in 20 cm Earthen Pot/Plastic Pot.,55.0
2022,1,Trivandrum,Providing Plant Cosmos well developed fresh & healthy 20 to 25 cm ht. attractive colours multi branching at blooming stage in 20 cm Earthen Pot/Plastic Pot.,55.0
2022,1,Trivandrum,Providing Plant Gaillardia double hybrid variety well developed 30 to 45 cm ht 20 to 30 fresh & healthy flower with green painted bamboo stick in 25 cm Earthen Pot/Plastic Pot.,110.0
2022,1,Trivandrum,Providing Plant Gamphrina well developed fresh & healthy 30 to 45 cm ht. bushy plant 15 & above flower in 25 cm Earthen Pot/Plastic Pot.,70.0
2022,1,Trivandrum,Providing Plant Kochia well developed fresh & healthy 30 to 45 cm ht. lush green well shaped in 25 cm Earthen Pot/Plastic Pot.,55.0
2022,1,Trivandrum,Providing Plant Kochia well developed fresh & healthy 20 to 25 cm ht. lush green well shaped in 20 cm Earthen Pot/Plastic Pot.,65.0
2022,1,Trivandrum,Providing Plant Portulaka hybrid in different colour with bloom well developed fresh & healthy in 20 cm Earthen Pot/Plastic Pot.,110.0
2022,1,Trivandrum,Providing Plant Sunflower hybrid well developed 15 to 20 cm ht. with fresh & healthy foliage at blooming stage in 20 cm Earthen Pot/Plastic Pot.,55.0
2022,1,Trivandrum,Providing Plant Sunflower single well developed 8 to 10 half bloom buds multi branched in fresh & healthy full stacked with green painted bamboo stick stacking in 25 cm Earthen Pot/Plastic Pot.,110.0
2022,1,Trivandrum,Providing Plant Tapioca variegated (Manihot esculenta) well developed fresh & healthy 30 to 45 cm ht. in bright colour foliage in 25 cm Earthen Pot/Plastic Pot.,550.0
2022,1,Trivandrum,Providing Plant Vinca different colour 6 to 8 well developed branch in full bloom stacked with green painted Bamboo stick in 25 cm Earthen Pot/Plastic Pot.,72.0
2022,1,Trivandrum,Providing Plant Vinca different colour fresh & healthy 23 to 30 cm ht. with bloom multi branchy in 20 cm Earthen Pot/Plastic Pot.,55.0
2022,1,Trivandrum,Providing Plant Vinca Hybrid in different colour fresh & healthy 20 to 25 cm ht. with bloom in 20 cm Earthen Pot/Plastic Pot.,45.0
2022,1,Trivandrum,Providing Plant Zinnia hybrid double in different colour well developed fresh & healthy 30 to 45 cm ht. (3 to 4 plants in each pot) full bloom in 25 cm Earthen Pot/Plastic Pot.,110.0
2022,1,Trivandrum,"Providing Plant Budded Rose (H.T. variety) 3 to 4 healthy branch 30 cm and above ht. well developed with one and above flower plant in 20 cm Earthen Pot,",45.0
2022,1,Trivandrum,"Providing Plant Creeper Rose variety 3 to 4 healthy branch 60 cm and above ht. well developed with one and above flowers in 25 cm Earthen Pot,",110.0
2022,1,Trivandrum,Providing Plant Standard Rose (H.T. variety) 3 to 4 healthy branch 90 cm and above ht. well developed with one and above flowers in 25 cm Earthen Pot,220.0
2022,1,Trivandrum,"Acalypha Different colour well developed, fresh & healthy with good foliage, multi branch 30 to 45 cm ht. plant in 20 cm size of Earthen Pot/ Plastic",50.0
2022,1,Trivandrum,"Acalypha green well developed, fresh & healthy with good foliage, multi branch 30 to 45 cm ht. plant in 20 cm size Earthen Pot/ Plastic",50.0
2022,1,Trivandrum,Acalypha red well developed with fresh & healthy 30 to 45 cm ht. plant in 20 cm size Earthen Pot/ Plastic Pot,55.0
2022,1,Trivandrum,Acalypha twisted well developed with fresh & healthy 30 cm ht. plant in 20 cm size Earthen Pot/ Plastic Pot,60.0
2022,1,Trivandrum,Adenium Obesum grafted well developed with fresh & healthy 30 to 60 cm ht. plant in 25 cm size Earthen Pot/ Plastic Pot,385.0
2022,1,Trivandrum,Adenium Obesum well developed with fresh & healthy 4 to 5 branch 60 to 75 cm ht. plant in 40 cm size Earthen Pot/ Plastic Pot,605.0
2022,1,Trivandrum,Bamboo Buddha valley with fresh & healthy 3 to 4 suckers having 75 to 90 cm ht. plant in 25 cm size Earthen Pot/ Plastic Pot,275.0
2022,1,Trivandrum,"Bamboo Buddha vally variety with umbrella shape plant having 120 to 135 ht. plant with fresh & healthy foliage well developed in 40 cm Cement pot multy branch, bushy plant",825.0
2022,1,Trivandrum,Bamboo Buddha Valley with fresh & healthy 5 to 6 suckers 1.80 m to 2.10m ht umbrella type plant well developed in 50 cm Cement Pot,1650.0
2022,1,Trivandrum,Bird of paradise well developed with fresh & healthy 90 to 120 cm ht in 30 cm Earthen Pot/ Plastic Pot,550.0
2022,1,Trivandrum,"Bismarkia Palm 115 to 180 cm ht. plant, well developed 12 and above good color fresh and healthy leaves in 40 cm Cement Pot.",1650.0
2022,1,Trivandrum,"Bougainvillea named variety, Sobhra, Thima, Marry palmar, Cherry Blossom etc. well developed with fresh & healthy bushy plant in full bloom 75 to 90 cm ht. plant in 40 cm Cement Pot",505.0
2022,1,Trivandrum,Cycus circinallis well developed with fresh & healthy 35 to 40 lush green leaves in 40 cm Cement Pot,3150.0
2022,1,Trivandrum,"Cycus revoluta in 35 cm challi, specimen plant, having 30 to 40 with fresh and healthy, leaves having 25cm to 30cm circumfrance of base stem well developed",1650.0
2022,1,Trivandrum,"Cycus revoluta specimen plant, having 45 to 50 fresh and healthy, leaves having 30cm to 35cm circumfrance of base stem well developed in 40 cm challi,",2420.0
2022,1,Trivandrum,"Cyprus Golden 30 to 45 cm ht. plant well developed good Golden colour foliage, Conial Shape in 25 cm Earthen Pots",385.0
2022,1,Trivandrum,Cyprus golden well shaped developed with good colored foliage fresh & healthy 60 to 75 cm ht in 30 cm Earthen Pot,550.0
2022,1,Trivandrum,"Cyprus Golden Conical Shape 150 to 165 cm ht. plant, with fresh and healthy Golden colour foliage in 35cm Cement Pot",1045.0
2022,1,Trivandrum,"Euphorbia milli hybrid variety with multi branch, full bloom, with fresh and healthy well developed having 30 to 45 cm ht. plant in 35 cm Cement Pots",770.0
2022,1,Trivandrum,Ficus black vivion piller Topairy (sylinder type) well developed with fresh & healthy 180 to 210 cm ht in 40 cm Cement Pot,2750.0
2022,1,Trivandrum,Ficus Long Island Topairy well developed with fresh & healthy 5 to 6 ball specific size and shape 120 to 150 cm ht in 40 cm Cement Pot,1980.0
2022,1,Trivandrum,Ficus Nuda Topairy well developed with fresh & healthy 5 to 6 big ball specific size and shape 180to 210cm ht in 40 cm Cement Pot,2750.0
2022,1,Trivandrum,Ficus Nuda well developed with fresh & healthy foliage 45 to 60cm spread 75 to 90 cm ht. plant bushy plant in 35 cm Cement Pot,660.0
2022,1,Trivandrum,Ficus Retusa Topairy well developed with fresh & healthy 5 to 6 big ball specific size and shape 180 to 210cm ht in 40 cm Cement Pot,3300.0
2022,1,Trivandrum,"Ficus resnold well developed fresh & healthy foliage 60 to 75 cm spread 105 to 120 cm ht. plant, Bushy plant in 35 cm Cement Pot",575.0
2022,1,Trivandrum,Ficus resnold piller type Topairy well developed with fresh & healthy 210 to 240 cm ht in 40 cm Cement Pot,3900.0
2022,1,Trivandrum,Ficus resnold Topairy well developed with fresh & healthy 6 to 7 big ball specific size 210 to 240 cm ht in 45 cm Cement Pot,3000.0
2022,1,Trivandrum,"Ficus Starlight with fresh, healthy and attractive foliage 45 to 60 cm spread 75 to 90 cm ht. plant, specimen bushy plant,in 35 cm Cement Pot",550.0
2022,1,Trivandrum,Fishtail palm well developed with fresh & healthy foliage leaves of ht 210 to 240cm Specimen plant in 35 cm Cement Pot,550.0
2022,1,Trivandrum,Foxtail palm well developed with fresh & healthy foliage of ht. plant 210 to 240 cm in big 40 cm Cement Pot,1100.0
2022,1,Trivandrum,Furcaira variegated well developed with fresh & healthy foliage 8 to 10 leaves in 30 cm Earthen Pot,550.0
2022,1,Trivandrum,Furcaria Variegated hybrid well developed with fresh & healthy foliage 20 and above attractive leaves in 35 cm Cement Pot,600.0
2022,1,Trivandrum,Golden Bottle brush Topairy well developed with fresh & healthy foliage 5 to 6 big ball 115 to 180 cm ht in 40 cm Cement Pot,600.0
2022,1,Trivandrum,Zamia palm well developed with fresh & healthy leaves 90 cm ht in 35 cm cement pot,1320.0
2022,1,Trivandrum,Latania Rubra Palm well developed with fresh & healthy foliage 150 to 180 cm ht. plant with 6 to 7 leaves in big 35 cm Cement Pot,1575.0
2022,1,Trivandrum,Mascarena palm well developed with fresh & healthy foliage leaves 150 to 180 cm ht in 35 cm Cement Pot,2950.0
2022,1,Trivandrum,Phoenix roebelenii palm well developed having 20 to 25 fresh & healthy leaves 90 to 105 cm ht. plant in 30 cm Cement Pot,825.0
2022,1,Trivandrum,"Topairy plant of Ficus Nuda well developed with fresh & healthy foliage from Top to Bottom with single piller 75 to 90 cm spread, 195 to 210 cm ht. plant in 35 cm Cement Tray /Cement Pot",1975.0
2022,1,Trivandrum,"Topairy plant of Ficus Panda well developed with fresh & healthy foliage with 3 to 4 Ball and 60 to 75 cm spread each Ball, 135 to 150 cm ht. plant, in 35 cm Cement Tray /Cement Pot",1650.0
2022,1,Trivandrum,Topiary plant Casuarina plant fresh & healthy having 5 to 6 specific shape and size ball well developed 195 to 210 cm ht. plant in 40 cm Cement Pot,1700.0
2022,1,Trivandrum,Traveller palm well developed with fresh & healthy foliage 120 to 150 cm ht. plant in 35 cm Cement Pot,770.0
2022,1,Trivandrum,Travellar palm well developed with fresh & healthy leaves foliage 210 to 240 cm ht specimen plant in 40 cm Cement Pot,1540.0
2022,1,Trivandrum,Washingtonia filifera palm well developed 90 to 105 cm ht. plant having 5 to 6 straight fresh and healthy leaves in 35 cm Cement Pot,725.0
2022,1,Trivandrum,"Alpinia Variegated (three in one) plant having ht. 30 cm and above, with fresh and healthy variegated foliage in 25 cm size of Earthen Pot / Plastic Pot.",165.0
2022,1,Trivandrum,"Alternanthera species plant of height 15 cm to 20 cm, full of branches and foliage in 15 cm size of Earthen Pot / Plastic Pot.",27.0
2022,1,Trivandrum,"Asparagus marrie plant, well developed 15 to 20 leaves, full of branches and foliage in 25 cm size of Earthen Pot / Plastic Pot.",82.0
2022,1,Trivandrum,"Topairy plant of Ficus Bush King well developed with fresh & healthy foliage from Top to Bottom with single piller 60 to 75 cm spread, 210 to 225 cm ht. plant, in 35 cm Cement Tray/Cement Pot",1650.0
2022,1,Trivandrum,"Aspidistra plant, having 10 to 15 leaves well developed with fresh & healthy in 25 cm size of Earthen Pot / Plastic Pot.",82.0
2022,1,Trivandrum,Clerodendron inerme plant having ht. 25 cm to 32 cm multi branched in 20 cm size of Earthen Pot / Plastic Pot.,55.0
2022,1,Trivandrum,Clerodendron inerme plant of ht. 30 cm to 40 cm multi branched in 25 cm size of Earthen Pot / Plastic Pot.,82.0
2022,1,Trivandrum,"Chlorophytum (Green) plant, full of leafy suckers in 20 cm size of Earthen Pot / Plastic Pot.",55.0
2022,1,Trivandrum,"Chlorophytum-variegated plant, full of leafy suckers in 15 cm size of Earthen Pot / Plastic Pot.",55.0
2022,1,Trivandrum,Cuphea chinensis plant of ht. 30-45 cm full of branches and healthy foliage in 25 cm size of Earthen Pot / Plastic Pot.,55.0
2022,1,Trivandrum,"Dianella variegated plant, with 3 to 4 variegated leaves in 20 cm size of Earthen Pot / Plastic Pot.",55.0
2022,1,Trivandrum,"Duranta Golden plant, having ht.15 to 20 cm bushty shape plant with fresh and healthy leaves in 20 cm size of Earthen Pot / Plastic Pot.",82.0
2022,1,Trivandrum,"Euphorbia milli hybrid variety plant, having ht.30 cm to 45 cm with multi branch, full bloom, fresh and healthy leaves in 20 cm size of Earthen Pot / Plastic Pot.",110.0
2022,1,Trivandrum,"Euphorbia milli hybrid variety plant, having ht. 30 cm to 45 cm with multi branch, full bloom, fresh and healthy leaves in 30 cm size of Earthen Pot / Plastic Pot.",135.0
2022,1,Trivandrum,"Ipomea (Golden leaves) plant,with fresh and healthy leaves in 15 cm size of Earthen Pot / Plastic Pot.",28.0
2022,1,Trivandrum,"Iresine herbstii plant, of height 20-30 cm. full of branches well developed in 15 cm size of Earthen Pot / Plastic Pot.",44.0
2022,1,Trivandrum,"Iresine herbstii plant, of height 20-30 cm., full of branches well developed in 20 cm size of Earthen Pot / Plastic Pot.",55.0
2022,1,Trivandrum,Juniperus prostrata plant with 5 to 6 latral branches and green foliage in 20 cm size of Earthen Pot / Plastic Pot.,55.0
2022,1,Trivandrum,"Ophiopogon plant, Green/Black full of leaves in 20 cm size of Earthen Pot / Plastic Pot.",55.0
2022,1,Trivandrum,"Ophiopogon jaburan (variegated ) plant, full of variegated leaves in 15 cm size of Earthen Pot / Plastic Pot",55.0
2022,1,Trivandrum,"Ophiopogon jaburan ( variegated ) plant,full of variegated leaves in 20 cm Earthen Pot/Plastic Pot",82.0
2022,1,Trivandrum,Portulacaria afra (Jade plant) with 5 to 6 branches in 20 cm size of Earthen Pot / Plastic Pot,43.0
2022,1,Trivandrum,"Schflera green plant, having 3 to 4 branch, ht. 30 to 45 cm well developed with fresh & healthy in 20 cm size of Earthen Pot/Plastic Pot.",49.0
2022,1,Trivandrum,Setcreasea purpurea full of variegated leaves in 20 cm size of Earthen Pot/Plastic Pot.,55.0
2022,1,Trivandrum,Syngonium (Butterfly) variegated with 2-3 suckers healthy foliage in Earthen Pot/Plastic Pot of size 20 cm.,44.0
2022,1,Trivandrum,Syngonium golden of height 30-45 cm. with 2-3 suckers healthy foliage in Earthen Pot/Plastic Pot of size 20 cm.,45.0
2022,1,Trivandrum,"Syngonium miniature dwarf plant, having height 30-45 cm. with 2-3 suckers healthy foliage in Earthen Pot/Plastic Pot of size 20 cm.",60.0
2022,1,Trivandrum,"Syngonium variegated plant,of height 30-45 cm. with 2-3 suckers healthy foliage in Earthen Pot/Plastic Pot of size 20 cm.",55.0
2022,1,Trivandrum,"Tradiscantia plant, full of leaves in Earthen Pot/Plastic Pot of size 20 cm",55.0
2022,1,Trivandrum,"Wadelia trilobata plant,full of leaves in 15 cm size of Poly bags.",25.0
2022,1,Trivandrum,Zebrina Trades cantia plant having in 20 cm size of Earthen Pot / Plastic Pot.,55.0
2022,1,Trivandrum,Acacia auriculiformis of plants ht 150-165 cm in bag size of plants 25 cm,110.0
2022,1,Trivandrum,Adansonia digitata (kalp vricksh) of plants ht 150-165 cm in bag size of plants 25 cm,410.0
2022,1,Trivandrum,Albizzia lebbek of plants height 150-165 cm. in bag of plants size 25 cm,95.0
2022,1,Trivandrum,Alstonia scholaris of plants height 150-165 cm. in bag of plants size 25 cm,95.0
2022,1,Trivandrum,Azadirachta indica ( Neem ) of plants height 120-130cm in big polybag of plants size 25 cm,95.0
2022,1,Trivandrum,Bassia latifolia (Mahua) of plants height 90-105 cm. in big polybag of plants size 25 cm,95.0
2022,1,Trivandrum,Bauhinia blakeana (Kachnar) of plants height 120-150 cm. in big poly bags of plants size 25 cm,125.0
2022,1,Trivandrum,Bauhinia purpurea (Kachnar) of plants height 150-165 cm. in big poly bags of plants size 25 cm,80.0
2022,1,Trivandrum,Bombax ceiba of plants height 150-165 cm. in big poly bags of plants size 25 cm,110.0
2022,1,Trivandrum,Bottle palm of plants ht. 150-180 cm bottom girth 20-25 cm well devedoped in big poly bags of plants size 25 cm,1310.0
2022,1,Trivandrum,Bottle palm of plants ht. 210-240 cm bottom girth 30-35 cm well devedoped in big HDPE bags.,2410.0
2022,1,Trivandrum,Butea frondosa (Flame of plants Fores ikS/kkt) of plants height 60-75 cm. in big poly bags of plants size 25 cm,92.0
2022,1,Trivandrum,Callistemon lanceolatus of plants height 150-165 cm. in big poly bags of plants size 25 cm,270.0
2022,1,Trivandrum,Casuarina equisetifolia of plants height 150-165 cm in big poly bags of plants size 25 cm,90.0
2022,1,Trivandrum,Cassia fistula (Amaltash) of plants height 120-135 cm. in big poly bags of plants size 25 cm,90.0
2022,1,Trivandrum,Cassia siamea of plants height 150-165 cm. in big poly bags of plants size 25 cm,92.0
2022,1,Trivandrum,Cassia javanica of plants height 120-150 cm. in big poly bags of plants size 25 cm,130.0
2022,1,Trivandrum,Cassia nodosa of plants height 120-150 cm. in big poly bags of plants size 25 cm,90.0
2022,1,Trivandrum,Ceiba pentandra of plants height 150-165 cm. in big poly bags of plants size 25 cm,90.0
2022,1,Trivandrum,Chorisia speciosa of plants height 150-165 cm. in big poly bags of plants size 25 cm,130.0
2022,1,Trivandrum,Chukrassia tabularis of plants height 150-165 cm. in big poly bags of plants size 25 cm,90.0
2022,1,Trivandrum,Dalbergia sissoo (Seasam) of plants height 120-135 cm. in big poly bags of plants size 25 cm,80.0
2022,1,Trivandrum,Delonix regia (Gulmohar) of plants height 150-165 cm. in big poly bags of plants size 25 cm,90.0
2022,1,Trivandrum,Erythrina indica of plants height 150-165 cm. in big polybag of plants size 25 cm,90.0
2022,1,Trivandrum,Ficus benjamina (green) of plants height 120-135 cm. with 6-8 branches and lush green foliage in gunny bags of plants size 25 cm,325.0
2022,1,Trivandrum,"Ficus benjamina (green) of plants height 150-165 cm., bushy with healthy branches and lush green foliage in big size HDPE bags",370.0
2022,1,Trivandrum,Ficus bengalensis (Bargad) of plants height 120-135 cm. in big poly bags of plants size 25 cm,160.0
2022,1,Trivandrum,"Ficus bengalensis (varigated) of plants height 75-90 cm., multibranched in earthen pots of plants size 30 cm",130.0
2022,1,Trivandrum,"Ficus bengalensis krishna of plants height 75-90 cm., multibranched in earthen pots of plants size 30 cm",137.0
2022,1,Trivandrum,Ficus elastica Decora (Rubber plant) of plants height 45-60 cm. in earthen pots of plants size 25 cm,215.0
2022,1,Trivandrum,Ficus infectoria (Pilkhan) of plants height 150-165 cm. in big polybag of plants size 25 cm,160.0
2022,1,Trivandrum,Ficus Iyrata of plants height 45-60 cm. in earthen pots of plants size 25 cm,1050.0
2022,1,Trivandrum,Ficus nuda of plants height 120-135 cm. with 6-8 branches and lush green foliage in g. bags of plants size 25 cm,190.0
2022,1,Trivandrum,"Ficus nuda of plants height 150-165 cm., bushy with healthy branches and lush green foliage in big size HDPE bags",36.0
2022,1,Trivandrum,Ficus religiosa (Pepal) of plants height 150-165 cm. in big poly bags of plants size 30 cm,210.0
2022,1,Trivandrum,Ficus retusa well branched of plants height 120-135 cm. in big poly bags of plants size of plants 30 cm,210.0
2022,1,Trivandrum,Ficus shiela of plants height 150-165 cm. in big poly bags of plants size 25 cm,160.0
2022,1,Trivandrum,Fishtail palm of plants ht. 150-180 cm bottom girth 15-20 cm well developed in big poly bags of plants size 25 cm,540.0
2022,1,Trivandrum,Fishtail palm of plants ht. 210-240 cm bottom girth 25-30 cm well developed in big size HDPE bags,820.0
2022,1,Trivandrum,Fishtail palm of plants ht. 270-300 cm bottom girth 40-50 cm well developed in big size HDPE bags,1350.0
2022,1,Trivandrum,Foxtail palm of plants ht. 120-150 cm bottom girth 15-20 cm well developed in big poly bags of plants size 25 cm,550.0
2022,1,Trivandrum,Foxtail palm of plants ht. 180-210 cm bottom girth 25-30 cm well developed in big size HDPE bags,820.0
2022,1,Trivandrum,Foxtail palm of plants ht. 240-270 cm bottom girth 35-40 cm well developed in big size HDPE bags,1350.0
2022,1,Trivandrum,Grevillea robusta (Silver Oak) of plants height 150-165 cm. in big poly bags of plants size 25 cm,160.0
2022,1,Trivandrum,Heterophragma adenophyllum (Marore fali) of plants height 150-165 cm. in Big poly bag of plants size 25 cm,105.0
2022,1,Trivandrum,Ingla dulcis (Jungle Jalebi) of plants height 150-165 cm. in big poly bags of plants size 25 cm,130.0
2022,1,Trivandrum,Jacaranda mimosifolia of plants height 150-165 cm. in big poly bags of plants size 25 cm,160.0
2022,1,Trivandrum,Kigelia pinnata of plants height 150-165 cm. in big poly bags of plants size 25 cm,130.0
2022,1,Trivandrum,Lagerstroemia flosreginae of plants height 150-165 cm.in big poly bag of plants size 25 cm,210.0
2022,1,Trivandrum,Lagerstroemia thorelli of plants height 150-165 cm.in big poly bag of plants size 25 cm,210.0
2022,1,Trivandrum,Magnolia grandiflora of plants height 150-165 cm. in big poly bag of plants size 25 cm,650.0
2022,1,Trivandrum,Mangifera indica (Mango-grafted ) of plants height 60-75 cm. in big poly bag of plants size 25 cm,42.0
2022,1,Trivandrum,Melia azedarach of plants height 120-135 cm. in big poly bag of plants size 25 cm,90.0
2022,1,Trivandrum,Michelia champa (Golden Champa) of plants height 90-105 cm. in earthen pots of plants size 25 cm,110.0
2022,1,Trivandrum,Milletia ovalifolia of plants height 120-135 cm. in big poly bag of plants size 25 cm,160.0
2022,1,Trivandrum,Millingtonia hortensis of plants height 150-165 cm. in big poly bag of plants size 25 cm,110.0
2022,1,Trivandrum,Mimusops elengi (Maulsri) of plants height 150-165 cm. in big poly bag of plants size 25 cm,105.0
2022,1,Trivandrum,"Mimusops elengi (Maulsri) of plants height 180-195 cm., well developed with thick stem in big in big size HDPE bag",180.0
2022,1,Trivandrum,Nauclea cadamba (Kadam) of plants height 150-165 cm. in big poly bag of plants size 25 cm,105.0
2022,1,Trivandrum,Parkinsonia species of plants height 120-135 cm. in big poly bag of plants size 25 cm,80.0
2022,1,Trivandrum,Peltophorum speciesof plants height 150-165 cm. in big poly bags of plants size 25 cm,90.0
2022,1,Trivandrum,Phoenix sylvestris Roxb. (Wild date palm/khajur) of plants height 150-165 cm. in Big HDPE Bag,950.0
2022,1,Trivandrum,Phyllanthus emblica (Amla) of plants height 150-165 cm. in Big HDPE Bag,130.0
2022,1,Trivandrum,Pinus longifolia (Pinus) of plants height 90-105 cm. in cement pots of plants size 35 cm,850.0
2022,1,Trivandrum,Pithecellobium dulce (Jungle Jalebi) of plants height 120-150 cm. in Big HDPE Bag,90.0
2022,1,Trivandrum,Plumeria acutifolia of plants height 120-135 cm. with 2-3 branches in HDPE bag of plants size 30 cm,160.0
2022,1,Trivandrum,Plumeria acutifolia of plants height 150-165 cm. with 3-4 branches in big size HDPE bag,320.0
2022,1,Trivandrum,Plumeria alba of plants height 120-135 cm. with 2-3 branches in bags of plants size 30 cm,210.0
2022,1,Trivandrum,Plumeria alba of plants height 165-180 cm. with 3-4 branches and thick stem in big size HDPE bags,540.0
2022,1,Trivandrum,Plumeria alba dwarf of plants height 90-105 cm. with 3-4 branches and thick stem in big size HDPE bags,1100.0
2022,1,Trivandrum,Plumeria rubra of plants height 120-150 cm. with 3-4 branches and thick stem in big size HDPE bags,550.0
2022,1,Trivandrum,Pongamia glabra (Papri) of plants height 120-135 cm. in big poly bag of plants size 25 cm,80.0
2022,1,Trivandrum,Polyalthia longifolia (Ashok) of plants height 150-165 cm. in earthen pots of plants size 25 cm,110.0
2022,1,Trivandrum,Polyalthia longifolia (Ashok) of plants height 180-195 cm. in gunny bag of plants size 30 cm,160.0
2022,1,Trivandrum,Polyalthia pendula (Ashok Pendula) of plants height 150-165 cm. in earthen pots of plants size 25 cm,125.0
2022,1,Trivandrum,Polyalthia pendula (Ashok Pendula) of plants height 180-195 cm. in gunny bag of plants size 30 cm,165.0
2022,1,Trivandrum,Pterospermum acerifolium (Kanak Champa) of plants height 150-165 cm. in big poly bags of plants size 25 cm,95.0
2022,1,Trivandrum,Putranjiva roxburghii of plants height 90-105 cm. in big polybag of plants size 25 cm,85.0
2022,1,Trivandrum,Saraca indica (Sita Ashok) of plants height 105-120 cm. in big poly bags of plants size 25 cm,90.0
2022,1,Trivandrum,Schleichera trijuga (Kusum) of plants height 150-165 cm. in big poly bags of plants size 25 cm,110.0
2022,1,Trivandrum,Spathodea campanulata of plants height 150-165 cm. in big poly bags of plants size 25 cm,155.0
2022,1,Trivandrum,Eugenia jambolana (Jamun) of plants height 150-165 cm. in big poly bags of plants size 25 cm,160.0
2022,1,Trivandrum,Tabebuia sp. of plants height 150-165 cm. in big polybags of plants size 25 cm,160.0
2022,1,Trivandrum,Tamarindus indica (Imli) of plants height 120-150 cm. in big polybags of plants size 25 cm,160.0
2022,1,Trivandrum,Tecoma argentea of plants height 120-135 cm. in big poly bag of plants size 25 cm,130.0
2022,1,Trivandrum,Tectona grandis (Teak) of plants height 150-165 cm. in big polybags of plants size 25 cm,155.0
2022,1,Trivandrum,Terminalia arjuna of plants height 150-165 cm. in big polybags of plants size 25 cm,105.0
2022,1,Trivandrum,Washingtonia filifea palm stem ht. 90-105 cm with 6-7 healthy leaves lush green leaves well developed in big size HDPE Bags,650.0
2022,1,Trivandrum,Washingtonia filifea palm stem ht. 120-135 cm with 8-10 healthy leaves lush green leaves well developed in big size HDPE Bags,100.0
2022,1,Trivandrum,Supply and stacking of plant Bauhinia acuminata height 60-75 cm. in earthen pots of size 20 cm,75.0
2022,1,Trivandrum,Supply and stacking of plant Beloperone species of height 30-45 cm. in poly bags of size 20 cm,65.0
2022,1,Trivandrum,Supply and stacking of plant Caesalpinia pulcherrima species of height 45-60 cm. in earthen pot of size 20 cm,65.0
2022,1,Trivandrum,"Supply and stacking of plant Calliandra, emarginata of height 45-60 cm. in earthen pot of size 20 cm",52.0
2022,1,Trivandrum,Supply and stacking of plant Calliandra hybrida of height 75-90 cm. with 4-5 branches in bag of size 25 cm,90.0
2022,1,Trivandrum,"Supply and stacking of plant Calliandra hybrida of height 105-120 cm., well branched, bushy in big size HDPE bag",155.0
2022,1,Trivandrum,Supply and stacking of plant Cassia biflora of height 45-60 cm. in earthen pots of size 20 cm,65.0
2022,1,Trivandrum,Supply and stacking of plant Cassia biflora of height 60-75 cm. with 4-5 branches in poly bags of size 25 cm,80.0
2022,1,Trivandrum,"Supply and stacking of plant Cassia biflora of height 90-105 cm., well branched, bushy in big size HDPE bag",160.0
2022,1,Trivandrum,Supply and stacking of plant Cassia laevigata of height 45-60 cm. in earthen pots of size 20 cm,60.0
2022,1,Trivandrum,Supply and stacking of plant Cassia laevigata of height 60-75 cm. with 4-5 branches in bag of size 25 cm,65.0
2022,1,Trivandrum,Supply and stacking of plant Cestrum nocturnum (Raat ki Rani) of height 60-75 cm. with 4-5 branches in bag of size 25 cm,55.0
2022,1,Trivandrum,Supply and stacking of plant Dombeya mastersii of height 60-75 cm. with 4-5 branches in bag of size 25 cm,165.0
2022,1,Trivandrum,Supply and stacking of plant Euphorbia caracasana (bronze colour leaves) of height 60-75 cm. with 2-3 branches in earthen pots of size 20 cm,65.0
2022,1,Trivandrum,Supply and stacking of plant Euphorbia caracasana (bronze colour leaves) of height 60-75 cm. with 4-5 branches in bag of size 25 cm,80.0
2022,1,Trivandrum,"Supply and stacking of plant Euphorbia caracasana (bronze colour leaves) of height 90-105 cm., bushy in big size HDPE bag",155.0
2022,1,Trivandrum,Supply and stacking of plant Euphorbia pulcherrima (dark red double bracts) well branched of height 60-75 cm. in earthen pots of size 25 cm,180.0
2022,1,Trivandrum,Supply and stacking of plant Euphorbia pulcherrima (dark red) well branched (poinsettia Red Hegg) of height 60-75 cm. in earthen pots of size 25 cm,180.0
2022,1,Trivandrum,Supply and stacking of plant Excoecaria bicolor of height 45-60 cm. in earthen pots of size 20 cm,160.0
2022,1,Trivandrum,Supply and stacking of plant Ficus blackii (F.vivion) of height 45-60 cm. with 6-8 branches healthy foliage in earthen pots of size 25 cm,165.0
2022,1,Trivandrum,Supply and stacking of plant Ficus blackii (F.vivion) (bushy) of height 150-165 cm. with 8-10 branches and healthy foliage in earthen pots of size 30 cm,160.0
2022,1,Trivandrum,Supply and stacking of plant Ficus panda of height 30-45 cm. with 3-4 branches and healthy foliage in p.bag of size 20 cm,55.0
2022,1,Trivandrum,Supply and stacking of plant Ficus panda of height 45-60 cm. with 6-7 branches and healthy foliage in p.bag of size 25 cm,13.0
2022,1,Trivandrum,"Supply and stacking of plant Ficus panda of height 60-90 cm, with 8-10 branches, and healthy foliage, bushy in big size HDPE bag",295.0
2022,1,Trivandrum,"Supply and stacking of plant Ficus panda of height 90-105 cm. with 10-12 branches and healthy foliage, well formed in cement pots of size 30 cm",650.0
2022,1,Trivandrum,Supply and stacking of plant Gardenia jasminoides of height 45-60 cm. with 3-4 branches in earthen pots of size 20 cm,105.0
2022,1,Trivandrum,Supply and stacking of plant Hamelia patens of height 30-45 cm. with 3-4 branches in poly bags of size 20 cm,27.0
2022,1,Trivandrum,Supply and stacking of plant Hamelia patens of height 60-75 cm. with 6-8 branches in poly bags of size 25 cm,70.0
2022,1,Trivandrum,Supply and stacking of plant Hamelia patens of height 90-105 cm. bushy in big size HDPE bags as per direction of the officer-in-charge,155.0
2022,1,Trivandrum,Supply and stacking of plant Hamelia patens (Dwarf ) of height 30-45 cm. with 3-4 branches in earthen pots of size 20 cm,58.0
2022,1,Trivandrum,Supply and stacking of plant Hibiscus rosasinensis of height 45-60 cm. with 3-4 branches in earthen pots of size 20 cm,52.0
2022,1,Trivandrum,Supply and stacking of plant Hibiscus rosasinensis of height 60-75 cm. with 5-6 branches in p.bag of size 25 cm,7.0
2022,1,Trivandrum,"Supply and stacking of plant Hibiscus rosasinensis of height 90-105 cm., bushy in big size HDPE bag",120.0
2022,1,Trivandrum,Supply and stacking of plant Hibiscus variegated of height 45-60 cm. with 3-4 branches and healthy variegated foliage in earthen pots of size 20 cm,58.0
2022,1,Trivandrum,Supply and stacking of plant Hibiscus variegated of height 60-75 cm. with 8-10 branches and healthy variegated foliage in cement pots of size 35 cm,270.0
2022,1,Trivandrum,Supply and stacking of plant Hibiscus variegated of height 60-75 cm. with healthy variegated foliage in earthen pots size 25 cm,75.0
2022,1,Trivandrum,Supply and stacking of plant Jatropha multifida (red colour) of height 45-60 cm. with 2-3 branches in earthen pots of size 20 cm,55.0
2022,1,Trivandrum,Supply and stacking of plant Jatropha multifida (red colour) of height 60-75 cm. multibranched in p.bag of size 25 cm,65.0
2022,1,Trivandrum,Supply and stacking of plant Largerstroemia indica of height 90-105 cm. multibranched in poly bags of size 25 cm,68.0
2022,1,Trivandrum,Supply and stacking of plant Largerstroemia indica of height 45-60 cm. in polybag of size 20 cm,48.0
2022,1,Trivandrum,"Supply and stacking of plant Malpighia coccigera of height 30-45 cm., multibranched in earthen pots of size 20 cm",80.0
2022,1,Trivandrum,Supply and stacking of plant Murraya exotica of height 45-60 cm. in poly bags of size 15 cm,27.0
2022,1,Trivandrum,Supply and stacking of plant Murraya Koenigii spreng (Kadipatta/meetha neem) of ht 45-60 cm well developed in earthen pots of size 20 cm.,42.0
2022,1,Trivandrum,Supply and stacking of plant Mussaenda erythrophylla (Rosea) of height 60-75 cm. multi branched in earthen pots of size 25 cm,130.0
2022,1,Trivandrum,Supply and stacking of plant Nerium oleander (kaner) of height 45-60 cm. with 3-4 branches in poly bags of size 20 cm,42.0
2022,1,Trivandrum,Supply and stacking of plant Nerium oleander (kaner) of height 60-75 cm. with 5-6 branches in poly bags of size 25 cm,60.0
2022,1,Trivandrum,Supply and stacking of plant Nerium oleander (kaner) dwarf of height 30-40 cm. in earthen pot of size 20 cm,60.0
2022,1,Trivandrum,Supply and stacking of plant Nerium oleander variegated of height 45-60 cm. in earthen pots of size 20 cm,63.0
2022,1,Trivandrum,"Supply and stacking of plant Nerium oleander variegated of height 60-75 cm., multibranched in earthen pots of size 25 cm",63.0
2022,1,Trivandrum,Supply and stacking of plant Nyctanthes arbor-tristis (Hasingar) of ht. 90-105 cm in Earthen pots of size 20 cm,105.0
2022,1,Trivandrum,"Supply and stacking of plant Plumbego capensis well developed with fresh and healthy 30 to 45 cm ht., with bloom in 20 cm Earthen Pot/Plastic Pot",105.0
2022,1,Trivandrum,Supply and stacking of plant Putranjiva roxburghii of ht. 45-60 cm in bag of size 15 cm,55.0
2022,1,Trivandrum,Supply and stacking of plant Putranjiva roxburghii of ht. 60-75 cm in bag of size 20 cm,8.0
2022,1,Trivandrum,Supply and stacking of plant Tabernaemontana coronaria (Chandni single) of height 45-60 cm. in earthen pots of size 20 cm,110.0
2022,1,Trivandrum,Supply and stacking of plant Tabernaemontana coronaria (Chandni single) of height 75-90 cm. with 5-6 branches in bag of size 25 cm,130.0
2022,1,Trivandrum,"Supply and stacking of plant Tabernaemontana coronaria (Chandni single) of height 90-105 cm.,bushy in big size HDPE bag",155.0
2022,1,Trivandrum,Supply and stacking of plant Tabernaemontana coronaria (chandni variegated) of height 45-60 cm. with 3-4 branches earthen pots of size 20 cm,115.0
2022,1,Trivandrum,"Supply and stacking of plant Tabernaemontana coronaria (Chandni single) variegated of height 60-75 cm., 5-6 branches in p.bags of size 25 cm",80.0
2022,1,Trivandrum,"Supply and stacking of plant Tabernaemontana coronaria (Chandni single) veriegated of height 105-120 cm., multibranched, bushy in big size HDPE bag",160.0
2022,1,Trivandrum,Supply and stacking of plant Tabernaemontana divaricata (Chandni double) of height 45-60 cm. in earthen pots of size 20 cm,65.0
2022,1,Trivandrum,Supply and stacking of plant Tabernaemontana divaricata (Chandni double) of height 75-90 cm. with 4-5 branches in bag of size 25 cm,65.0
2022,1,Trivandrum,"Supply and stacking of plant Tabernaemontana divaricata (Chandni double) of height 90-105 cm., bushy in big size HDPE bag",160.0
2022,1,Trivandrum,Supply and stacking of plant Tecoma gaudichaudi of height 45-60 cm. in earthen pots of size 20 cm,60.0
2022,1,Trivandrum,Supply and stacking of plant Tecoma gaudichaudi of height 60-75 cm. with 5-6 branches in p.bag of size 25 cm,90.0
2022,1,Trivandrum,"Supply and stacking of plant Tecoma gaudichaudi of height 90-105 cm., bushy in big size HDPE bage",160.0
2022,1,Trivandrum,Supply and stacking of plant Tecoma stans of height 45-60 cm. branched in earthen pots of size 20 cm,90.0
2022,1,Trivandrum,Supply and stacking of plant Tecoma stans of height 60-75 cm. branched in earthen pots of size 20 cm,110.0
2022,1,Trivandrum,Supply and stacking of plant Tecoma stans of height 90-105 cm. bushy in big size HDPE bag,190.0
2022,1,Trivandrum,Supply and stacking of plant Thevetia nerifolia of height 30-45 cm. with 3-4 branches in poly bags of size 20 cm,48.0
2022,1,Trivandrum,Supply and stacking of plant Thevetia nerifolia of height 60-75 cm. with 5-6 branches in poly bags of size 25 cm,70.0
2022,1,Trivandrum,"Supply and stacking of plant Thuja compacta of height 45-60 cm., well branched in earthen pots of size 25 cm",90.0
2022,1,Trivandrum,"Supply and stacking of plant Thuja compacta of height 75-90 cm., conical shaped, well formed with healthy foliage in earthen pots of size 30 cm",210.0
2022,1,Trivandrum,Allamanda cathartica plant of height 30 cm to 45 cm. in 20 cm size of Earthen pots / Plastic pots,60.0
2022,1,Trivandrum,Allamanda violacea plant of height 30 cm to 45 cm. in poly bag of size 20 cm,60.0
2022,1,Trivandrum,Bignonia venusta (Golden shower) plant of height 30 cm to 45 cm. in 20 cm size of Earthen pots / Plastic pots,65.0
2022,1,Trivandrum,"Bougainvillea (Variety Butiana, Lady Mary Baring, Mahara,Mohan, Scarlet Queen, Varigata, Glabra Formosa, Peruviana Odissi, Partha, Subhra,Thimma, Spectabilis L.N Birla, Refulgens) plant of height 30 cm. to 45 cm. with 2-3 branches in 20 cm size of Earthen pots / Plastic pots.",90.0
2022,1,Trivandrum,Clerodendrum splendens plant of height 30 cm to 45 cm. in 20 cm size of Earthen pots / Plastic pots,55.0
2022,1,Trivandrum,Clerodendrum thompsonae plant of height 30 cm.to 45 cm. in 30 cm to 45 cm. in 20 cm size of poly bag & as per direction of the officer-in-charge,60.0
2022,1,Trivandrum,Ipomea purpurea (Morning glory) plant of height 30 cm to 45 cm. in 20 cm size of Earthen pots / Plastic pots,53.0
2022,1,Trivandrum,Jasminum grandiflorum (chameli) plant of height 30 cm to 45 cm. in 20 cm size of Earthen pots / Plastic pots.,55.0
2022,1,Trivandrum,Jasminum humile (Yellow) plant of height 30 cm to 45 cm. in 20 cm size of Earthen pots / Plastic pots,52.0
2022,1,Trivandrum,Passiflora caerulea (Rakhi bel) plant of height 30 cm to 45 cm. in 20 cm size of Earthen pots / Plastic pots,65.0
2022,1,Trivandrum,Petrea volubilis plant of height 30 cm to 45 cm. in 20 cm size of Earthen pots / Plastic pots,55.0
2022,1,Trivandrum,Quisqualis indica plant of height 30 cm to 45 cm. in 20 cm size of Earthen pots / Plastic pots,55.0
2022,1,Trivandrum,Tecoma grandiflora plant of height 30 cm to 45 cm. in 20 cm size of Earthen pots / Plastic pots,55.0
2022,1,Trivandrum,Vernonia elaegnifolia (curtain creeper) plant of height 30 cm to 45 cm. in 20 cm size of Earthen pots / Plastic pots,55.0
2022,1,Trivandrum,Alyssum,660.0
2022,1,Trivandrum,Antirrhinum dwarf,1000.0
2022,1,Trivandrum,Aster dwarf,820.0
2022,1,Trivandrum,Brachycome,825.0
2022,1,Trivandrum,Calendula double,820.0
2022,1,Trivandrum,Carnation (double) Dutch,1600.0
2022,1,Trivandrum,Carnation (double) Lilyput,1900.0
2022,1,Trivandrum,Carnation hybrid,1350.0
2022,1,Trivandrum,Chrysanthemum double,650.0
2022,1,Trivandrum,Cineraria,800.0
2022,1,Trivandrum,Cineraria dwarf hybrid,1150.0
2022,1,Trivandrum,Clarkia hybrid,1150.0
2022,1,Trivandrum,Dahlia double,810.0
2022,1,Trivandrum,Daisy hybrid,630.0
2022,1,Trivandrum,Dianthus hybrid,800.0
2022,1,Trivandrum,Gazania hybrid,800.0
2022,1,Trivandrum,Gerbera hybrid double,3500.0
2022,1,Trivandrum,Lupin hybrid,650.0
2022,1,Trivandrum,Marigold French Hybrid dwarf,640.0
2022,1,Trivandrum,Marigold inca hybrid,780.0
2022,1,Trivandrum,Nasturtium,800.0
2022,1,Trivandrum,Nemesia hybrid,630.0
2022,1,Trivandrum,Pansy Hybrid,1050.0
2022,1,Trivandrum,Petunia hybrid,950.0
2022,1,Trivandrum,Phlox mix colour hybrid,785.0
2022,1,Trivandrum,Poppy double,800.0
2022,1,Trivandrum,Salvia,640.0
2022,1,Trivandrum,Salvia Hybrid different colour,790.0
2022,1,Trivandrum,Stock double,780.0
2022,1,Trivandrum,Verbena hybrid,640.0
2022,1,Trivandrum,Balsum seedling,775.0
2022,1,Trivandrum,Celosia argentea & Celosia cristata Hybrid,630.0
2022,1,Trivandrum,Cosmos hybrid,900.0
2022,1,Trivandrum,Gaillardia Double,620.0
2022,1,Trivandrum,Gomphrena,770.0
2022,1,Trivandrum,Kochia,620.0
2022,1,Trivandrum,Portulaca hybrid,625.0
2022,1,Trivandrum,Sunflower Dwarf,765.0
2022,1,Trivandrum,Vinca Hybrid,640.0
2022,1,Trivandrum,Zinnia hybrid,640.0
2022,1,Trivandrum,"Aglaonema Butterfly plant having ht.30 cm 10 to 12 fresh, healthy and attractive colourfull leaves, well developed in 25 cm size Earthen pot/Plastic pot",244.0
2022,1,Trivandrum,"Aglaonema Ice plant ht.25 cm having 10 to 12 fresh, healthy and attractive colourfull leaves, well developed in 25 cm size Earthen pot/Plastic pot",244.0
2022,1,Trivandrum,"Aglaonema sam plant,ht.30 cm well developed three in one, having 18 to 20 fresh, healthy and attractive colourfull leaves in 35 cm size Earthen pot/ Chali/Tray",387.0
2022,1,Trivandrum,"Araucaria cookie plant, having ht. 90 cm to 120 cm, straight, well developed,fresh and healthy with lush green leaves from bottom to top in 25 cm size of earthen pot/plastic pot",335.0
2022,1,Trivandrum,"Brassia hicolour 3 in 1 well developed with fresh, healthy from bottom to top with 30 cm to 45 cm ht. in 25 cm size Plastic pot/Earthen pot",170.0
2022,1,Trivandrum,"Diffenbachia superba, well developed, with 10-12 fresh, healthy and attractive leaves 45 cm to 60 cm ht. in 25 cm size Earthen pot/ Plastic pot",217.0
2022,1,Trivandrum,"Dreaceana pendanus, well developed, having 6 to 8 suckers with helthy foliage in 25 cm size Earthen pot /Plastic pot",244.0
2022,1,Trivandrum,"Rubber plant black variety, well developed, having 45 to 60 cm ht.with
fresh, healthy and attractive colourfull leaves in 25 cm size Earthen pot/
Plastic pot",123.0
2022,1,Trivandrum,"Rubber plant varigated, well developed, having 45 to 60 cm ht.with fresh,
healthy and attractive colourfull leaves in 20 cm size Earthen pot/Plastic
pot",204.0
2022,1,Trivandrum,"Schefflera green 3 in 1 well developed with fresh, healthy and attractive
foliage from having 45 cm to 60 cm ht. in 25 cm size Earthen pot/Plastic
pot",271.0
2022,1,Trivandrum,"Spathiphyllum (peace lilly), having 15 cm to 25 cm ht. blooming stag with fresh & healthy foliage well developed in 15 cm of Earthen pot/plastic pot",125.0
2022,1,Trivandrum,"Bush Rose in different colour 2 to 3 healthy branch 30 cm and above ht.
well developed with 8 or more flowers / flower buds in 20 cm Earthen pot/
Plastic pot",65.0
2022,1,Trivandrum,"Motia of height 25 to 30 cm., 2 to 3 branch in earthen pot of size 20 cm",60.0
2022,1,Trivandrum,"Mogra of height 25 to 30 cm., 2 to 3 branch in earthen pot of size 20 cm",70.0
2022,1,Trivandrum,"Canna dwarf of height 25 to 30 cm., 2 to 3 suckers in earthen pot of size 20 cm",55.0
2022,1,Trivandrum,"Chandni dwarf of height 15 cm., well branched in earthen pot of size 25 cm",55.0
2022,1,Trivandrum,"Ficus long Island plant of height 15 cm to 20 cm, full of branches and foliage in 20 cm size of Earthen Pot/Plastic Pot",65.0
2022,1,Trivandrum,Earth carriage 50 m head load 1.2.2,225.0
2022,1,Trivandrum,Manure/ Sludge Carriage 50 m head load 1.2.3,0.0
2022,1,Trivandrum,Premise 30.50% 1P,1150.0
2022,1,Trivandrum,G I wire,110.0
2022,4,Trivandrum,Hire charges of Coaltar Boiler 900 to 1400 litres,1305.0
2022,4,Trivandrum,Hire charges of Concrete Mixer 0.25 to 0.40 cum with Hopper,2280.0
2022,4,Trivandrum,Hire charges of Diesel Road Roller- 8 to 10 tonne,5035.0
2022,4,Trivandrum,Production cost of concrete by batch mix plant,550.0
2022,4,Trivandrum,Hire charges of Diesel Truck-9 tonne,3710.0
2022,4,Trivandrum,Hire charges of sparaying machine including electric charges,392.0
2022,4,Trivandrum,Hire charges of coaltar Sprayer,475.0
2022,4,Trivandrum,"Hire charges of Barber green, drying,mixing and Asphalt Plant, with accessories, capacity 30/45 tonne",12110.0
2022,4,Trivandrum,"Pumping charges of concrete including Hire charges of pump, piping work & accessories etc.",300.0
2022,4,Trivandrum,Hire charges of Derrick monkey rope,1260.0
2022,4,Trivandrum,Hire charges of Pump set of capacity 4000 litres/hour,1100.0
2022,4,Trivandrum,Vibrator (Needle type 40 mm),850.0
2022,4,Trivandrum,Machine for rubbing of floors,530.0
2022,4,Trivandrum,Front end loader capacity 1.00 cum,8270.0
2022,4,Trivandrum,Hire and running charges of Tripod and Mechanical Winch machine complete with power unit and accessories,9685.0
2022,4,Trivandrum,Mastic Cooker,1180.0
2022,4,Trivandrum,Hire and running charges of tipper,4030.0
2022,4,Trivandrum,Hire and running charges of loader,7420.0
2022,4,Trivandrum,Hand Grinder for mirror polish,460.0
2022,4,Trivandrum,Hydraulic Excavator (3D) with driver and fuel,10710.0
2022,4,Trivandrum,pin vibrator,515.0
2022,4,Trivandrum,Surface Vibrator,630.0
2022,4,Trivandrum,Hot Bitumen Mixer 0.5cum i/c hand cart,6290.0
2022,4,Trivandrum,Hire and running charges of hydraulic piling with power unit etc. including complete accessories and shifting at site,50140.0
2022,4,Trivandrum,Hire and running charges of light crane,4100.0
2022,4,Trivandrum,Hire and running charges of bentonite pump,6605.0
2022,4,Trivandrum,Hire and running charges of vibrating pile driving hammer complete with power unit and accessories,55040.0
2022,4,Trivandrum,Hire and running charges of crane 20 tonne capacity,9540.0
2022,4,Trivandrum,Carriage of concrete by transit mixer,50.0
2022,4,Trivandrum,Steam curing by using boiler /Heater,720.0
2022,4,Trivandrum,Stressing Machine (jack with pump),16325.0
2022,4,Trivandrum,Paint applicator,1180.0
2022,4,Trivandrum,Cutting saw machine,1960.0
2022,4,Trivandrum,Strands Roller machinery for laying strands,5035.0
2022,4,Trivandrum,Bed master (Pulling strands),4275.0
2022,4,Trivandrum,Mobile crane,10050.0
2022,4,Trivandrum,Tractor with ripper attachment,2125.0
2022,4,Trivandrum,Tractor with trolley,2360.0
2022,4,Trivandrum,Air compressor 250 cm with two leads for pneumatic cutters/hammers,2650.0
2022,4,Trivandrum,joint cutting machine with 2-3 blades,1575.0
2022,4,Trivandrum,C.C.batch mix plant,15725.0
2022,4,Trivandrum,Road Sweeper,870.0
2022,4,Trivandrum,Cost for crane upto 40 tonne capacity,11450.0
2022,4,Trivandrum,Slip form paver with sensor,20445.0
2022,4,Trivandrum,Water tanker 5000 Ltr. Capacity,1800.0
2022,4,Trivandrum,Concrete joint cutting machine,1415.0
2022,4,Trivandrum,Texturing machine,1450.0
2022,4,Trivandrum,Dozer D-80-A12,5980.0
2022,4,Trivandrum,Motor Grade 3.35 meter blade,3850.0
2022,4,Trivandrum,Hydraulic Excavator of 1 cum bucker,1590.0
2022,4,Trivandrum,Front end loader 1 cum bucket capacity (incl POL),1260.0
2022,4,Trivandrum,Tipper -5 cum,6.0
2022,4,Trivandrum,Vibratory roller 8 to 10 tonne,2360.0
2022,4,Trivandrum,Smooth Wheeled Roller 8 to 10 tonne,850.0
2022,4,Trivandrum,Tandem Road Roller,1805.0
2022,4,Trivandrum,Water Tanker 5 to 6 KL Capacity,235.0
2022,4,Trivandrum,Air Compressor,510.0
2022,4,Trivandrum,Wet Mix Plant 60 TPH,1890.0
2022,4,Trivandrum,Mechanical Broom Hydraulic,565.0
2022,4,Trivandrum,Emulsion Pressure Distributor @1750 sqm per hour,1260.0
2022,4,Trivandrum,Hot Mix Plant - 120 TPH capacity,32270.0
2022,4,Trivandrum,Hot Mix Plant 100 TPH Capacity,27520.0
2022,4,Trivandrum,Paver finisher Hydrostatic with sensor control 100 TPH,4245.0
2022,4,Trivandrum,Paver finisher Mechanical 100 TPH,1570.0
2022,4,Trivandrum,Batching and Mixing Plant @75 cum per hour,3930.0
2022,4,Trivandrum,Cost for crane upto 80 tonne capacity,19290.0
2022,4,Trivandrum,Concrete Paver finisher with 40 HP Motor and sensor,4560.0
2022,4,Trivandrum,Generator 250 KVA,1415.0
2022,4,Trivandrum,Generator 100 KVA/125,1095.0
2022,4,Trivandrum,Truck 5.5 cum/ 10 tonnes,6.0
2022,4,Trivandrum,Cost for crane having capacity 50MT,12085.0
2022,4,Trivandrum,Road sweeper (Mechamical Broom) @ 1250 sqm per hour,565.0
2022,4,Trivandrum,Drum Type HMP of 60-90 TPH Capacity @ 75 tonne per hour actual output,22015.0
2022,4,Trivandrum,"Hire and running charges of drill Machine up to 400 mm dia (including cost of mobile oil, disesel consumption in ordinary soil operator)",11795.0
2022,4,Trivandrum,Pile integrity testing equipment,4720.0
2022,4,Trivandrum,Excavation of Diaphragm wall by Mechanical Grab,2360.0
2022,4,Trivandrum,Hire charges of TATA 407 or equivalent for local shifting,2650.0
2022,4,Trivandrum,Hire charges of Diesel truck - 9 tonne (without POL),2515.0
2022,4,Trivandrum,Using cost of Ultra Voilet Radiation tube,325.0
2022,4,Trivandrum,"Compressor, gun, rubber pipes & other accessories - hire charge of plant & machinery i/c necessary fuel",6880.0
2022,4,Trivandrum,Hire Charges of Suction Jeting machine 2200 PSI machine i/c POL and operator,61940.0
2022,4,Trivandrum,Hire Charges of Drill machine upto 30 mm dia,255.0
2022,4,Trivandrum,Hire charges of compressor,1030.0
2022,4,Trivandrum,Hire charges of plant and machinery that can inject 350 kg/day,170.0
2022,4,Trivandrum,"Hire Charges of Suction Jeting machine 1500 PSI machine i/c POL
and operator",11340.0
2022,4,Trivandrum,Bandhani,860.0
2022,4,Trivandrum,Bhisti,860.0
2022,4,Trivandrum,Blacksmith 1st class,1250.0
2022,4,Trivandrum,Blacksmith 2nd class,950.0
2022,4,Trivandrum,Carpender Ist Class,1200.0
2022,4,Trivandrum,Carpenter 2nd class,1000.0
2022,4,Trivandrum,Chowkidar,1000.0
2022,4,Trivandrum,Beldar,950.0
2022,4,Trivandrum,Coolie,925.0
2022,4,Trivandrum,Fitter(grade1),1100.0
2022,4,Trivandrum,Assistant Fitter or 2nd class fitter,950.0
2022,4,Trivandrum,Glazier,1075.0
2022,4,Trivandrum,Mason(for plaster of paris work) Ist class,1250.0
2022,4,Trivandrum,Mason (brick layer) Ist class,1175.0
2022,4,Trivandrum,Mason (brick layer )2nd class,1000.0
2022,4,Trivandrum,Mason (for plain stone work) 2nd class,935.0
2022,4,Trivandrum,Mason (for Ornamental stone work) Ist class,1420.0
2022,4,Trivandrum,"Driver (for Road Roller, Concrete Mixer, Truck etc)",1150.0
2022,4,Trivandrum,Mate,900.0
2022,4,Trivandrum,Sewer Man,1400.0
2022,4,Trivandrum,Mistry,1050.0
2022,4,Trivandrum,Painter,950.0
2022,4,Trivandrum,Rock Excavator,1200.0
2022,4,Trivandrum,Rock Breaker,1200.0
2022,4,Trivandrum,Rock Hole Driller,1250.0
2022,4,Trivandrum,Stone Chiseller,1200.0
2022,4,Trivandrum,"Sprayer (for bitumen, tar etc)",1000.0
2022,4,Trivandrum,Skilled Beldar (for floor rubbing etc.),1000.0
2022,4,Trivandrum,White Washer,840.0
2022,4,Trivandrum,Nozzel man/ gun man,1100.0
2022,4,Trivandrum,Mason (average),1050.0
2022,4,Trivandrum,Carpenter (average),1200.0
2022,4,Trivandrum,Operator (Pile/Special machine),1100.0
2022,4,Trivandrum,Skilled torch operator for laying tack,950.0
2022,4,Trivandrum,Technician,1150.0
2022,4,Trivandrum,Helper (Technician),900.0
2022,4,Trivandrum,"Labour for fabrication of uPVC extruded casement/sliding windows and doors including drilling holes, fixing of fittings & hardwares, hire charges of drill machine and electricity charges etc.",950.0
2022,4,Trivandrum,Labour for installation of uPVC extruded casement/ sliding windows and doors including scaffolding,950.0
2022,4,Trivandrum,Security guard without gun (8 hours shift duty per day),1000.0
2022,4,Trivandrum,Security guard with gun (8 hours shift duty per day),1200.0
2022,4,Trivandrum,Mali (semi- Skilled),900.0
2022,4,Trivandrum,Seam bolts and nuts 6 mm dia and 25 mm long,51.0
2022,4,Trivandrum,Fibre (high impact poly propelene reinforced) cement corrugated sheet 6 mm thick,320.0
2022,4,Trivandrum,Fibre (high impact poly propelene reinforced) cement close fitting adjustable ridge,267.0
2022,4,Trivandrum,Fibre (high impact poly propelene reinforced) cement corrugate serrated adjustable ridge,267.0
2022,4,Trivandrum,Fibre (high impact poly propelene reinforced) cement plain wing adjustable ridge,254.0
2022,4,Trivandrum,Fibre (high impact poly propelene reinforced) cement unserrated adjustable ridge for hips,381.0
2022,4,Trivandrum,Fibre (high impact poly propelene reinforced) cement corrugated apron piece,288.0
2022,4,Trivandrum,Fibre (high impact poly propelene reinforced) cement eaves filler piece,226.0
2022,4,Trivandrum,Fibre (high impact poly propelene reinforced) cement north light curves,394.0
2022,4,Trivandrum,Non-Asbestos fibre (high impact poly propelene reinforced) cement ventilator curves,521.0
2022,4,Trivandrum,Fibre (high impact poly propelene reinforced) cement barge boards 6 mm thick,521.0
2022,4,Trivandrum,Fibre (high impact poly propelene reinforced) cement ridge finial,204.0
2022,4,Trivandrum,Fibre (high impact poly propelene reinforced) cement special north light curves,700.0
2022,4,Trivandrum,Fibre (high impact poly propelene reinforced) cement S type louvers,318.0
2022,4,Trivandrum,Multi purpose fibre (high impact poly propelene reinforced) cement board 6 mm thick,258.0
2022,4,Trivandrum,Multi purpose fibre (high impact poly propelene reinforced) cement 8 mm thick,318.0
2022,4,Trivandrum,6 mm thick heavy duty fiber cement board,570.0
2022,4,Trivandrum,8 mm thick heavy duty fiber cement board,413.0
2022,4,Trivandrum,9 mm thick heavy duty fiber cement board,845.0
2022,4,Trivandrum,12.5 mm thick Gypsum plaster board,205.0
2022,4,Trivandrum,6 mm thick multipurpose cement bonded wood particle board conforming to IS : 14276,263.0
2022,4,Trivandrum,8 mm thick multipurpose cement bonded wood particle board conforming to IS : 14276,302.0
2022,4,Trivandrum,"Factory made light weight composite non asbestos fibre reinforced
aerated cement sandwitched wall/roof panel (50mm thick). The outer
face on both sides of the panels will be non asbestos fibre cement
board (minimum 4mm thick) confirming to IS 14862:2000",860.0
2022,4,Trivandrum,Factory made light weight non asbestos fibre reinforced aeratedcement sandwitched wall/roof panel (75mm thick). The outer face onboth sides of the panels will be non asbestos fibre cement board(minimum 5mm thick) confirming to IS 14862:2000,1070.0
2022,4,Trivandrum,2mm thick sim pad,13.5
2022,4,Trivandrum,5mm thick sim pad,20.5
2022,4,Trivandrum,10mm thick sim pad,33.0
2022,4,Trivandrum,Brick Aggregate (single size):63 mm nominal size,885.0
2022,4,Trivandrum,Brick Aggregate (single size):50 mm nominal size,885.0
2022,4,Trivandrum,Brick Aggregate (single size):40 mm nominal size,885.0
2022,4,Trivandrum,Stone Aggregate(single size):63 mm nominal size,2010.0
2022,4,Trivandrum,Stone Aggregate(single size):50 mm nominal size,2100.0
2022,4,Trivandrum,Stone Aggregate(single size): 40 mm nominal size,2225.0
2022,4,Trivandrum,Stone Aggregate(single size):25 mm nominal size,2575.0
2022,4,Trivandrum,Stone Aggregate(single size):20 mm nominal size,2530.0
2022,4,Trivandrum,Stone Aggregate(single size): 12.5 mm nominal size,2750.0
2022,4,Trivandrum,Stone Aggregate(single size): 10 mm nominal size,2955.0
2022,4,Trivandrum,Stone Aggregate(single size): 06 mm nominal size,3000.0
2022,4,Trivandrum,Safeda ballies 125 mm diameter,62.0
2022,4,Trivandrum,Cowdung,275.0
2022,4,Trivandrum,Bajiri,1429.0
2022,4,Trivandrum,Bamboo 25 mm dia 2.5 meter long,543.0
2022,4,Trivandrum,Bhusa,508.0
2022,4,Trivandrum,Bitumen grade PMB - 40,44000.0
2022,4,Trivandrum,Blown type petroleum bitumen of penetration 85/25 of approved quality,47000.0
2022,4,Trivandrum,Bitumen hot sealing compound : grade A,40.0
2022,4,Trivandrum,Bitumen solution primer of approved quality,62.0
2022,4,Trivandrum,Premoulded joing filler 12 mm thick,490.0
2022,4,Trivandrum,Bitumen felt fibre base (vegetable or animal): Type 2 grade 1,95.0
2022,4,Trivandrum,Bitumen felt as per IS 7193 Grade II,109.0
2022,4,Trivandrum,Bitumen felt : Type 3 grade 1,95.0
2022,4,Trivandrum,Separation Membrane of impermeable plastic sheeting 125 micron thick,18.0
2022,4,Trivandrum,Coal Tar,41.0
2022,4,Trivandrum,Blasting powder,55.0
2022,4,Trivandrum,Blasting fuse (fuse wire),21.0
2022,4,Trivandrum,White face insulating board : 12 mm thick,460.0
2022,4,Trivandrum,Natural colour insulating board : 12 mm thick,343.0
2022,4,Trivandrum,Flame retardant face insulating board : 12 mm thick,450.0
2022,4,Trivandrum,"Flame retardant face inslulating, impregnated fibre board 12 mm thick",510.0
2022,4,Trivandrum,"Flat pressed 3 layer particle board (medium density) Grade 1,12 mm thick",415.0
2022,4,Trivandrum,Extra for veneered particle board with : Teak veneering on one side and commercial veneering on other side,332.0
2022,4,Trivandrum,Extra for veneered particle board with Commercial veneering on both sides,216.0
2022,4,Trivandrum,Extra for veneered particle board with Teak veneering both sides,636.0
2022,4,Trivandrum,Curing compound,65.0
2022,4,Trivandrum,Integral cystalline slurry,347.0
2022,4,Trivandrum,Integral crystalline admixture,395.0
2022,4,Trivandrum,Crystalline mortar,318.0
2022,4,Trivandrum,Integral cystalline dry shake,525.0
2022,4,Trivandrum,Swellable type water stop tape,534.0
2022,4,Trivandrum,Primer for swellable type wate stop tape,2237.0
2022,4,Trivandrum,Polymer modified adhesive mortar,30.0
2022,4,Trivandrum,Brick bats,636.0
2022,4,Trivandrum,Wire brush,27.2
2022,4,Trivandrum,Soft brush,27.2
2022,4,Trivandrum,Portland Cement,8900.0
2022,4,Trivandrum,White cement,22000.0
2022,4,Trivandrum,"Plastic sheath,1.25 mm thick for dowel bars",40.0
2022,4,Trivandrum,Coal (steam),600.0
2022,4,Trivandrum,Sealant primer,185.0
2022,4,Trivandrum,Cramp Gun metal 25x6x300 mm,112.0
2022,4,Trivandrum,"Pre moulded joint filler, 25mm thick for expansion joint",637.0
2022,4,Trivandrum,Brass butt hinges (light /ordinary type):125x70x4 mm,1413.0
2022,4,Trivandrum,Brass butt hinges (light /ordinary type) : 100x70x4 mm,1230.0
2022,4,Trivandrum,Brass butt hinges (light /ordinary type) : 75x40x2.5 mm,637.0
2022,4,Trivandrum,Brass butt hinges (light /ordinary type) : 50x40x2.5 mm,237.0
2022,4,Trivandrum,Brass butt hinges (heavy type) :125x85x5.5 mm(0.70 kg),4237.0
2022,4,Trivandrum,Brass butt hinges (heavy type) : 100x85x5.5 mm (0.56kg),3758.0
2022,4,Trivandrum,Brass butt hinges (heavy type): 75x65x4.0 mm (0.20 kg),1299.0
2022,4,Trivandrum,Brass parliamentary hinges 150x125x27x5 mm,3895.0
2022,4,Trivandrum,Brass parliamentary hinges 125x125x27x5 mm,3416.0
2022,4,Trivandrum,Brass parliamentary hinges 100x125x27x5 mm,3143.0
2022,4,Trivandrum,Brass parliamentary hinges 75x100x20x3.2 mm,2585.0
2022,4,Trivandrum,Brass single acting spring hinges 150 mm,576.0
2022,4,Trivandrum,Brass single acting spring hinges 125 mm,387.0
2022,4,Trivandrum,Brass single acting spring hinges 100 mm,339.0
2022,4,Trivandrum,Brass double acting spring hinges 150 mm,684.0
2022,4,Trivandrum,Brass double acting spring hinges 125 mm,542.5
2022,4,Trivandrum,Brass double acting spring hinges 100 mm,438.0
2022,4,Trivandrum,Brass tower bolt (barrel type) 250x10 mm,348.5
2022,4,Trivandrum,Brass tower bolt (barrel type) 200x10 mm,278.0
2022,4,Trivandrum,Brass tower bolt (barrel type) 150 x 10 mm,209.0
2022,4,Trivandrum,Brass tower bolt (barrel type) 100 x 10 mm,139.6
2022,4,Trivandrum,Brass flush bolt 250 mm,205.0
2022,4,Trivandrum,Brass flush bolt 150 mm,177.0
2022,4,Trivandrum,Brass flush bolt 100 mm,123.0
2022,4,Trivandrum,Brass handles 125 mm with plate 175x32 mm,195.5
2022,4,Trivandrum,Brass handles 100 mm with plate 150x32 mm mm,180.0
2022,4,Trivandrum,Brass handles 75 mm with plate 125x32 mm,139.7
2022,4,Trivandrum,Brass door latch 300x16x5x mm (0.380 kg),251.0
2022,4,Trivandrum,Brass door latch 250x16x5 mm (0.350 kg),237.5
2022,4,Trivandrum,Brass mortice latch and lock 100 x 65 mm with6 levers and  a pair of brass lever handles,543.0
2022,4,Trivandrum,Brass mortice latch 100x65 mm with a pair of brass lever handles,438.0
2022,4,Trivandrum,Brass 150 mm floor door stopper (0.357 kg),232.0
2022,4,Trivandrum,Brass hard drawn hooks and eyes 300 mm,1024.0
2022,4,Trivandrum,Brass hard drawn hooks and eyes 250 mm,957.0
2022,4,Trivandrum,Brass hard drawn hooks and eyes 200 mm,884.0
2022,4,Trivandrum,Brass hard drawn hooks and eyes 150 mm,847.0
2022,4,Trivandrum,Brass hard drawn hooks and eyes 100 mm,719.0
2022,4,Trivandrum,Brass casement window fastener,69.0
2022,4,Trivandrum,Brass casement stays (straight peg type ) 300 mm weighing not less than 0.33 kg,187.0
2022,4,Trivandrum,Brass casement stays (straight peg type) 250 mm weighing not less than 0.28 kg,151.0
2022,4,Trivandrum,Brass casement stays (straight peg type) 200 mm weighing not less than 0.24 kg,137.0
2022,4,Trivandrum,Brass quadrant stays 300 mm,173.0
2022,4,Trivandrum,Brass fanlight catch,242.0
2022,4,Trivandrum,Brass fanlight pivot,269.0
2022,4,Trivandrum,Brass chain with hook for fan light catch,55.0
2022,4,Trivandrum,Brass hasps and staples (safety type ) 150 mm,1061.0
2022,4,Trivandrum,Brass hasps and staples (safety type) 115 mm,930.0
2022,4,Trivandrum,Brass hasps and staples (safety type) 90 mm,812.0
2022,4,Trivandrum,Brass Night latch,830.0
2022,4,Trivandrum,Brass helical spring 150 mm,424.0
2022,4,Trivandrum,Brass curtain rod 20 mm dia 1.25 mm thick,190.0
2022,4,Trivandrum,Brass curtain rod 25 mm dia 1.25 mm thick,258.0
2022,4,Trivandrum,Brass brackets (curtain rods) 20 mm,59.0
2022,4,Trivandrum,Brass cupboard knob or wardrobe knob 50 mm,51.0
2022,4,Trivandrum,brass screws 50 mm,300.0
2022,4,Trivandrum,Brass screws 40 mm,232.0
2022,4,Trivandrum,Brass screws 30 mm,190.0
2022,4,Trivandrum,Brass screws 25 mm,140.0
2022,4,Trivandrum,Brass screws 20 mm,129.0
2022,4,Trivandrum,"Stainless steel SS grade 304 , curtain rod 20 mm dia 1.20mm thick",205.0
2022,4,Trivandrum,"Stainless steel SS grade 304, curtain rod 25 mm dia 1.20mm thick",245.0
2022,4,Trivandrum,"Stainless steel SS grade 304, brackets ( curtain rod) 20 mm dia
1.20mm thick",80.0
2022,4,Trivandrum,"Stainless steel SS grade 304, brackets ( curtain rod) 25 mm dia
1.20mm thick",100.0
2022,4,Trivandrum,plastic sleeves for screw,2.7
2022,4,Trivandrum,Chromium plated Brass butt hinges (heavy) type 75x65x4 mm (200 gms),1366.0
2022,4,Trivandrum,Chromium plated Brass butt hinges (light/ordinary) type 125x70x4 mm,1162.0
2022,4,Trivandrum,Chromium plated Brass butt hinges (light/ordinary) type 100x70x4 mm,957.0
2022,4,Trivandrum,Chromium plated Brass butt hinges (light/ordinary) type 75x40x2.5 mm,629.0
2022,4,Trivandrum,Chromium plated Brass butt hinges (light/ordinary) type 50x40x2.5 mm,273.0
2022,4,Trivandrum,75 mm SS fancy handles for kitchen cabinet,415.0
2022,4,Trivandrum,100 mm SS Fancy handles for kitchen cabinet,690.0
2022,4,Trivandrum,125 mm SS fancy handles for kitchen cabinet,965.0
2022,4,Trivandrum,Chromium plated Brass handles 125 mm with plate 175x32 mm,245.0
2022,4,Trivandrum,Chromium plated Brass handles 100 mm with plate 150x32 mm,205.0
2022,4,Trivandrum,Chromium plated Brass handles 75 mm with plate 125x32 mm,177.0
2022,4,Trivandrum,Chromium plated Brass mortice latch and lock 100x65 mm with 6 levers and a pair of brass lever handles,737.0
2022,4,Trivandrum,Chromium plated brass casement window fastener,132.0
2022,4,Trivandrum,Chromium plated Brass casement stays (straight peg type) 300 mm weighing not less than 0.33 kg,205.0
2022,4,Trivandrum,Chromium plated Brass casement stays (straight peg type) 250 mm weighing not less than 0.28,177.0
2022,4,Trivandrum,Chromium plated Brass casement stays (straight peg type) 200 mm weighing not less than 0.24 kg,160.0
2022,4,Trivandrum,Chromium plated Brass Night latch,725.0
2022,4,Trivandrum,Chromium plated Brass Wardrobe Knob 50 mm,109.0
2022,4,Trivandrum,Chromium plated Brass Screws 50 MM,406.0
2022,4,Trivandrum,Chromium plated Brass screw 40 mm,393.0
2022,4,Trivandrum,Chromium plated Brass screws 30 mm,325.0
2022,4,Trivandrum,Chromium plated Brass screws 25 mm,244.0
2022,4,Trivandrum,Chromium plated Brass screws 20 mm,216.0
2022,4,Trivandrum,Chromium plated Brass curtain rod 12 mm dia 1.25 mm thick,260.0
2022,4,Trivandrum,Chromium plated Brass curtain rod 20 mm dia 1.25 mm thick,356.0
2022,4,Trivandrum,Chromium plated Brass curtain rod 25 mm dia 1.25 mm thick,478.0
2022,4,Trivandrum,"C. P. Brass Extension Nipple (1/2""x2"" size)",64.0
2022,4,Trivandrum,Bright finished or black enameled mild steel butt hinges 125x65x2.12 mm,191.0
2022,4,Trivandrum,Bright finished or black enameled mild steel butt hinges 100x58x1.90 mm,118.0
2022,4,Trivandrum,Bright finished or black enameled mild steel butt hinges 75x47x1.70 mm,82.0
2022,4,Trivandrum,Bright finished or black enameled mild steel butt hinges 50x37x1.50 mm,69.0
2022,4,Trivandrum,Nickel plated bright finished mild steel piano hinges 1 mm thick 25 mm wide,55.0
2022,4,Trivandrum,Bright finished or black enameled mild steel screws 50 mm,102.0
2022,4,Trivandrum,Bright finished or black enameled mild steel screws 40 mm,82.0
2022,4,Trivandrum,Bright finished or black enameled mild steel screws 30 mm,61.5
2022,4,Trivandrum,Bright finished or black enameled mild steel screws 25 mm,51.0
2022,4,Trivandrum,Bright finished or black enameled mild steel screws 20 mm,41.0
2022,4,Trivandrum,Bright finished or black enameled mild steel bolts and nuts 50x6 mm,9.0
2022,4,Trivandrum,Oxidised mild steel butt hinges 125x65x2.12 MM,191.0
2022,4,Trivandrum,Oxidised mild steel butt hinges 100x58x1.90 mm,123.0
2022,4,Trivandrum,Oxidised mild steel butt hinges 75x47x1.70 mm,91.0
2022,4,Trivandrum,Oxidised mild steel butt hinges 50x37x1.50 mm,77.0
2022,4,Trivandrum,Oxidised mild steel parliamentary hinges 150x125x27x2.8 mm,464.0
2022,4,Trivandrum,Oxidised mild steel parliamentary hinges 125x125x27x2.8 mm,433.0
2022,4,Trivandrum,Oxidised mild steel parliamentary hinges 100x125x27x2.8 mm,324.0
2022,4,Trivandrum,Oxidised mild steel parliamentary hinges 75x100x20x2.24 mm,273.0
2022,4,Trivandrum,Oxidised mild steel single acting spring hinges 150 mm,190.0
2022,4,Trivandrum,Oxidised mild steel single acting spring  hinges 150 mm,210.0
2022,4,Trivandrum,Oxidised mild steel single acting spring  hinges 125 mm,183.0
2022,4,Trivandrum,Oxidised mild steel single acting spring  hinges 100 mm,160.0
2022,4,Trivandrum,Nickel plated mild steel piano hinges 1 mm thick 35 mm wide,63.0
2022,4,Trivandrum,Oxidised mild steel sliding door bolt 300x16 mm,132.0
2022,4,Trivandrum,Oxidised mild steel sliding door bolt 250x16 mm,123.0
2022,4,Trivandrum,Oxidised mild steel door latch 300x20x6 mm,67.0
2022,4,Trivandrum,Oxidised mild steel door latch 250x20x6 mm,55.0
2022,4,Trivandrum,Oxidised mild steel tower bolt (barrel type) 250x10mm,63.0
2022,4,Trivandrum,Oxidised mild steel tower bolt (barrel type) 200x10 mm,55.0
2022,4,Trivandrum,Oxidised mild steel tower bolt (barrel type) 150x10 mm,41.0
2022,4,Trivandrum,Oxidised mild steel tower bolt (barrel type) 100x10 mm,37.0
2022,4,Trivandrum,Oxidised mild steel handles 125 mm,27.0
2022,4,Trivandrum,Oxidised mild steel handles 100 mm,23.0
2022,4,Trivandrum,Oxidised mild steel handles 75 mm,23.0
2022,4,Trivandrum,Oxidised mild steel hasps and staples (safety type)150 mm,173.0
2022,4,Trivandrum,Oxidised mild steel hasps and staples (safety type ) 115 mm,147.0
2022,4,Trivandrum,Oxidised mild steel hasps and staples (safety type ) 90 mm,107.0
2022,4,Trivandrum,Oxidised mild steel screws 50 mm,104.0
2022,4,Trivandrum,Oxidised mild steel screws 40 mm,84.0
2022,4,Trivandrum,Oxidised mild steel screws 30 mm,77.0
2022,4,Trivandrum,Oxidised mild steel screws 25 mm,63.0
2022,4,Trivandrum,Oxidised mild steel screws 20 mm,51.0
2022,4,Trivandrum,Anodised Aluminium butt hinges 125x75x4 mm,779.0
2022,4,Trivandrum,Anodised Aluminium butt hinges 125x63x4xmm,725.0
2022,4,Trivandrum,Anodised Aluminium butt hinges 100x75x4 mm,711.0
2022,4,Trivandrum,Anodised Aluminium butt hinges 100x63x3.2 mm,684.0
2022,4,Trivandrum,Anodised Aluminium butt hinges 100x63x4 mm,697.0
2022,4,Trivandrum,Anodised Aluminium butt hinges 75x63x4 mm,684.0
2022,4,Trivandrum,Anodised Aluminium butt hinges 75x63x3.2 mm,642.0
2022,4,Trivandrum,Anodised Aluminium butt hinges 75x45x3.2 mm,533.0
2022,4,Trivandrum,Anodised Aluminium sliding door bolt 300x16 mm,177.0
2022,4,Trivandrum,Anodised Aluminium tower bolt (barrel type)300x10 mm,1024.0
2022,4,Trivandrum,Anodised Aluminium tower bolt (barrel type) 250 x 10 mm,820.0
2022,4,Trivandrum,Anodised Aluminium tower bolt (barrel type) 200x10 mm,656.0
2022,4,Trivandrum,Anodised Aluminium tower bolt (barrel type) 150x10 mm,519.0
2022,4,Trivandrum,Anodised Aluminium tower bolt (barrel type) 100x10 mm,640.0
2022,4,Trivandrum,Anodised Aluminium handles 125 mm with plate 175 x 32 mm,684.0
2022,4,Trivandrum,Anodised Aluminium handles 100 mm with plate 150 x 32 mm,519.0
2022,4,Trivandrum,Anodised Aluminium handles 75 mm with plate 125 x 32 mm,438.0
2022,4,Trivandrum,Anodised Aluminium kicking plate 50 cm long 100x3.15 mm,195.0
2022,4,Trivandrum,Block board construction flush door with teak wood ply on both faces 35 mm thick,2440.0
2022,4,Trivandrum,Block board construction flush door with teak wood play on both faces 30 mm thick,2170.0
2022,4,Trivandrum,Block board construction flush door with teak wood ply on both faces 25 mm thick,1950.0
2022,4,Trivandrum,Block board construction flush door with commercial ply on both faces,1575.0
2022,4,Trivandrum,Block board construction flush door with commercial ply on both faces 30 mm thick,1370.0
2022,4,Trivandrum,Block board construction flush door with commerciial ply on both faces 25 mm thick,1230.0
2022,4,Trivandrum,Block board construction flush door lipping,410.0
2022,4,Trivandrum,Square vision panel (upto 0.10sqm) in Block board construction flush door,159.0
2022,4,Trivandrum,Circular vision panel (upto 0.10 sqm) in Block board construction flush door,246.0
2022,4,Trivandrum,Decorative type Louvers (upto 0.20 sqm) in Block board construction flush door,430.0
2022,4,Trivandrum,Rebate cutting in Block board construction flush door,120.0
2022,4,Trivandrum,Decorative plywood 4 mm,540.0
2022,4,Trivandrum,Fuel wood,806.0
2022,4,Trivandrum,Glue,91.0
2022,4,Trivandrum,Calcium silicate base compound for jointing calcium silicate tiles,40.0
2022,4,Trivandrum,Hessian cloth,60.0
2022,4,Trivandrum,Cement Concrete Jali 50 mm thick,540.0
2022,4,Trivandrum,Cement Concrete Jali 40 mm thick,474.0
2022,4,Trivandrum,Cement Concrete Jali 25 mm thick,372.0
2022,4,Trivandrum,Kerosene oil,115.0
2022,4,Trivandrum,White cement based polymer modified self curing compound in powder form,35.0
2022,4,Trivandrum,Unslaked lime,465.0
2022,4,Trivandrum,Deharadun white lime,656.0
2022,4,Trivandrum,Satna lime,410.0
2022,4,Trivandrum,Dry hydrated lime (factory made),314.0
2022,4,Trivandrum,Marble dust/ powder,1444.0
2022,4,Trivandrum,Marble chips up to 4 mm and downsize white &black,274.0
2022,4,Trivandrum,Marble chips large size above 4 mm white & black,339.0
2022,4,Trivandrum,Silicon and acrylic emulsion,280.0
2022,4,Trivandrum,"Acrylic distemper Ist quality, having VOC content less than 50 gm/litre",80.0
2022,4,Trivandrum,"Acrylic emulsion, having VOC content less than 50 gm/litre",355.0
2022,4,Trivandrum,"Premium acrylic emulsion of interior grade, having VOC content less than 50 gm/litre",460.0
2022,4,Trivandrum,"Synthetic enamel paint, having VOC ( Volatile Organic Compound content less than 150 gm/liitre",325.0
2022,4,Trivandrum,Ready mixed pink or grey primer on wood work(hard and softwood)  having VOC content less than 50 gms/litre,195.0
2022,4,Trivandrum,"Ready mixed red oxide zinc chromatic on steel/ iron work, having VOC content less than 250 gms/litre",230.0
2022,4,Trivandrum,"Water thinnable cement primer for interior wall surface, having VOC content less than 50 gms/litre",130.0
2022,4,Trivandrum,Exterior primer,192.0
2022,4,Trivandrum,Moorum,637.0
2022,4,Trivandrum,Mud (dry),156.0
2022,4,Trivandrum,Dry distemper,97.0
2022,4,Trivandrum,Oil bound washable distemper/ Acrylic distemper,110.0
2022,4,Trivandrum,Linseed oil (double boiled),258.0
2022,4,Trivandrum,Cement Primer,136.0
2022,4,Trivandrum,Distemper primer,136.0
2022,4,Trivandrum,Pink primer (for wood),148.0
2022,4,Trivandrum,White cement based putty,32.0
2022,4,Trivandrum,Aluminium paint,205.0
2022,4,Trivandrum,Acid proof paint (chocolate or black),305.0
2022,4,Trivandrum,Anticorrosive bituminous paint (black),136.0
2022,4,Trivandrum,Black Japan,135.0
2022,4,Trivandrum,Enamel paint,240.0
2022,4,Trivandrum,Floor enamel paint in all shades except green,339.0
2022,4,Trivandrum,Synthetic enamel paint in black or chocolate shade,235.0
2022,4,Trivandrum,Synthetic enamel paint in all shades except black or chocolate shade,220.0
2022,4,Trivandrum,Plastic emulsion paint,272.0
2022,4,Trivandrum,"100% Premium acrylic dirt resistance, Silicone additives exterior paint",367.0
2022,4,Trivandrum,Acrylic Exterior Primer,155.0
2022,4,Trivandrum,Roofing paint for iron sheets in red colour,165.0
2022,4,Trivandrum,White lead,175.0
2022,4,Trivandrum,water proofing cement paint,53.0
2022,4,Trivandrum,Wax polish (ready made),410.0
2022,4,Trivandrum,Ordinary varnish,132.0
2022,4,Trivandrum,Superior copal varnish,191.0
2022,4,Trivandrum,Superior spar varnish,191.0
2022,4,Trivandrum,Oil type wood preservative,175.0
2022,4,Trivandrum,Putty for wood work,63.0
2022,4,Trivandrum,Premixed super white gypsum plaster,19.0
2022,4,Trivandrum,Plaster or paris,9.0
2022,4,Trivandrum,Plug,14.0
2022,4,Trivandrum,Copper pins 6 mm dia 7.5 cm long,14.0
2022,4,Trivandrum,Black colour dark shade pigment,100.0
2022,4,Trivandrum,"Red chocolate, orange, buff or yellow (red oxide of iron) light shade",114.0
2022,4,Trivandrum,Green or blue medium shade pigment,104.0
2022,4,Trivandrum,Standard holder bat clamps for sand cast iron or cast iron pipes 150 mm dia,37.0
2022,4,Trivandrum,Sand cast iron plain shoe 150 mm dia,446.0
2022,4,Trivandrum,Copper plate,725.0
2022,4,Trivandrum,Pulley 25 mm dia,65.0
2022,4,Trivandrum,Rolling shutter made of 80x1.25 mm machine rolled laths,1990.0
2022,4,Trivandrum,Top cover for rolling shutters 1.25 mm thick,1085.0
2022,4,Trivandrum,27.5 cm long wire spring grade no 2 for rolling shutters,410.0
2022,4,Trivandrum,Ball bearing for rolling shutters,450.0
2022,4,Trivandrum,Extra for mechanical devices chain and cranked operation for operating rolling shutters: exceeding 16.80 sqm area of door,1100.0
2022,4,Trivandrum,Extra for mechanical devices chain and cranked operation for operating rolling shutters: exceeding 16.80 sqm area of  door,1100.0
2022,4,Trivandrum,Royalty for good earth,250.0
2022,4,Trivandrum,Royalty for sludge,140.0
2022,4,Trivandrum,Coarse sand (zone III),3500.0
2022,4,Trivandrum,Fine sand (zone IV),3400.0
2022,4,Trivandrum,Galvanised steel plain sheets,7350.0
2022,4,Trivandrum,FY-1860 grade wire strands,9950.0
2022,4,Trivandrum,Standard quality hard board sheet 3 mm thick,185.0
2022,4,Trivandrum,Standard quality hard board sheet 4.5 mm thick,290.0
2022,4,Trivandrum,Shellac,450.0
2022,4,Trivandrum,Spirit,96.0
2022,4,Trivandrum,Mild steel round bar 12 mm dia and below,7650.0
2022,4,Trivandrum,Mild Steel round bar above 12 mm dia,7650.0
2022,4,Trivandrum,Average rate of mild steel round bars for reinforcements,7500.0
2022,4,Trivandrum,Twisted steel/deformed bars,9100.0
2022,4,Trivandrum,Mild steel square bars,8350.0
2022,4,Trivandrum,"Structural steel such as tees, angles, channels and R.S. joists",9200.0
2022,4,Trivandrum,Flats up to 10 mm in thickness,8300.0
2022,4,Trivandrum,Flats exceeding 10 mm in thickness,8250.0
2022,4,Trivandrum,Mild steel plates,8550.0
2022,4,Trivandrum,"Steel glazed door, window/ ventilator, all members viz, F7D, F4B, K11 and K12B etc.",420.0
2022,4,Trivandrum,Pregalvanized high tensile steel confirming to IS:277-199,130.0
2022,4,Trivandrum,Mild steel sheets for tanks,8500.0
2022,4,Trivandrum,Mild steel expanded metal 20x60xmm strands,680.0
2022,4,Trivandrum,Mild steel hooks,51.0
2022,4,Trivandrum,Mild steel rivets,6833.0
2022,4,Trivandrum,Hard drawn steel wire fabric,600.0
2022,4,Trivandrum,Galvanised steel bolts & nuts 6 mm dia and 25 mm long round head with slots,58.0
2022,4,Trivandrum,Galvanised steel J or L hooks 8 mm dia,165.0
2022,4,Trivandrum,Galvanished steel bolts & nuts 10 mm dia and 125 mm long round head with slots,22.0
2022,4,Trivandrum,Mild steel bolts 6 mm dia and 25 mm long with hexagonal head,45.0
2022,4,Trivandrum,Erection Bolts ( Minimum 04 nos for each element),34.0
2022,4,Trivandrum,Straining bolts,90.0
2022,4,Trivandrum,Galvanished steel barbed wire,7450.0
2022,4,Trivandrum,Galvanised steel turn buckles,48.0
2022,4,Trivandrum,Galvanised steel bolts & nuts 10 mm dia and 27 cm long both sides threaded with 4 galvanised steel nuts,45.0
2022,4,Trivandrum,Galvanised steel bolts 10 mm dia and 7 cm long with nuts,32.0
2022,4,Trivandrum,Bolts and nuts up to 300 mm in length,7300.0
2022,4,Trivandrum,Bolts and nuts above 300 mm in length,7400.0
2022,4,Trivandrum,Iron pintels including weldded pin,60.0
2022,4,Trivandrum,Steel beading siz 10 x 10x 106 mm (box type),34.0
2022,4,Trivandrum,Aluminium Plain Strip edging 38x12x3 mm,127.0
2022,4,Trivandrum,Glass strip 4 mm thick 40 mm deep,32.0
2022,4,Trivandrum,Boundary stone top chisel  dressed 15X15X90  cm,150.0
2022,4,Trivandrum,Through and bond stone size 24 x 24 x 39cm,6750.0
2022,4,Trivandrum,Stone for masonry work,1905.0
2022,4,Trivandrum,Stone for pitching 15 cm x 22.5 cm,1600.0
2022,4,Trivandrum,Stone dust,1490.0
2022,4,Trivandrum,Red sand stone block,108.0
2022,4,Trivandrum,White sand stone block,278.0
2022,4,Trivandrum,White sand stone slab 75 mm thick (un- dressed),1220.0
2022,4,Trivandrum,Red sand stone slab 40 mm thick (un-dressed),270.0
2022,4,Trivandrum,White sand stone slab 40 mm thick (un-dressed),270.0
2022,4,Trivandrum,Red sand stone slab 30 mm thick (un-dressed),270.0
2022,4,Trivandrum,Kota stone slab 20 mm to 25 mm thick (semi-polished),530.0
2022,4,Trivandrum,Kota stone slab 25 mm thick (rough chiseled),410.0
2022,4,Trivandrum,Red sand stone slab 45 mm to 50 mm thick (un-dressed),305.0
2022,4,Trivandrum,White sand stone slab 45 mm to 50 mm thick (un-dressed),324.0
2022,4,Trivandrum,Stone grit 6 mm and down size or pea sized gravel,1324.0
2022,4,Trivandrum,Crushed stone 2.36 mm to 12.5 mm size,1357.0
2022,4,Trivandrum,Surkhi,1000.0
2022,4,Trivandrum,"Superior class teak wood such as Dandeli, Balarshah or Malabar in planks",1864.0
2022,4,Trivandrum,First class teak wood in scantling,1525.0
2022,4,Trivandrum,First class teak wook in planks,1695.0
2022,4,Trivandrum,Second class teak wood in scantling,1271.0
2022,4,Trivandrum,Second class teak wood in planks,1441.0
2022,4,Trivandrum,Marandi wood in planks,596.0
2022,4,Trivandrum,Marandi wood in scantling,584.0
2022,4,Trivandrum,Second class deodar wood in planks,687.0
2022,4,Trivandrum,First class kail wood in planks,455.0
2022,4,Trivandrum,Second class kail wood in scantling,399.0
2022,4,Trivandrum,Second class kail wood in planks,385.0
2022,4,Trivandrum,Sal wood in scantling,825.0
2022,4,Trivandrum,Klin seasoned selected sheesham wood planks,880.0
2022,4,Trivandrum,Precast terrazzo tiles 22 mm thick (light shade),500.0
2022,4,Trivandrum,Precast terrazzo tiles 22 mm thick (medium shade),475.0
2022,4,Trivandrum,Precast terrazzo tiles 22 mm thick (dark shade),475.0
2022,4,Trivandrum,Precast heat resistant terrance tiles (size 300x300 mm) and 20 mm thick,650.0
2022,4,Trivandrum,G.I Limpet washer,47.0
2022,4,Trivandrum,Bitumen washer,60.0
2022,4,Trivandrum,G.I. Plain washer thick,80.0
2022,4,Trivandrum,G.I. Plain washer thin,50.0
2022,4,Trivandrum,G.I. Plain washer for seam bolts,44.0
2022,4,Trivandrum,Water proofing materials,55.0
2022,4,Trivandrum,Welding by gas plant,4.0
2022,4,Trivandrum,Welding by electric plant,4.0
2022,4,Trivandrum,Whiting,815.0
2022,4,Trivandrum,GI Wire mesh 100x100 mm,100.0
2022,4,Trivandrum,Shear stud,67.0
2022,4,Trivandrum,Wire nails,90.0
2022,4,Trivandrum,Wire mesh (rabbit),75.0
2022,4,Trivandrum,20 mm dia holding down bolts,8350.0
2022,4,Trivandrum,Mild steel sheets with bolts and nuts to rest on pintels,165.0
2022,4,Trivandrum,Steel weld mesh,203.0
2022,4,Trivandrum,Hard drawn steel wire,7000.0
2022,4,Trivandrum,Mild steel flat strap fitting,5657.0
2022,4,Trivandrum,Chequered terrazzo tiles 22 mm thick (light shade),450.0
2022,4,Trivandrum,Chequered terrazzo tiles 22 mm thick (medium shade),450.0
2022,4,Trivandrum,Chequered terrazzo tiles 22 mm thick (dark shade),450.0
2022,4,Trivandrum,Extra for selected planks of second class teakwood,202.0
2022,4,Trivandrum,Aluminium Plain Strip edging 57x12x3 mm,174.0
2022,4,Trivandrum,Diesel oil,102.0
2022,4,Trivandrum,Cutting marble or sand stone slab up to 50 mm thick by mechanical device,14.0
2022,4,Trivandrum,Extra for selected planks of first class teakwood,203.0
2022,4,Trivandrum,18 mm thick Flamed finish granite stone slab,2157.0
2022,4,Trivandrum,18 mm thick Italian Marble stone slab. Perlato (slab area up to 0.5 sqm),4400.0
2022,4,Trivandrum,Commercial LPG in cylinder,77.0
2022,4,Trivandrum,Glass mossaic tiles (20 mm x 20 mmx 4 mm).,2800.0
2022,4,Trivandrum,Tile fixing chemical adhesive,45.0
2022,4,Trivandrum,Cement Polymer Grout Compound,50.0
2022,4,Trivandrum,Acid for cleaning tiles,59.0
2022,4,Trivandrum,Silicon based Joint Sealeant for Tiles,225.0
2022,4,Trivandrum,Rubber base Adhesive,310.0
2022,4,Trivandrum,Epoxy based sealing Compound,735.0
2022,4,Trivandrum,Acrylic based sealing compound,680.0
2022,4,Trivandrum,Non woven reinforcement Tape,1.0
2022,4,Trivandrum,M-60 grade cemetitious grout (Non Shrink),37.5
2022,4,Trivandrum,"Cementitious polymer base adhesive confirming to EOTA ETAG 004
(European Technical Approval)",46.0
2022,4,Trivandrum,"Polypropylene mechanical fastener with plastic pin confirming to
EOTA ETAG 014 (European Technical Approval) having dia 10mm &
L=200mm",40.0
2022,4,Trivandrum,Moisture cure Polyurethane Foam,802.0
2022,4,Trivandrum,PVC Corner Bead of size 25mmx25mm fixed with glass fibre mesh(100mm x 100mm),120.0
2022,4,Trivandrum,"Cementitious polymer base coat confirming to EOTA ETAG 004
(European Technical Approval)",54.0
2022,4,Trivandrum,"Fiberglass mesh with alkali-resistant coating having mass per unit
area ?145 g/m2, mesh size: 3.9x4.0 mm ±10%",100.0
2022,4,Trivandrum,Bleaching powder,2800.0
2022,4,Trivandrum,Surface box for stop cock,161.0
2022,4,Trivandrum,Surface box for sluice valve,267.0
2022,4,Trivandrum,Surface box for water meter,318.0
2022,4,Trivandrum,C.I. bracket for wash basin and sinks,120.0
2022,4,Trivandrum,8 mm dia C.P. Brass/ S.S. Jet with flexible tube upto 1 metre long with S.S. triangular plate for European type W.C.,270.0
2022,4,Trivandrum,C.P. brass chain with 32 mm dia rubber plug,51.0
2022,4,Trivandrum,C.P.brass chain with 40 mm dia rubber plug,51.0
2022,4,Trivandrum,50mmx50mm hardwood plug,100.0
2022,4,Trivandrum,Clamps and M.S. stays including bolts and nuts for 100 mm pipe,92.0
2022,4,Trivandrum,M.S. Holder bat clamp of approved design for 100 mm S.C.I pipe,40.5
2022,4,Trivandrum,M.S. Holder bat clamp of approved design for 75 mm S.C.I. pipe,37.0
2022,4,Trivandrum,Clamps and M.S. stays including bolts and nuts for 50 mm pipe,47.5
2022,4,Trivandrum,Clamps and M.S.stays including bolts and nuts for 75 mm pipe,51.2
2022,4,Trivandrum,Clearing eye with chain and lid 100 mm dia,55.0
2022,4,Trivandrum,Clearing eye with chain and lid 150 mm dia,64.0
2022,4,Trivandrum,Brass bib-cock-15 mm dia,350.0
2022,4,Trivandrum,Brass bib-cock 20 mm dia,350.0
2022,4,Trivandrum,Brass stop-cock 15 mm dia,325.0
2022,4,Trivandrum,Brass stop-cock 20 mm dia,400.0
2022,4,Trivandrum,Mosquito proof coupling of approved design,65.0
2022,4,Trivandrum,C.I. Cover and frame 300X300 mm inside,640.0
2022,4,Trivandrum,C.I. Cover without frame 300x300 mm inside,647.0
2022,4,Trivandrum,Rectangular cover 455x610 mm with frame (low duty),1907.0
2022,4,Trivandrum,Rectangular cover 455X610 mm with frame (low duty),1271.0
2022,4,Trivandrum,500 mm dia cover with frame (medium duty),6038.0
2022,4,Trivandrum,500 mm dia cover without frame(medium duty),3150.0
2022,4,Trivandrum,"C.I.mouth,brass ferrule 15 mm dia",190.0
2022,4,Trivandrum,"C.I.mouth, brass ferrule 20 mm dia",220.0
2022,4,Trivandrum,"C.I.mouth, brass ferrule 25 mm dia",299.0
2022,4,Trivandrum,Vitreous china foot rests 250x130x30 mm,140.0
2022,4,Trivandrum,C.I. Grating 100x100 mm,55.0
2022,4,Trivandrum,C.I. grating 150x150 mm,74.0
2022,4,Trivandrum,C.I. grating 180x180 mm,90.0
2022,4,Trivandrum,S.C.I. gully or nahani grating 100 mm dia,35.0
2022,4,Trivandrum,Rubber insertions for 80 mm dia pipe joints,25.0
2022,4,Trivandrum,Rubber insertions for 100 mm dia pipe joints,30.0
2022,4,Trivandrum,Rubber insertions for 125 mm dia pip joints,32.0
2022,4,Trivandrum,Rubber insertions for 150 mm dia pipe joints,36.0
2022,4,Trivandrum,Rubber insertions for 200 mm dia pipe joints,40.0
2022,4,Trivandrum,Rubber insertions for 250 mm dia pipe joints,51.0
2022,4,Trivandrum,Rubber insertions for 300 mm dia pipe joints,59.0
2022,4,Trivandrum,Rubber insertions for 350 mm dia pipe joints,64.0
2022,4,Trivandrum,Rubber insertions for 400 mm dia pipe joints,93.0
2022,4,Trivandrum,Rubber insertions for 450 mm dia pipe joints,119.0
2022,4,Trivandrum,Rubber insertions for 500 mm dia pipe joints,140.0
2022,4,Trivandrum,Rubber insertions for 600 mm dia pipe joints,161.0
2022,4,Trivandrum,Mirror of superior make glass 60x45 cm,545.0
2022,4,Trivandrum,vitreous china pedestal for wash basin,1222.0
2022,4,Trivandrum,pig lead,239.0
2022,4,Trivandrum,S &S.C.I. standard specials up to 300 mm dia (heavy class),5050.0
2022,4,Trivandrum,S&S.C.I.standard specials over 300 mm dia (heavy class),5325.0
2022,4,Trivandrum,Flanged C.I. standard specials up to 300 mm dia (heavy class),6992.0
2022,4,Trivandrum,Flanged C.I. standard specials over 300 mm dia (heavy class),7373.0
2022,4,Trivandrum,Casing pipe 100 mm dia,428.0
2022,4,Trivandrum,Flush pipe with union spreaders and clamps all in C.P. Brass for single stall,343.0
2022,4,Trivandrum,Flush pipe with union spreaders and clamps all in C.P. brass for double stall,508.0
2022,4,Trivandrum,Flush pipe with union spreaders and clamps all in C.P. brass for range of three stall,661.0
2022,4,Trivandrum,Flush pipe with union spreaders and clamps all in C.P. brass for range of four stall,763.0
2022,4,Trivandrum,Flush pipe and spreaders G.I. for single set of one squatting plate urinal,225.0
2022,4,Trivandrum,Flush pipe and spreaders G.I. for range of two squatting plates urinal,318.0
2022,4,Trivandrum,Flush pipe and spreaders G.I. for range of three squatting plates urinal,381.0
2022,4,Trivandrum,Flush pipe and spreaders G.I. for range of four squatting plates urinal,496.0
2022,4,Trivandrum,G.I. pipes 15 mm dia,125.0
2022,4,Trivandrum,G.I. pipes 20 mm dia,150.0
2022,4,Trivandrum,G.I. pipes 25 mm dia,200.0
2022,4,Trivandrum,G.I. pipes 32 mm dia,250.0
2022,4,Trivandrum,G.I. pipes 40 mm dia,280.0
2022,4,Trivandrum,G.I pipes 50 mm dia,375.0
2022,4,Trivandrum,G.I. pipes 65 mm dia,475.0
2022,4,Trivandrum,G.I. pipes 80 mm dia,600.0
2022,4,Trivandrum,G.I. back (jam) nuts 25 mm dia,13.0
2022,4,Trivandrum,G.I.back (jam) nuts 65 mm dia,30.0
2022,4,Trivandrum,G.I.tees (equal) 25 mm,59.0
2022,4,Trivandrum,G.I. tees (equal) 65 mm,356.0
2022,4,Trivandrum,G.I. inlet connection,85.0
2022,4,Trivandrum,"S.C.I. soil, waste and vent single socketed pipe 1.80 metres long: 100mm dia",1208.0
2022,4,Trivandrum,"S.C.I. soil, waste and vent single socketed pipe 1.80 metres long:100mm dia",1462.0
2022,4,Trivandrum,S.C.I. Soil waste and vent single socketed pipe .80 metres lon: 150mm dia,2225.0
2022,4,Trivandrum,S.C.I. plain bend 75 mm dia,216.0
2022,4,Trivandrum,S.C.I. plain bend 100 mm dia,445.0
2022,4,Trivandrum,S.C.I. plain bend 150 mm dia,763.0
2022,4,Trivandrum,S.C.I. bend with access door 75 mm dia,254.0
2022,4,Trivandrum,S.C.I. bend with access door 100 mm dia,340.8
2022,4,Trivandrum,S.C.I. Plain single equal junctions 75x75x75 mm dia,374.2
2022,4,Trivandrum,S.C.I. plainsingle equal junctions 100x100x100 mm dia,956.6
2022,4,Trivandrum,S.C.I. single equal junctions75x75x75mm dia with access door,369.1
2022,4,Trivandrum,S.C.I. single equal junctions 100x100x100 mm dia with access door,477.8
2022,4,Trivandrum,S.C.I. plain double equal junctions 75x75x75x75mm dia,461.7
2022,4,Trivandrum,S.C.I. plain double equal junctions 100x100x100x100 mm dia,689.5
2022,4,Trivandrum,S.C.I.double equal junctions 75x75x75x75 mm dia with access door,877.8
2022,4,Trivandrum,S.C.I.double equal junctions 100x100x100x100 mm dia with access door,727.6
2022,4,Trivandrum,Slotted cowl (terminal guard) 75 mm dia,198.6
2022,4,Trivandrum,Slotted cowl (terminal guard) 100 mm dia,261.0
2022,4,Trivandrum,G.I. Union 15 mm nominal bore,75.5
2022,4,Trivandrum,G.I. Union 20 mm nominal bore,106.0
2022,4,Trivandrum,G.I. Union 25 mm nominal bore,119.2
2022,4,Trivandrum,G.I. Union 32 mm nominal bore,162.4
2022,4,Trivandrum,G.I. Union 40 mm nominal bore,277.0
2022,4,Trivandrum,G.I. Union 65 mm nominal bore,572.7
2022,4,Trivandrum,G.I. Union 80 mm nominal bore,646.0
2022,4,Trivandrum,Polyethylene water storage tank with cover and suitable locking arrangemnet,13.0
2022,4,Trivandrum,Sand cast iron S & S single unequal junctions: 100x100x75x75 mm dia,461.0
2022,4,Trivandrum,Sand cast iron S&S single unequal Junction: 100x100x75 mm dia with access dor,501.0
2022,4,Trivandrum,Sand cast iron S&S plain double unequal junction: 100x100x75x75 mm dia,694.7
2022,4,Trivandrum,Sand cast iron S&S double unequal junction: 100x100x75x75xmm dia with access door,697.0
2022,4,Trivandrum,Sand cast iron heel rest bend 75 mm dia,278.1
2022,4,Trivandrum,Sand cast iron heel rest bend 100 mm dia,320.8
2022,4,Trivandrum,S.C.I. Single equal invert branch of required degree75x75x75x75 mm dia,424.0
2022,4,Trivandrum,S.C.I. Single equal invert branch of required degree 100x100x100 mm dia,543.0
2022,4,Trivandrum,S.C.I. double equal invert branch of required degree 75x75x75x75 mm dia,545.0
2022,4,Trivandrum,S.C.I. double equal invert branch of required degree 100x100x100x100 mm dia,768.2
2022,4,Trivandrum,S.C.I. Single unequal invert branch of required degree 100x100x75 mm dia,658.0
2022,4,Trivandrum,S.C.I. double unequal invert branch of required degree 100x100x75x75 mm dia,755.0
2022,4,Trivandrum,S.C.I. door pieces 75 mm dia,366.0
2022,4,Trivandrum,S.C.I.door pieces 100 mm dia,532.0
2022,4,Trivandrum,S.C.I. collar 75 mm dia,151.0
2022,4,Trivandrum,S.C.I. collar 100 mm dia,193.5
2022,4,Trivandrum,Unplasticised P.V.C. connection pipe with brass union 30 cm long 15 mm bore,49.0
2022,4,Trivandrum,Unplasticised P.V.C. connection pipe with brass union 30 cm long 20 mm bore,58.5
2022,4,Trivandrum,Unplasticised P.V.C. connection pipe with brass union 45 cm long 15 mm bore,65.7
2022,4,Trivandrum,Unplasticiesd P.V.C. connection pipe with brass union 45 cm long 20 mm bore,65.5
2022,4,Trivandrum,S.C.I hand pump,842.0
2022,4,Trivandrum,R.C.C. pipes NP2 class 100 mm dia,263.5
2022,4,Trivandrum,R.C.C.pipes NP2 class 150 mm dia,274.6
2022,4,Trivandrum,R.C.C. pipes NP2 class 250 mm dia,339.1
2022,4,Trivandrum,R.C.C. pipes NP2 class 300 mm dia,394.4
2022,4,Trivandrum,R.C.C. pipes NP2 class 450 mm dia,521.8
2022,4,Trivandrum,R.C.C. pipes NP2 class 500 mm dia,763.2
2022,4,Trivandrum,R.C.C. pipes NP2 class 600 mm dia,1191.8
2022,4,Trivandrum,R.C.C. pipes NP2 class 700 mm dia,1359.1
2022,4,Trivandrum,R.C.C. pipes NP2 class 800 mm dia,1524.0
2022,4,Trivandrum,R.C.C. pipes NP2 class 900 mm dia,1654.8
2022,4,Trivandrum,R.C.C. pipes NP2 class 1000 mm dia,2103.2
2022,4,Trivandrum,R.C.C. pipes NP2 class 1100 mm dia,2429.7
2022,4,Trivandrum,R.C.C. pipes NP2 class 1200 mm dia,2452.0
2022,4,Trivandrum,R.C.C. collars NP2 class 100 mm dia,45.4
2022,4,Trivandrum,R.C.C. collars NP2 class 150 mm dia,52.7
2022,4,Trivandrum,R.C.C. collars NP2 class 250 mm dia,68.2
2022,4,Trivandrum,R.C.C. collars NP2 class 300 mm dia,76.6
2022,4,Trivandrum,R.C.C. collars NP2 class 450 mm dia,133.4
2022,4,Trivandrum,R.C.C. collars NP2 class 500 mm dia,152.9
2022,4,Trivandrum,R.C.C. collars NP2 class 600 mm dia,183.75
2022,4,Trivandrum,R.C.C. collars NP2 class 700 mm dia,195.3
2022,4,Trivandrum,R.C.C. Colllars NP2 class 800 mm dia,263.0
2022,4,Trivandrum,R.C.C. collars NP2 class 900 mm dia,310.8
2022,4,Trivandrum,R.C.C. collars NP2 class 1000 mm dia,366.5
2022,4,Trivandrum,R.C.C. collars NP2 class 1100mm dia,393.2
2022,4,Trivandrum,R.C.C. collars NP2 class 1200 mm dia,456.75
2022,4,Trivandrum,RCC pipe 450 mm dia NP -3 spigot,1937.75
2022,4,Trivandrum,RCC pipe 600 mm dia NP- 3 spigot,2584.0
2022,4,Trivandrum,RCC pipe 900 mm dia NP - 3 spigot,4075.57
2022,4,Trivandrum,RCC pipe 1000 mm dia NP -3 spigot,5117.18
2022,4,Trivandrum,RCC pipe 1200 mm dia NP - 3 spigot,6444.9
2022,4,Trivandrum,RCC pipe 1800 mm dia NP- 3 spigot,12209.4
2022,4,Trivandrum,RCC pipe 450 mm dia NP- 4 spigot,2241.75
2022,4,Trivandrum,RCC pipe 600 mm dia NP- 4 spigot,2987.25
2022,4,Trivandrum,RCC pipe 900 mm dia NP- 4 spigot,5940.9
2022,4,Trivandrum,RCC pipe 1000 mm dia NP- 4 spigot,7195.65
2022,4,Trivandrum,RCC pipe 1200 mm dia NP- 4 spigot,8414.7
2022,4,Trivandrum,RCC pipe 1800 mm dia NP- 4 spigot,17633.7
2022,4,Trivandrum,stoneware pipes grade A (60 cm long) 100 mm dia,95.94
2022,4,Trivandrum,Stoneware pipes grade A (60 cm long ) 150 mm dia,198.58
2022,4,Trivandrum,Stoneware pipes grade A (60 cm long)230 mm dia,233.91
2022,4,Trivandrum,Stoneware pipes grade A (60 cm long ) 200 mm dia,292.6
2022,4,Trivandrum,Stoneware pipes grade A (60 cm long ) 300 mm dia,321.47
2022,4,Trivandrum,Fire clay kitchen sink: 600x450x250 mm,1693.02
2022,4,Trivandrum,White vitreous china laboratory sink 450x300x150x mm,1156.0
2022,4,Trivandrum,White vitreous china laboratory sink 600x450x200 mm,2147.76
2022,4,Trivandrum,White plastic seat (solid) with lid C.P. brass hinges and rubber buffers,473.78
2022,4,Trivandrum,Black plastic seat (soild) with lid C.P.brass hinges and rubber buffers,444.53
2022,4,Trivandrum,Shower rose C.P brass for 15 to 20 mm intel 100 mm dia,89.11
2022,4,Trivandrum,Shower rose C.P.brass for 15 to 20 mm intel 150 mm dia,101.88
2022,4,Trivandrum,Dismenteled P or S trap scrap (approx wt 2kg),40.28
2022,4,Trivandrum,Spun yarn,69.01
2022,4,Trivandrum,Strainer brass 40 mm dia 1.5 metre long,794.85
2022,4,Trivandrum,15 mm C.P.brass tap,293.58
2022,4,Trivandrum,C.P.brass toilet paper holder of standard size,253.96
2022,4,Trivandrum,Centrifugally SCI(spun) S & S P or S trap,383.67
2022,4,Trivandrum,C.I. trap for standard urinal with vent arm with operating and other couplings in C.P. brass: 50 mm dia,246.48
2022,4,Trivandrum,C.I. trap for standard urinal with vent arm with operating and other coupling in C.P. brass: 80 mm dia,315.15
2022,4,Trivandrum,C.P. brass trap 40 mm dia,231.84
2022,4,Trivandrum,100 mm S.C.I. trap with vent heel,403.85
2022,4,Trivandrum,100 mm S.C.I. trap with 100 mm inlet and 100 mm outlet,362.56
2022,4,Trivandrum,100 mm S.C.I. trap with 100 mm inlet and 75 mm outlet,279.23
2022,4,Trivandrum,S.W. gully trap type 100x100 mm,119.74
2022,4,Trivandrum,S.W. gully trap type 150x100 mm,169.13
2022,4,Trivandrum,S.W. gully trap P type 180x150 mm,301.05
2022,4,Trivandrum,Vitreous china lipped front urinal,597.96
2022,4,Trivandrum,Vitreous china squatting plate urinal,1103.6
2022,4,Trivandrum,H.P. or L.P. ball valve with polythene floats: 15 mm dia,303.35
2022,4,Trivandrum,H.P. or L.P. ball valve with polythene floats: 20 mm dia,432.33
2022,4,Trivandrum,H.P. or L.P. ball valve with polythene floats: 25 mm dia,421.26
2022,4,Trivandrum,20 mm dia Gunmetal gate valve with wheel,514.47
2022,4,Trivandrum,Brass full way valve with C.I. wheel (screwed end) 25 mm dia,468.48
2022,4,Trivandrum,Brass full way valve with C.I. wheel (screwed end) 32 mm dia,716.08
2022,4,Trivandrum,Brass full way valve with C.I. wheel (screwed end) 40 mm dia,1068.96
2022,4,Trivandrum,Brass full way valve with C.I. wheel (screwed end) 50 mm dia,1329.06
2022,4,Trivandrum,Brass full way valve with C.I. wheel (screwed end) 65 mm dia,1686.87
2022,4,Trivandrum,Brass full way valve with C.I. wheel (screwed end) 80 mm dia,2609.0
2022,4,Trivandrum,Gunmetal non-return valve-horizontal (screwed end ) 25 mm dia,633.42
2022,4,Trivandrum,Gunmetal non-return valve-horizontal (screwed end ) 32 mm dia,969.9
2022,4,Trivandrum,Gunmetal non-return valve-horizontal (screwed end ) 40 mm dia,708.9
2022,4,Trivandrum,Gunmetal non-return valve-horizontal (screwed end ) 50 mm dia,1058.48
2022,4,Trivandrum,Gunmetal non-return valve-horizontal (screwed end ) 65 mm dia,1900.26
2022,4,Trivandrum,Gunmetal non-return valve-horizontal (screwed end ) 80 mm dia,2709.4
2022,4,Trivandrum,C.I.Sluice valve (with caps) class I : 100 mm dia,3056.01
2022,4,Trivandrum,C.I.Sluice valve (with caps) class I : 125 mm dia,3265.02
2022,4,Trivandrum,C.I.Sluice valve (with caps) class  I : 150 mm dia,4586.09
2022,4,Trivandrum,C.I.Sluice valve (with caps) class I : 200 mm dia,9412.56
2022,4,Trivandrum,C.I.Sluice valve (with caps) class I : 250 mm dia,13778.16
2022,4,Trivandrum,C.I.Sluice valve (with caps) class : 300 mm dia,19449.36
2022,4,Trivandrum,Vitreous China flat back wash basin 630x450 mm,918.0
2022,4,Trivandrum,Vitreous China angle back wash basin 600x480 mm,1629.75
2022,4,Trivandrum,Vitreous china angle back wash basin 400x400 mm,711.81
2022,4,Trivandrum,C.P. brass waste 32 mm,122.35
2022,4,Trivandrum,C.P. brass waste 40 mm,143.84
2022,4,Trivandrum,Vitreous china India type w.c. pan size 580 mm,886.19
2022,4,Trivandrum,Vitreous China orrisa type w.c. pan size 580 mm,1628.0
2022,4,Trivandrum,Vitreous china pedestal type wate closet,1356.0
2022,4,Trivandrum,Bolts and nuts 16 mm dia 60 mm long,24.62
2022,4,Trivandrum,Bolts and nuts 16 mm dia 65 mm long,26.19
2022,4,Trivandrum,Bolts and nuts 20 mm dia 65 mm long,26.3
2022,4,Trivandrum,Bolts and nuts 20 mm dia 70 mm long,27.6
2022,4,Trivandrum,Bolts and nuts 20 mm dia 75 mm long,30.12
2022,4,Trivandrum,Bolts and nuts 20 mm dia 80 mm long,30.31
2022,4,Trivandrum,Bolts and nuts 24 mm dia 85 mm long,40.56
2022,4,Trivandrum,Bolts and nuts 24 mm dia 90 mm long,46.35
2022,4,Trivandrum,Bolts and nuts 27 mm dia 100 mm long,48.24
2022,4,Trivandrum,White vitreous china dual purpose closet (Anglo Indian W.C.) suitable for use as squatting pan or European type water closet as per manufacture's specifications,3390.0
2022,4,Trivandrum,"Floor mounted white vitrous china double trap syphonic WC with 10 litre cistern and all fittings, seat cover etc",12881.0
2022,4,Trivandrum,Vitreous china foot rests 250x125x25 mm,135.5
2022,4,Trivandrum,Fly ash,14.05
2022,4,Trivandrum,Common burnt clay F.P.S. (non modular) bricks tile class designation 10,8500.0
2022,4,Trivandrum,Common burnt clay modular bricks class designation 12.5,8300.0
2022,4,Trivandrum,Carriage of Steam coal,0.0
2022,4,Trivandrum,Carriage of Bricks,0.0
2022,4,Trivandrum,Carriage of Stone aggregate below 40 mm nominal size,0.0
2022,4,Trivandrum,Carriage of Coarse sand,0.0
2022,4,Trivandrum,Carriage of Timber,0.0
2022,4,Trivandrum,Carriage of Steel,0.0
2022,4,Trivandrum,Carriage of Stone aggregate 40 mm nominal size and above,0.0
2022,4,Trivandrum,Carriage of Brick tiles,0.0
2022,4,Trivandrum,Carriage of Lime,0.0
2022,4,Trivandrum,Carriage of Cement,0.0
2022,4,Trivandrum,Carriage of Tar bitumen,0.0
2022,4,Trivandrum,Carriage of Soling stone & masonry stone,0.0
2022,4,Trivandrum,Carriage of Stone blocks white & red sand stone & Kota stone slab,0.0
2022,4,Trivandrum,Carriage of S.W. pipes 100 mm dia,0.0
2022,4,Trivandrum,Carriage of S.W. pipes 150 mm dia,0.0
2022,4,Trivandrum,Carriage of S.W. pipes 200 mm dia,0.0
2022,4,Trivandrum,Carriage of S.W. pipes 250 mm dia,0.0
2022,4,Trivandrum,Carriage of S.W. pipes 300 mm dia,0.0
2022,4,Trivandrum,Carriage of Good earth,0.0
2022,4,Trivandrum,Carriage of Dump manure,0.0
2022,4,Trivandrum,Carriage of Brick aggregate,0.0
2022,4,Trivandrum,Carriage of Fine sand (1 part badarpur sand : 2 parts jamuna sand,0.0
2022,4,Trivandrum,Carriage of  Flyash,0.0
2022,4,Trivandrum,Carriage of Rubbish,280.0
2022,4,Trivandrum,Carriage of Moorum,0.0
2022,4,Trivandrum,Carriage of Surkhi,0.0
2022,4,Trivandrum,Carriage of Stone dust,0.0
2022,4,Trivandrum,Carriage of Marble dust and marble chips,0.0
2022,4,Trivandrum,Carriage of G.I. pipes below 100 mm dia,0.0
2022,4,Trivandrum,Carriage of Stainless Steel pipes below 100 mm dia,0.0
2022,4,Trivandrum,Carriage of A.C. Sheet and accessories,0.0
2022,4,Trivandrum,Carriage of  R.C. C pipes 100 mm dia,0.0
2022,4,Trivandrum,Carriage of R.C.C.Pipes 150 mm dia,0.0
2022,4,Trivandrum,Carriage of R.C.C. Pipes 250 mm dia,0.0
2022,4,Trivandrum,Carriage of R.C.C. Pipes 300 mm dia,0.0
2022,4,Trivandrum,Carriage of R.C.C. Pipes 450 & 500 mm dia,0.0
2022,4,Trivandrum,Carriage of G.I. Sheet and accessories,0.0
2022,4,Trivandrum,"Carriage of R.C.C. Pipes 600,700,750 & 800  mm dia",0.0
2022,4,Trivandrum,Carriage of Plaster of paris,0.0
2022,4,Trivandrum,Carriage of Cast iron fittings,0.0
2022,4,Trivandrum,Carriage of Red bajri,0.0
2022,4,Trivandrum,Carriage of Barbed wire,0.0
2022,4,Trivandrum,Carriage of Sludge,0.0
2022,4,Trivandrum,Carriage of Spun iron S & S pipes 100 mm dia,0.0
2022,4,Trivandrum,Carriage of Spun iron S & S pipes 125 mm dia,0.0
2022,4,Trivandrum,Carriage of Spun iron S & S pipes 150 mm dia,0.0
2022,4,Trivandrum,Carriage of Spun iron S & S pipes 200 mm dia,0.0
2022,4,Trivandrum,Carriage of Spun iron S & S pipes 250 mm dia,0.0
2022,4,Trivandrum,Carriage of Spun iron S & S pipes 300 mm dia,0.0
2022,4,Trivandrum,Carriage of Spun iron S & S pipes 350 mm dia,0.0
2022,4,Trivandrum,Carriage of Spun iron S & S pipes 400 mm dia,0.0
2022,4,Trivandrum,Carriage of Spun iron S & S pipes 450 mm dia,0.0
2022,4,Trivandrum,Carriage of Spun iron S & S pipes 500 mm dia,0.0
2022,4,Trivandrum,Carriage of Spun iron S & S pipes 600 mm dia,0.0
2022,4,Trivandrum,Carriage of C.I. pipes 500 mm dia,0.0
2022,4,Trivandrum,Carriage of R.C.C. pipes 900 mm dia,0.0
2022,4,Trivandrum,Carriage of R.C.C. pipes 1000 mm dia,0.0
2022,4,Trivandrum,Carriage of R.C.C. pipes 1100 mm dia,0.0
2022,4,Trivandrum,Carriage of R.C.C. pipes 1200 mm dia,0.0
2022,4,Trivandrum,Carriage of Jamuna sand,0.0
2022,4,Trivandrum,Carriage of R.C.C. pipe above 1200 mm dia and upto 1800 mm dia,0.0
2022,4,Trivandrum,Carriage of Pig lead,0.0
2022,4,Trivandrum,Carriage of Solvent/ Diesel,0.0
2022,4,Trivandrum,Carriage of Ductile iron pipes (K7) 100 mm dia,0.0
2022,4,Trivandrum,Carriage of Cast iron pipes 150 mm dia,0.0
2022,4,Trivandrum,Carriage of Cast iron pipes 200 mm dia,0.0
2022,4,Trivandrum,Carriage of Cast iron pipes 250 mm dia,0.0
2022,4,Trivandrum,Carriage of Cast iron pipes 300 mm dia,0.0
2022,4,Trivandrum,Carriage of Cast iron pipes 350 mm dia,0.0
2022,4,Trivandrum,Carriage of Cast iron pipes 400 mm dia,0.0
2022,4,Trivandrum,Carriage of Cast iron pipes 450 mm dia,0.0
2022,4,Trivandrum,Carriage of Cast iron pipes 500 mm dia,0.0
2022,4,Trivandrum,Carriage of Cast iron pipes 600 mm dia,0.0
2022,4,Trivandrum,Carriage of Cast iron pipes 700 mm dia,0.0
2022,4,Trivandrum,Carriage of Cast iron pipes 800 mm dia,0.0
2022,4,Trivandrum,Carriage of Cast iron pipes 900 mm dia,0.0
2022,4,Trivandrum,Carriage of Cast iron pipes 1000 mm dia,0.0
2022,4,Trivandrum,Carriage of Bamboo Mat corrugated sheets and accessories,0.0
2022,4,Trivandrum,Strips-Aluminium fluted 3.15 mm thick and 150 mm wide,375.0
2022,4,Trivandrum,Strips-Aluminium fluted 3.15 mm thick and 200 mm wide,501.0
2022,4,Trivandrum,1 mm thick Sstainless Steel Cover plate grade 304,362.83
2022,4,Trivandrum,Coupler 16 mm dia,126.08
2022,4,Trivandrum,Coupler 20 mm dia,133.9
2022,4,Trivandrum,Coupler 25 mm dia,186.16
2022,4,Trivandrum,Coupler 28 mm dia,272.75
2022,4,Trivandrum,Coupler 32 mm dia,323.3
2022,4,Trivandrum,Complete Roof Joint of 100 mm,5685.88
2022,4,Trivandrum,Complete Roof Joint of 150 mm,6091.42
2022,4,Trivandrum,Complete Roof Joint of 200 mm,6317.68
2022,4,Trivandrum,Epoxy adhesive,308.76
2022,4,Trivandrum,Floor Joint of 100 mm,5707.23
2022,4,Trivandrum,Floor Joint of 150 mm,6229.8
2022,4,Trivandrum,Floor Joint of 200 mm,6735.48
2022,4,Trivandrum,Float glass sheet of nominal thickness 4 mm (weight not less than 10 kg/sqm),511.48
2022,4,Trivandrum,Float glass sheet of nominla thickness 5.5 mm (weight not less than 13.50 Kg/ sqm),639.63
2022,4,Trivandrum,Float glass sheet of nominal thickness 8 mm (weight not less than 20.00 kg/sqm),926.16
2022,4,Trivandrum,Wall Joint of 100 mm,4476.16
2022,4,Trivandrum,Wall Joint of 150 mm,5147.67
2022,4,Trivandrum,Wall Joint of 200 mm,5149.98
2022,4,Trivandrum,Play wood 5 play with commericila ply on both faces 6 mm thick,467.33
2022,4,Trivandrum,12 mm commercial ply,765.36
2022,4,Trivandrum,18 mm thick block board with commercial ply veneering on both side,1019.7
2022,4,Trivandrum,21 mm thick clear toughened Laminated glass for fins with holes,8449.19
2022,4,Trivandrum,Hollock ballies 125 mm diameter,56.25
2022,4,Trivandrum,"Oxidised mild steel pull bolt lock (locking bolt) of size 85 mm x 42 mm with screws, bolts, nuts and washers complete",67.98
2022,4,Trivandrum,"Brass cupboard lock 6 levers of approved quality, 40 mm size",94.82
2022,4,Trivandrum,"Brass upboard lock 6 levers of approved quality,  50 mm  size",104.55
2022,4,Trivandrum,"Brass cupboard lock 6 levers of approved quality,  65 mm size",111.1
2022,4,Trivandrum,"Brass cupboard lock 6 levers of approved quality,  75 mm size",171.4
2022,4,Trivandrum,Brass hanging type door stopper 150 mm,100.35
2022,4,Trivandrum,Hydraulic door closer bottle type M.S. body with necessary accessories and screw complete,1391.16
2022,4,Trivandrum,Anodised Aluminium hanging type door stopper,38.19
2022,4,Trivandrum,"Anodised Aluminium pull bolt lock (locking bolt) of size 85 mmx42 mm wutg screws, bolts, nuts and washers complete",87.87
2022,4,Trivandrum,Anodised Aluminium Casement stay 250 mm,81.87
2022,4,Trivandrum,Hollock wood in scantling,417.18
2022,4,Trivandrum,"Chromium plated Brass pull bolt lock (locking bolt) of size 85 mmx42 mm with screws, bolts, nuts and washers complete",211.12
2022,4,Trivandrum,Nickeled Chromium Brass cupboard lock 40 mm size,85.43
2022,4,Trivandrum,Nickeled Chromium Brass cupboard lock 50 mm size,99.47
2022,4,Trivandrum,Nickeled Chromium Brass cupboard lock 65 mm size,111.73
2022,4,Trivandrum,Nickeled Chromium Brass cupboard lock 75 mm size,143.14
2022,4,Trivandrum,Ply wood 5 ply with teak ply on both faces 9 mm thick,1290.07
2022,4,Trivandrum,Ply wood 5 ply with teak ply on one faces and commercial ply on another face 9 mm thick,1253.7
2022,4,Trivandrum,Ply wood 75 ply with teak ply on one face and commercial ply on another face 9 mm thick,1311.45
2022,4,Trivandrum,Pre- laminated with decorative lamination on both side exterior Grade - I MDF Board 12 mm thick confirming to IS:14587,1117.2
2022,4,Trivandrum,Pre - laminated with decorative lamination on both side exterior Grade - I MDF Board 18 mm thick confiriming to IS:14587,1353.45
2022,4,Trivandrum,Pre- laminated with decorative lamination side and other side balancing lamination exterior Grade - I MDF Board 25 mm thick confirming to IS: 14587,1593.9
2022,4,Trivandrum,Pre- laminated with decorative lamination side and other side balancing lamination exterior Grade - I MDF Board 12 mm thick Confirming to IS:14587,955.5
2022,4,Trivandrum,Pre-laminated with decorative lamination one side and other side balancing lamination exterior Grade- I MDF Board 18 mm thick confirming to IS:14587,1197.1
2022,4,Trivandrum,PVC edge bending tape 2.00 mm thick,63.0
2022,4,Trivandrum,Pre laminated both side solid foam uPVC profile (45x20mm),198.18
2022,4,Trivandrum,Solid foam uPVC sheet 20mm thick prelaminated on both side,2793.36
2022,4,Trivandrum,PVC edge beading,63.0
2022,4,Trivandrum,Expandable fastner with plastic sleeve,18.16
2022,4,Trivandrum,Cost of Neelgiri/Maxican grass truf sqm,111.5
2022,4,Trivandrum,Extra for selectd planks of second class deodar wood,164.5
2022,4,Trivandrum,Kiln seasoning of timber,1016.93
2022,4,Trivandrum,Hollock wood in planks,528.8
2022,4,Trivandrum,Carben Steel galvanised dash fastner (min 5 micron) of 10 mm dia double threaded 608 grade counter sunk head screw comprising of 10 mm dia polyamide PA 6 grade sleave.  Size 10 mm x 60 mm,352.53
2022,4,Trivandrum,Carben Steel galvanised dash fastner (min 5 micron) of 10 mm dia double threaded 6.8 grade counter sunk head screw comprising of 10 mm dia polyamide PA 6 grade sleave.  Size 10 mm x mm,406.77
2022,4,Trivandrum,Carben Steel galvanised dash fastner ( min 5 micron) of 10 mm dia double threaded 6.8 grade counter sunk head screw comprising of 10 mm dia polyamide PA 6 grade sleave.  Size 10 mm x 120 mm,494.9
2022,4,Trivandrum,"Carben steel galvanised dash fastner (min 5 micron) of 10 mm dia double threaded 6.8 grade sleave, Size 10 mm x 140 mm",610.16
2022,4,Trivandrum,Carben Steel galvanised dash fastner ( min 5 micron) of 10 mm dia double threaded 6.8 grade counter sunk head screw comprising of 10 mm dia polyamide PA 6 grade sleave.  Size 10 mm x 160 mm,779.64
2022,4,Trivandrum,Common burnt clay F.P.S. (non modular) bricks class designation 7.5,8014.54
2022,4,Trivandrum,Common burnt clay F.P.S. (non modular) bricks class designation 5.00,7060.3
2022,4,Trivandrum,"Weather/structural non sage elastomeric PU sealant (600ml Sausage) for joints in RCC/ Brick/ Stone/ Wood/ Ceramic/ Gypsum/ Alluminium work complying to ASTM C920, DIN 18540- F & ISO 11600 incl all taxes",721.34
2022,4,Trivandrum,Structural sealant- 6mm x12 mm,69.02
2022,4,Trivandrum,Spacer tape 6.4 mm thick x 6 mm wide,36.12
2022,4,Trivandrum,Weather Sealant - Non Staining (600 ml),620.88
2022,4,Trivandrum,Weather Sealant - Normal (300 ml),246.54
2022,4,Trivandrum,MS Brackets / Aluminium Alloy Brackets,201.0
2022,4,Trivandrum,Silicon Gasket in kg (Above 50 g/m),753.44
2022,4,Trivandrum,EPDM Gasket in kg(Above 60 g / m),248.24
2022,4,Trivandrum,Anchor Fastner - M10,174.03
2022,4,Trivandrum,SS Bolt with washer of sizes for structural glazing / ACP Cladding,55.52
2022,4,Trivandrum,SS Screws of sizes for structural glazing /ACP Cladding,11.17
2022,4,Trivandrum,Protective Tape,45.7
2022,4,Trivandrum,GI flashing - 1.2 mm thick,89.25
2022,4,Trivandrum,6 mm thick High performance glass,2500.05
2022,4,Trivandrum,6 mm thick clear heat strengthened glass,200.55
2022,4,Trivandrum,ARMS GS HD - TOP HUNG -20,2030.7
2022,4,Trivandrum,Connective Block,54.6
2022,4,Trivandrum,Curtain wall striker,136.5
2022,4,Trivandrum,Adjustable Fastening Pawl,50.4
2022,4,Trivandrum,Corner drive,382.2
2022,4,Trivandrum,Top wedge block,179.55
2022,4,Trivandrum,Glass wool Density 48 kg/m3 with Block Glass Tissue (BGT),300.3
2022,4,Trivandrum,SS Screws - #8x19,15.75
2022,4,Trivandrum,Weather Sealant - DC 789,196.46
2022,4,Trivandrum,Cement Board,338.0
2022,4,Trivandrum,Baker rod,13.28
2022,4,Trivandrum,4 mm thick ACP,1861.65
2022,4,Trivandrum,Fire Stop,730.8
2022,4,Trivandrum,GI/Aluminium Sheet (0.8 mm thick),114.45
2022,4,Trivandrum,"GI Screws of guage 10, length 25 mm for fixing cement fibre board to C Section",10.19
2022,4,Trivandrum,"GI Screws of guage 10, length 45 mm for fixing cement fibre board to C Section",10.23
2022,4,Trivandrum,Vapour barrier,237.28
2022,4,Trivandrum,"Clear toughned interlayed, non-wired fire resistant glass panes of minimum 11 mm thickness (120 minutes fire rating)",33897.5
2022,4,Trivandrum,G.I. U beading of 1.6 mm thick G.I. sheet with ceramic tape,322.0
2022,4,Trivandrum,Ceramic tape 5x20 mm size,555.92
2022,4,Trivandrum,Aluminium Strip 40 mm wide and 2 mm thick,325.42
2022,4,Trivandrum,Truf Paver (500 x 500x 40 mm),1393.19
2022,4,Trivandrum,Ceremic Tiles Pieces for Crazy Flooring,173.87
2022,4,Trivandrum,White marble makrana second quality plain veined stone pieces for crazy flooting,187.43
2022,4,Trivandrum,FS800H Grade Flooring Panel (Size 600 mmx600 mmx32 mm),1016.93
2022,4,Trivandrum,ZInc Electroplated Pedestals - 300 mm,222.8
2022,4,Trivandrum,Zinc Electroplated Pedestals - 450 mm,263.55
2022,4,Trivandrum,Zinc Electroplated Tube stringer,95.55
2022,4,Trivandrum,Machine Screw for Fixing,4.31
2022,4,Trivandrum,8 mm thick granite stone tiles (mirror polished of all shades),1037.4
2022,4,Trivandrum,8 mm thick marble tiles (polished) Raj Nagar,520.8
2022,4,Trivandrum,Stone Aggregate (Single size): 100 mm nominal size,1789.2
2022,4,Trivandrum,Stone Aggregate (single size) : 80 mm nominal size,1901.55
2022,4,Trivandrum,Stone chippings/ screenings 4.75 mm nominla size,2625.0
2022,4,Trivandrum,Stone chippings/ screenings 150 micron nominal size,2625.0
2022,4,Trivandrum,Over burnt (Jhama) Brick Aggregate: 120 mm to 40 mm size,497.7
2022,4,Trivandrum,Over burnt (jhama) Brick Aggregate: 90 mm to 40 mm siize,650.83
2022,4,Trivandrum,Stone chippings/screenings 12.5/13.2 mm nominal size,2261.7
2022,4,Trivandrum,Stone Chippings/ screenings 10/ 11.2 mm nominal size,2261.7
2022,4,Trivandrum,Solvent,86.1
2022,4,Trivandrum,Paving Asphalt VG-10 of approved quality,48216.0
2022,4,Trivandrum,Polyvinyl chloride sheet 400 micron thick,51.45
2022,4,Trivandrum,Stone ware spouts 100 mm dia 60 cm long,51.45
2022,4,Trivandrum,Galvanised steel corrugated sheets,7875.0
2022,4,Trivandrum,Gunmetal non-return valve-vertical (screwed end)25 mm dia,579.24
2022,4,Trivandrum,Gunmetal non-return valve-vertical (screwed end)32 mm dia,710.85
2022,4,Trivandrum,Gunmetal non-return valve-vertical (screwed end) 40 mm dia,1037.4
2022,4,Trivandrum,Gunmetal non-return valve-vertical (screwed end) 50 mm dia,1467.9
2022,4,Trivandrum,Gunmetal non-return valve-vertical (screwed end) 65 mm dia,2586.15
2022,4,Trivandrum,Vitreous china Surgeon type wash basin of size 660x460 mm,1423.8
2022,4,Trivandrum,"600x120 mm glass shelf with anodised aluminium angle frame, C.P. brass brackets and guard rail of standard size",325.5
2022,4,Trivandrum,Vitreous china flat back wash basin 550x400 mm,864.15
2022,4,Trivandrum,Gunmetal non-return valve-verticlal (screwed end) 80 mm dia,3877.65
2022,4,Trivandrum,C.I. sluice valve (with caps) class II : 100 mm dia,3761.1
2022,4,Trivandrum,C.I. sluice valve (with caps) class II : 125 mm dia,4523.4
2022,4,Trivandrum,C.I. sluice valve (with caps) class II : 150 mm dia,5556.6
2022,4,Trivandrum,C.I. sluice valve (with caps) class II : 200 mm dia,11897.55
2022,4,Trivandrum,C.I. sluice valve (with caps) class II : 250 mm dia,19117.35
2022,4,Trivandrum,C.I. sluice valve (with caps) class II : 300 mm dia,23895.9
2022,4,Trivandrum,15 mm Battery Based Sensor Pillar Cock,7524.3
2022,4,Trivandrum,CP Brass Union 40 mm dia,257.25
2022,4,Trivandrum,"C.C.I. (spun) socketed soil, waste and vent pipe 1.80 metres long : 100 mm dia",1627.08
2022,4,Trivandrum,"C.C.I (spun) socketed soil, waste and vent pipe 1.80 meters long : 75 mm dia",1491.49
2022,4,Trivandrum,S.C.I. S&S bends with access door 100 mm dia,406.77
2022,4,Trivandrum,S.C.I. S&S bends with access door 75 mm dia,338.98
2022,4,Trivandrum,S.C.I. S&S bend 100 mm dia,359.31
2022,4,Trivandrum,S.C.I. S&S bend 75 mm dia,264.4
2022,4,Trivandrum,S.C.I. S&S heel rest sanitary  bend 100 mm dia,401.35
2022,4,Trivandrum,S.C.I S&S heel rest sanitary bend 75 mm dia,338.98
2022,4,Trivandrum,S.C.I. S&S single equal junctions 100x100x100 mm,639.98
2022,4,Trivandrum,S.C.I. S&S single equal junctions 75x75x75 mm,447.45
2022,4,Trivandrum,S.C.I. S&S single equal junctions wtih access door 100x100x100 mm,671.17
2022,4,Trivandrum,S.C.I. S&S single equal junctions with access door 75x75x75 mm,505.75
2022,4,Trivandrum,S.C.I. S&S double equal junctions 100x100x100x100 mm,840.66
2022,4,Trivandrum,S.C.I. S&S double equal junctions 75x75x75x75 mm,626.43
2022,4,Trivandrum,S.C.I. S&S double equal junctions with access door 100x100x100x100 mm,833.88
2022,4,Trivandrum,S.C.I. S&S double equal junctions with access door 75x75x75x75 mm,650.83
2022,4,Trivandrum,S.C.I. S&S single unequal junctions 100x100x75 mm,772.86
2022,4,Trivandrum,S.C.I. S&S single unequal junctions with access door 100x100x75 mm,867.78
2022,4,Trivandrum,S.C.I. S&S double unequal junctions 100x100x75x75 mm,1084.72
2022,4,Trivandrum,S.C.I. S&S double unequal junctions with access door 100x100x75x75,1152.52
2022,4,Trivandrum,S.C.I. S&S single equal invert branch of required degree 100x100x100 mm dia,576.26
2022,4,Trivandrum,S.C.I. S&S single equal invert branch of required degree 75x75x75 mm dia,437.96
2022,4,Trivandrum,S.C.I. S&S double equal invert branch of required degree 100x100x100x100 mm dia,718.63
2022,4,Trivandrum,S.C.I. S&S double equal invert branch of required degree 75x75x75x75 mm dia,576.26
2022,4,Trivandrum,S.C.I. S&S single unequal invert branch of required degree 100x100x75 mm dia,738.97
2022,4,Trivandrum,S.C.I. S&S double unequal invert branch of required degree 100x100x75x75xmm dia,983.03
2022,4,Trivandrum,"S.C.I. S&S, 75 mm offsets for 75 mm dia pipe",305.08
2022,4,Trivandrum,"S.C.I. S&S, 150 mm offset for 75 mm dia pipe",386.43
2022,4,Trivandrum,"S.C.I. S&S, 150 mm offset for 100 mm dia pipe",528.8
2022,4,Trivandrum,"S.C.I. S&S, 114 mm offset for 75 mm dia pipe",406.77
2022,4,Trivandrum,"S.C.I. S&S, 114 mm offset for 100 mm dia pipe",519.31
2022,4,Trivandrum,"S.C.I S&S, 152 mm offset for 75 mm dia pipe",485.41
2022,4,Trivandrum,"S.C.I. S&S, 152 mm offset for 100 mm dia pipe",616.93
2022,4,Trivandrum,"S.C.I. S&S, door peeces 100 mm dia",542.36
2022,4,Trivandrum,"S.C.I. S&S, door pieces 75 mm dia",399.99
2022,4,Trivandrum,"S.C.I. S&S, Slotted Cowl (Terminal Guard) 100 mm",357.96
2022,4,Trivandrum,"S.C.I. S&S, Slotted Cowl (Terminal Guard) 75 mm",284.74
2022,4,Trivandrum,"S.C.I. S&S, collars 100 mm",378.3
2022,4,Trivandrum,"S.C.I. S&S, collars 75 mm",230.5
2022,4,Trivandrum,"S.C.I. S&S, 75 mm offset for 75 mm dia pipe",295.59
2022,4,Trivandrum,"S.C.I. S&S, 75 mm offset for mm dia pipe",492.19
2022,4,Trivandrum,Vitreous china toilet paper holder of standard size,194.16
2022,4,Trivandrum,560 mm dia cover with frame (Heavy duty),11295.48
2022,4,Trivandrum,560 mm dia cover without frame (Heavy duty),6307.85
2022,4,Trivandrum,"Galvanized iron (1.6 +/- 0.2 mm) thick reinforcement for small series casement window/ door frame, sash, mulion & small series sliding window frame",92.67
2022,4,Trivandrum,"Galvanized iron (1.6 +/- 0.2mm) thick reinforcement for big series casement window/ door frame, sash mullion & small series sliding window frame",98.49
2022,4,Trivandrum,Galvanized iron (1.6 +/- 0.2mm) thick reinforcement for big series casement door sash,129.15
2022,4,Trivandrum,Galvanized iron (1.6 +/- 0.2mm) thick reinforcement for big series sliding window/ door sash,126.48
2022,4,Trivandrum,G. I fasteners 100 x 8 mm,36.4
2022,4,Trivandrum,Stainless steel (Grade - 304) hollow section round/square tubes,361.22
2022,4,Trivandrum,Stainless steel bolts /square bar and plates,178.89
2022,4,Trivandrum,Pressed steel door fames (mild steel sheet 1.60 mm ) Profile,365.65
2022,4,Trivandrum,Mild steel tubes hot finished welded type,95.88
2022,4,Trivandrum,Mild steel tubes hot finished seamless type,102.5
2022,4,Trivandrum,Mild steel tubes electric resistant or induction butt welded,107.18
2022,4,Trivandrum,Circular C.I. Bok for ceiling fan,88.44
2022,4,Trivandrum,Pulley 40 mm dia,44.08
2022,4,Trivandrum,Aluminium primer,157.08
2022,4,Trivandrum,Red oxide Zinc chromate primer,168.48
2022,4,Trivandrum,Copper acetate,388.13
2022,4,Trivandrum,Hydrochloric acid,51.25
2022,4,Trivandrum,Copper chloride,378.75
2022,4,Trivandrum,Copper nitrate,283.93
2022,4,Trivandrum,Ammonium chloride,33.99
2022,4,Trivandrum,Mobil oil,420.0
2022,4,Trivandrum,ss pipe 304 grades with press fit technology as per JIS 3448 Standard 48.60 mm outer dia,868.18
2022,4,Trivandrum,Coloured inter locking C.C. paver block,660.0
2022,4,Trivandrum,White marble slab Makrana second quality plain veined 18 mm thick,2354.72
2022,4,Trivandrum,Pink marble slab plain 18 mm thick,822.05
2022,4,Trivandrum,Udaypur green marble slab plain 18 mm thick,1009.8
2022,4,Trivandrum,Black Zebra Marble slab plain 18 mm thick,773.76
2022,4,Trivandrum,Sand zone V (jamina),1449.0
2022,4,Trivandrum,Brass 100 mm mortice latch and lock with 6 levers without pair of handles,374.87
2022,4,Trivandrum,Pair Anodised Aluminium lever handles for 100 mm mortice latch and lock,417.46
2022,4,Trivandrum,Vitreous china flat back wash basin 450x300 mm,685.36
2022,4,Trivandrum,Vitreous china 10 litres low level cistern without fittings,1037.92
2022,4,Trivandrum,Vitreous china 10 litres low level cistern with fittings,1719.12
2022,4,Trivandrum,F.P.S. (non modular) clay fly ash bricks class designation 7.5,6850.0
2022,4,Trivandrum,12.5 mm thick tapered edge gypsum plain board,278.24
2022,4,Trivandrum,Galvanised Steel celling section (size 80x26x0.50 mm),62.4
2022,4,Trivandrum,Galvanised Steel perimetre Channel (Size 20x27x30x0.50 mm),46.8
2022,4,Trivandrum,Galvanised Steel intermediate Channel (Size 15x45x15x0.90 mm),64.18
2022,4,Trivandrum,Galvanised Steel angle hanger (Celling angle) (Size 25x10x0.50 mm),37.44
2022,4,Trivandrum,Galvanised Steel connecting clips (2.64 dia and 230 mm long GI wire),13.39
2022,4,Trivandrum,Galvanised Steel soffit cleat (Size 27x37x25x0.60 mm),10.05
2022,4,Trivandrum,Joint filler,42.9
2022,4,Trivandrum,Joint finisher,44.08
2022,4,Trivandrum,Joint tape roll,222.83
2022,4,Trivandrum,Dash fastener/chemical Fastener,27.54
2022,4,Trivandrum,All drive screws (for gypsum board),82.0
2022,4,Trivandrum,Primer (for gypsum board),118.71
2022,4,Trivandrum,Chlorpyriphos 20% E.C. / Lindane 20% E.C.,212.06
2022,4,Trivandrum,Chromium plated brackets (curtain rods),18.4
2022,4,Trivandrum,Acid Proof cement,10233.62
2022,4,Trivandrum,Self tapping pan head nickel coated mild steel screws of size 13 x 3.2 mm,719.36
2022,4,Trivandrum,Fibre joint tape 50 mm wide (90 metre) roll,224.6
2022,4,Trivandrum,M.S. Butt hinges 125x90x4 mm,160.76
2022,4,Trivandrum,12.5 mm thick Fully Perforated gypsum board,1176.26
2022,4,Trivandrum,Galvanised wire mesh of average width of aperture 1.4 and nominal dia. of wire 0.63 mm,341.0
2022,4,Trivandrum,12.5 mm thick tapered edge gypsum fire resistant board,333.0
2022,4,Trivandrum,12.5 mm thick tapered edge gypsum moisture resistant board,375.0
2022,4,Trivandrum,Frosted glass sheet or nominal thickness 4 mm (weighing not less than 10 kg/sqm),624.0
2022,4,Trivandrum,Nickel plated M.S. pipe 25 mm dia.,107.22
2022,4,Trivandrum,Nickel plated M.S. pipe 20 mm dia,97.24
2022,4,Trivandrum,Nickel palted M.S. Brackets for curtain rod 20 mm,17.07
2022,4,Trivandrum,Nickel plated M.S. Bracekts for curtain rod 25 mm,15.9
2022,4,Trivandrum,Oxidised mild steel screws 35 mm,76.97
2022,4,Trivandrum,Mild steel conduit pipe (heavy type) ISI Marked-20 mm dia.,101.3
2022,4,Trivandrum,Mild steel conduit pipe (heavy type) ISI Marked-25 mm dia,100.4
2022,4,Trivandrum,Rolling shutters of 80x0.90 mm laths,1770.0
2022,4,Trivandrum,Rolling shutters of 80x1.2 mm laths,1900.0
2022,4,Trivandrum,Top cover of Rolling shutters 0.90 mm thick,650.0
2022,4,Trivandrum,Top cover of Rolling shutters 1.20 mm thick,761.0
2022,4,Trivandrum,Rawl plug 50 mm (designation 10 nos),20.0
2022,4,Trivandrum,Teak wood lipping of size 25x3 mm in pelmets,35.88
2022,4,Trivandrum,PU Primer,82.0
2022,4,Trivandrum,40 mm (average) PU spray having 40-45 kg/m3 density,582.9
2022,4,Trivandrum,GI wire netting 3/4,36.0
2022,4,Trivandrum,400 G polythene sheet,23.75
2022,4,Trivandrum,Flat pressed 3 layer and graded particle board (medium density) Grade 1 Conforming to IS : 3087-18 mm thick,650.0
2022,4,Trivandrum,Almonium tee channel (heavy duty) with rollers and stop end,67.28
2022,4,Trivandrum,Aluminium hanging floor door stopper with twin rubber & stopper,85.43
2022,4,Trivandrum,Hydraulic door closer tubular type Aluminium section body,1040.18
2022,4,Trivandrum,Oxidised M.S. casement stay (straight peg type) 300 mm not less than 0.33 kg,39.98
2022,4,Trivandrum,Oxidised M.S. casement stay (straight peg type) 250 mm not less than 0.28 kg,41.0
2022,4,Trivandrum,Oxidised M.S. casement stay (straight peg type)200 mm not less than 0.24 kg,26.0
2022,4,Trivandrum,Extra for providing grilled rolling shutters with 8 mm dia M.S. rod,695.0
2022,4,Trivandrum,Chequered precast cement concrete tiles 22 mm thck using marble chips of size 6 mm - light shade using white cement,545.0
2022,4,Trivandrum,White marble Raj Nagar plain 18 mm thick upto 0.50 sqm area,830.22
2022,4,Trivandrum,Wall mounted water closet,8100.0
2022,4,Trivandrum,Adjustable Vetrious China Cistern with fittings,3800.0
2022,4,Trivandrum,White Vetrious China Waterless Urinal,16500.0
2022,4,Trivandrum,Cistern with fittings for Waterless Urinal,3850.0
2022,4,Trivandrum,White Vetrious Urinal,6150.0
2022,4,Trivandrum,"Acid and alkali resistant tiles 300x300 mm size, 10 mm thick",732.0
2022,4,Trivandrum,S.C.I. Tee 150 mm,773.0
2022,4,Trivandrum,Expanded polystyrene type N- Normal,170.0
2022,4,Trivandrum,Expanded polystyrene type - SE,206.27
2022,4,Trivandrum,Stainless steel kitchen sink - with drain board bowl depth 250 mm,6398.37
2022,4,Trivandrum,Stainless steel kitchen sink - with drain board 510x 1040 mm bowl depth 225 mm.,5258.67
2022,4,Trivandrum,Stainless steel kitchen sink - with drain board 510 x 1040 mm bowl,4916.08
2022,4,Trivandrum,Stainless steel kitchen sink - with drain board 510 x 1040 mm bowl depth 178 mm,4294.19
2022,4,Trivandrum,Stainless steel kitchen sink - without drain board 610x510 mm bowl depth 200 mm,3088.8
2022,4,Trivandrum,Stainless steel kitchen sink - without drain board 610x460 mm bowl depth 200 mm,2659.28
2022,4,Trivandrum,Stainless steel kitchen sink - without drain board 470x420 mm bowl depth 178 mm,2159.01
2022,4,Trivandrum,Coloured Orissa pattern W.C. pan 580x440 mm,2481.3
2022,4,Trivandrum,Coloured Pedestal type W.C. pan 580x440 mm (European type),1166.07
2022,4,Trivandrum,Coloured Vitreous china 10 lit. low level cistern,2221.44
2022,4,Trivandrum,Coloured (other than black)solid P.V.C. seat in European W.C. pan,566.17
2022,4,Trivandrum,Circular shape 450 mm dia Mirror with Plastic moulded frame,583.44
2022,4,Trivandrum,Rectangular shape 453x357 mm Mirror with Plastic moulded frame,413.92
2022,4,Trivandrum,Oval shape 450x350 mm (outer dimension) Mirror with Plastic moulded fame,550.16
2022,4,Trivandrum,Rectangular shape 1500x450 mm Mirror with Plastic moulded frame,1027.52
2022,4,Trivandrum,Hard board 6 mm thick,179.92
2022,4,Trivandrum,Semi Rigid PVC waste pipe for sink and wash basin 32 mm dia with length not less than 700 mm i/c PVC waste fittings,44.48
2022,4,Trivandrum,Semi Rigid PVC waste pipe for sink and wash basin 40 mm dia with length not less than 700 mm i/c PVC waste fittings,56.18
2022,4,Trivandrum,Flexible (coil shaped) PVC waste pipe for sink and wash basin 32 mm dia with length not less than 700 mm i/c PVC waste fittings,48.0
2022,4,Trivandrum,Flexible (coil shaped) PVC waste pipe for sink and wash basin 40 mm dia with length not less than 700 mm i/c PVC waste fittings,50.96
2022,4,Trivandrum,Bottle Traop,941.2
2022,4,Trivandrum,CP Brass Single lever telephonic wall mixer of approved make,6100.0
2022,4,Trivandrum,Coloured High density polyethylene/poly propylene 10 lit. (full flush) capacity controlled low level flushing cistern with fittings,755.14
2022,4,Trivandrum,White Vitreous china 10 lit. (full flush) capacity controlled low level flushing cistern with all fittings,1110.1
2022,4,Trivandrum,Coloured Vitreous china 10 lit. (full flush) capacity controlled low level flushing cistern with all fittings,1547.52
2022,4,Trivandrum,S.W. intercepting trap 100 mm dia,246.48
2022,4,Trivandrum,S.W. intercepting trap 150 mm dia,322.4
2022,4,Trivandrum,Rectangular shape 600x 450 mm precast R.C.C. manhole cover with frame - L.D. - 25,941.2
2022,4,Trivandrum,Square shape 450x450 mm precast R.C.C. manhole cover with frame - L.D. -25,1026.48
2022,4,Trivandrum,Circular shape 450 mm dia precast R.C.C. manhole cover with frame L.D. -25,855.92
2022,4,Trivandrum,Rectangular shape 500x500 mm precast R.C.C. manhole cover with frame - M.D.-10,943.28
2022,4,Trivandrum,Circular shape 500 mm dia precast R.C.C. manhole cover with frame - M.D. 1 10,855.92
2022,4,Trivandrum,Circular shape 560 mm dia precast R.C.C.manhole cover with frame - H.D. - 20,1302.08
2022,4,Trivandrum,Circular shape 560 mm thick shutters with frame E.H.D. -35,1579.76
2022,4,Trivandrum,"Factory made 35 mm thick shutters with laminated veneer lumber styles & rails as per TADS 15:1995 and panels of 12 mm thick plain type-I, medium density flat pressed three layer, graded particle board (FPT -I) as per IS:3087 bonded with  BWP type",2258.88
2022,4,Trivandrum,"Factory made 35 mm thick shutters with laminated veneer lumber styles & rails as per TADS 15:1995 and panels of 12 mm thick both sides prelaminated type - I, medium density flat pressed three layer, graded particle board (FPT - I) as per IS:3087 bonded with BWP type synthetic resin adhesive, as per IS:848",2419.04
2022,4,Trivandrum,"Factory made 35 mm thick shutters with laqminated veneer lumber styles & rails as per TADS 15:1995 and panels of 12 mm thick on e side prelaminated type-I, and other side balancing lamination, medium density flat pressed three layer, graded particle board (FPT-I) as per IS: 3087 bonded with BWP type synthetic resin adhesive, as per IS: 848",2620.8
2022,4,Trivandrum,Factory made 30 mm thick shutters with laminated veneer lumbers styles & rails as per TADS 15:1995 and panels of sheet glass using 10 kg/sqm glass panes,2204.8
2022,4,Trivandrum,Factory made 35 mm thck shutters with laminated veneer lumber styles & rails as per TADS 15:1995 and panels of galvanised wire of dia average width of aperture 1.4 mm in both directions with wire of dia 0.63 mm,2198.0
2022,4,Trivandrum,Factory made 30 mm thick shutters with laminated veneer lumber styles & rauks as oer TADS 15:1995 and panels of galvanised wire gauge with average width of aperture 1.4 mm in both direction with wire of dia 0.63 mm,1965.39
2022,4,Trivandrum,"Laminated veneer lumber confirming to TADS 15:1995 manufactured in factory in frames of doors, windows",970.6
2022,4,Trivandrum,Chemical ASTMC- type I,164.32
2022,4,Trivandrum,C.I. pile shoe,66.74
2022,4,Trivandrum,M.S. clamps for pile shoe,63.44
2022,4,Trivandrum,Bentonite,4314.96
2022,4,Trivandrum,Oxidised M.S. safety chain (weighing not less than 450 gms) for door,90.95
2022,4,Trivandrum,"C.I. grating 150 mm dia, weighing not less than 440 gm",46.55
2022,4,Trivandrum,uPVC pipes (working pressure 4 kg /cm2 ) Single socketed pipe 75 mm dia,95.68
2022,4,Trivandrum,uPVC pipes (working pressure 4 Kg / cm2 ) Single socketed pipe 110 mm dia,176.92
2022,4,Trivandrum,uPVC pipes (working pressure 4 kg/cm 2) Rubber  (seal) Ring 75 mm dia,28.42
2022,4,Trivandrum,uPVC pipes (working pressure 4 kg/cm2) Rubber (seal) Ring 110 mm dia,37.18
2022,4,Trivandrum,"uPVC coupler for uPVC drainage pipes 75 ,mm",41.0
2022,4,Trivandrum,uPVC coupler for uPVC drainage pipes 110 mm,73.84
2022,4,Trivandrum,uPVC pushfit coupler (single) 75 mm thick,37.28
2022,4,Trivandrum,uPVC Pushfit coupler (single) 110 mm thick,49.68
2022,4,Trivandrum,uPVC single equal Tee (without door) 75x75x75 mm,67.31
2022,4,Trivandrum,uPVC single equal Tee (without door) 110x110x110 mm,109.55
2022,4,Trivandrum,uPVC single equal Tee (with door) 75x75x75 mm,86.5
2022,4,Trivandrum,uPVC single equal Tee (with door) 110x110x110 mmmm,128.52
2022,4,Trivandrum,"uPVC bend 87.50, 75 mm bend",54.08
2022,4,Trivandrum,"UPVCbend 87.50, 110 mm bend",87.94
2022,4,Trivandrum,UPVC plain shoe 75 mm bend,39.6
2022,4,Trivandrum,UPVC plain shoe 110 mm bend,70.19
2022,4,Trivandrum,UPVC pipe clip 75 mm bend,29.73
2022,4,Trivandrum,UPVC pipe clip 110 mm bend,50.0
2022,4,Trivandrum,Resin bonded Glass wool 16 kg/m3 50 mm thick,149.0
2022,4,Trivandrum,Resin Bonded Glass wool 24 kg/m3 50 mm thick,209.0
2022,4,Trivandrum,Fibre glass tissue reinforcemet type II Grade I,121.0
2022,4,Trivandrum,Precast chequered cement tiles 22 mm thick Dark shade using ordinary cement,400.0
2022,4,Trivandrum,Precast chequered cement tiles 22 mm thick medium shade using 50% white cement 50% ordinary cement,550.0
2022,4,Trivandrum,High Allbedo paint,335.0
2022,4,Trivandrum,Epoxy paint,530.0
2022,4,Trivandrum,Fire retardant paint,400.0
2022,4,Trivandrum,Melamine polish,500.0
2022,4,Trivandrum,Table rubbed polished stone 18 mm thick (75x50 cm) Agaria Marble stone - 18 mm thick,1900.0
2022,4,Trivandrum,Table rubbed polished stone 18 mm thick (75x50cm) Granite stone - 18mm thick,2511.0
2022,4,Trivandrum,Vertical load testing (INITIAL) of pipes in accordance with IS : 2911 (Part - IV) including installation of loading platform and preparation of pile head or construction of test cap and dismantling of test cap after test etc. complete as per specification and up to 50 MT capacity pile,52000.0
2022,4,Trivandrum,Vertical load testing (INITIAL) of piles in accordance with IS : 2911(Part -IV) including installation of loading platform and preparation of pile head or construction of test cap and dismantling of test cap after test etc. compete as per specification & above 50MT and up to 100 MT,73000.0
2022,4,Trivandrum,Vertical load testing (INIGIAL) pf piles in accordance with IS : 2911 (PART-IV) including installation of loading platform and preparation of pile head or construction of test cap and dismantling of test cap after test etc. complete as per specification & group of two ro more up to 50 MT,82000.0
2022,4,Trivandrum,Cyclic vertical load testing of piles in accordance with IS : 2911 (Part-IV) including prepartion of pile head etv. for Single pile above 50 tonne capacity pile and up to 100 tonnecapacity pile,20925.0
2022,4,Trivandrum,Cyclic vertical load testing of piles in accordance with IS : 2911(Part-IV) including preparation of pile head etc. for Single pile above 50 tonne capacity pile and up to 100 tonnecapacity pile,32085.0
2022,4,Trivandrum,Cyclic vertical load testing of piles in accoraance with IS : 2911 ( Part - IV) including preparation of pile head etc. for Group of two piles up to 50 tonne capacity each,41152.0
2022,4,Trivandrum,Lateral load testing of single pile in accordance with IS : 2911 part -IV for detemining safe allowable lateral load load on pile. up to 50 tonne capacity,20925.0
2022,4,Trivandrum,Lateral load testing of single pile in accordance with IS : 2911 part - IV for detemining safe allowable lateral load on pile. Above 50 tonne capacity,32922.0
2022,4,Trivandrum,Hardening compound,56.0
2022,4,Trivandrum,Road Marking paint (spirit based),167.0
2022,4,Trivandrum,Superior quality road marking paint (water based),210.0
2022,4,Trivandrum,C.P.Brass bibcock 15 mm,523.0
2022,4,Trivandrum,C.P. Brass long nose bibcock 15 mm,550.0
2022,4,Trivandrum,C.P. Brass long body bibcock 15 mm,680.0
2022,4,Trivandrum,C.P. Brass stop cock (concealed) 15 mm,700.0
2022,4,Trivandrum,C.P. Brass angle valve 15 mm,400.0
2022,4,Trivandrum,Pressed clay tiles 20 mm thick 250 x 250 mm size,14100.0
2022,4,Trivandrum,Plain ceiling tiles (BWP type phenol formaldehyde synthetic resin bonded) 600x600x12 mm),175.0
2022,4,Trivandrum,Semi perforated ceiling tiles (600x600x12 mm),170.0
2022,4,Trivandrum,25 mm thick particle board,670.0
2022,4,Trivandrum,30 mm thick prelaminated flush door shutter,1186.0
2022,4,Trivandrum,IInd class teak wood lipping 25 mm wide x 12 mm thick,60.0
2022,4,Trivandrum,25 mm thick melamine faced prelaminated three layer particle board,1311.0
2022,4,Trivandrum,Resin Bonded Rockwool 48kg/m3,294.0
2022,4,Trivandrum,Glass wool 50 mm thick,345.0
2022,4,Trivandrum,Waste plastic additive,53613.0
2022,4,Trivandrum,Chemical ASTMC -type II,237.0
2022,4,Trivandrum,"Granite of any colour, 18 mm thick (slab area upto 0.50 sqm)",2300.0
2022,4,Trivandrum,"Granite of any colour,30 mm thick (slab area up to 0.50 sqm)",3150.0
2022,4,Trivandrum,"Granite of any colour, 18 mm thick (slab area above 0.50 sqm)",2790.0
2022,4,Trivandrum,Aluminium T or L Sections,280.0
2022,4,Trivandrum,For flush door shutters Extra for providing teak veneering on one side instead of commercial veneering,476.0
2022,4,Trivandrum,"Expandable fastener with plastic sleeve and M.S.screws, 25 mm long",14.0
2022,4,Trivandrum,"Expandable fastener with plastic sleeve and M.S.screws, 32 mm long",15.0
2022,4,Trivandrum,"Expandable fastener with plastic sleeve and M.S. screws, 40 mm long",19.0
2022,4,Trivandrum,"Expandable fastener with plastic sleeve and M.S. screws, 50 mm long",21.0
2022,4,Trivandrum,Plasticizer / super plasticizer,120.0
2022,4,Trivandrum,wall form panel 1250x500 mm,1465.0
2022,4,Trivandrum,Tie bolt 12 mm dia 100 mm length,70.0
2022,4,Trivandrum,Tie bolt 12 mm dia 150 mm length,84.0
2022,4,Trivandrum,Tie bolt 20 mm dia 150 mm length,105.0
2022,4,Trivandrum,Tile bolt 20 mm dia 225 mm length,125.0
2022,4,Trivandrum,Spring coil 12 mm,22.0
2022,4,Trivandrum,Plastic cone 12 mm dia,25.0
2022,4,Trivandrum,Corner angle 45x45x5 mm 1.50 m long,418.0
2022,4,Trivandrum,100 mm channel shoulder 2.5 m long,1618.0
2022,4,Trivandrum,Double clip (bridge clip),135.0
2022,4,Trivandrum,Single clip,107.0
2022,4,Trivandrum,M.S. Tube 40 mm dia,395.0
2022,4,Trivandrum,Wall form panel 1250x450xmm,1451.0
2022,4,Trivandrum,Corner angle 45x45x5 mm 2.50 long,474.0
2022,4,Trivandrum,Column clamp 450x1070 mm,1702.0
2022,4,Trivandrum,Prop 2 m (2-3.5m),1158.0
2022,4,Trivandrum,Binding wire,110.0
2022,4,Trivandrum,Lock Bar (E 250) - 10 thick MS Plate,101.0
2022,4,Trivandrum,Gun metal cramp,460.0
2022,4,Trivandrum,Stainless steel cramp,479.0
2022,4,Trivandrum,Stainless steel pin,266.0
2022,4,Trivandrum,Adjustable span ESO+SI (2.35-3.40),2650.0
2022,4,Trivandrum,Adjustable telescopic prop 3 m (2.02-3.75m),1674.0
2022,4,Trivandrum,Beam clamp 300-380 mm (450-1070 mm),589.0
2022,4,Trivandrum,Prop 4 m,1632.0
2022,4,Trivandrum,Double coupler,77.0
2022,4,Trivandrum,Cadmium plated full threaded steel screws (30x4 mm dia.),39.0
2022,4,Trivandrum,Aluminium washer 2 mm thick 15 mm dia,14.0
2022,4,Trivandrum,12 mm M.S. 'U' beading,21.0
2022,4,Trivandrum,Plastic encapsulated  M.S. foor rest 30x20x15 cm,160.0
2022,4,Trivandrum,"Flushing Cistern P.V.C. 10 lts capacity (low level) (white) (with fittings, accessories  and flush pipe)",893.0
2022,4,Trivandrum,P.V.C. automatic flushing cistern 5 lts capacity,684.0
2022,4,Trivandrum,P.V.C. Automatic flushing cistern  10 lts capacity,739.0
2022,4,Trivandrum,15 mm C.P. brass tap with elbow operation lever,976.0
2022,4,Trivandrum,White glazed fire clay draining board 600x450x25 mm,767.0
2022,4,Trivandrum,Glass reinforced Gypsum (GRG) board 12.5 mm thick,345.0
2022,4,Trivandrum,Galvanised M.S. sheet 0.5 mm thick pressed channel section of size 50x32 mm,85.0
2022,4,Trivandrum,GFRG Panel of 124 mm thick,1130.0
2022,4,Trivandrum,Galvanised M.S. sheet 0.50 mm thick pressed stud. 48x34x36 mm,105.0
2022,4,Trivandrum,G.I. flush pipe and C.P. brass spreader including C.P. connecting pipe Single lipped urinal,649.0
2022,4,Trivandrum,G.I. flush pipe and C.P. brass spreader including C.P. connecting pipe Range of two lipped urinals,1465.0
2022,4,Trivandrum,G.I. flush pipe and C.P. brass spreader including C.P. connecting pipe Range of three lipped urinals,1744.0
2022,4,Trivandrum,G.I. flush pipe and C.P. brass spreader including C.P. connecting pipe Range of four lipped urinals,2650.0
2022,4,Trivandrum,White vitreous china clay half stall urinal flat back 580x380x350 mm or angle back 450x375x350 mm with waste fittings as per IS: 2556,2500.0
2022,4,Trivandrum,Precast R.C.C. grating with frame 500x450 mm horizontal grating,907.0
2022,4,Trivandrum,Precast R.C.C. grating with frame 450x100 mm vertical grating,453.0
2022,4,Trivandrum,12 mm dia 50 mm long wedge type expanded zinc alloy dash fastener,10.0
2022,4,Trivandrum,3 mm thick translucent white acrylic plastic sheet,795.0
2022,4,Trivandrum,12 mm thick particle board ceiling tile,400.0
2022,4,Trivandrum,Spigot for standard jointing,63.0
2022,4,Trivandrum,"Dash hold fastener 12.5 mm dia, 50 mm long with 6 mm dia bolt",70.0
2022,4,Trivandrum,Anodising 15 microns on aluminium sections,57.0
2022,4,Trivandrum,Neoprene / EPDM rubber gasket,37.0
2022,4,Trivandrum,Anodising 25 microns on aluminium sections,71.0
2022,4,Trivandrum,Powder coating 50 microns on aluminium sections,90.0
2022,4,Trivandrum,Polyester powder coating 50 microns on aluminium sections,98.0
2022,4,Trivandrum,Double action hydraulic floor spring with stainless steel cover plate,2162.0
2022,4,Trivandrum,6 mm dia. G.I adjustable hangers including clips (up to 1.2 m length),39.0
2022,4,Trivandrum,Double action hydraulic floor spring with brass cover plate,2371.0
2022,4,Trivandrum,Base Jack,251.0
2022,4,Trivandrum,Challies,1116.0
2022,4,Trivandrum,Cup locks,112.0
2022,4,Trivandrum,15 mm PTMT bib cock,135.0
2022,4,Trivandrum,15 mm PTMT bib cock with flange (fancy),175.0
2022,4,Trivandrum,15 mm PTMT bib cock long body with flange,185.0
2022,4,Trivandrum,15 mm PTMT bib stop cock (male thread),130.0
2022,4,Trivandrum,20 mm dia. PTMT bib stop cock,190.0
2022,4,Trivandrum,PTMT pillar cock,215.0
2022,4,Trivandrum,PTMT push cock 15 mm dia,126.0
2022,4,Trivandrum,PTMT push cock 12 mm dia 20 mm BSP,112.0
2022,4,Trivandrum,PTMT grating 100 mm dia,65.0
2022,4,Trivandrum,PTMT Pillar cock (fancy) 15 mm foam flow,230.0
2022,4,Trivandrum,125 mm grating with waste hole,85.0
2022,4,Trivandrum,Rectangular type with openable circular lid 150 mm size 18 mm high with 100 mm dia (110 gm),170.0
2022,4,Trivandrum,Double acting air valve 50 mm,5580.0
2022,4,Trivandrum,Double acting air valve 80 mm,7254.0
2022,4,Trivandrum,Double acting air valve 100 mm,9486.0
2022,4,Trivandrum,Water meter (including testing charges) 80 mm,2971.0
2022,4,Trivandrum,Water meter (including testing charges)  150 mm,4603.0
2022,4,Trivandrum,Water meter (including testing charges) 150 mm,6975.0
2022,4,Trivandrum,Water meter (including testing charges) 200 mm,7533.0
2022,4,Trivandrum,Dirt box strainer 80 mm,3920.0
2022,4,Trivandrum,Dirt box strainer 100 mm,6389.0
2022,4,Trivandrum,Dirt box strainer 150 mm,8105.0
2022,4,Trivandrum,Dirt box strainer 200 mm,11509.0
2022,4,Trivandrum,Cat's eye,251.0
2022,4,Trivandrum,"Water stops Serrated with central bulb (225 mm wide, 8-11 mm thick)",579.0
2022,4,Trivandrum,Water stops Dumb bell with central bulb,544.0
2022,4,Trivandrum,Kickers,523.0
2022,4,Trivandrum,Wedge expansion hold fastener 1/4 or 6 mm,19.0
2022,4,Trivandrum,Wedge expansion hold fastener 3/8 or 10 mm,21.0
2022,4,Trivandrum,Wedge expansion hold fastener 1/2,39.0
2022,4,Trivandrum,8 mm thick (mirror polished tiles machine cut edge) Raj Nagar white,697.0
2022,4,Trivandrum,Wheel 75 mm dia. 40 mm wide,91.0
2022,4,Trivandrum,Aluminium single cleat of size 30x32x3 mm,19.0
2022,4,Trivandrum,Aluminium grip strip of 50x12x2 mm,16.0
2022,4,Trivandrum,25 mm thick prelaminated flush door shutter both side decorative,1159.0
2022,4,Trivandrum,Aluminium U beading,309.0
2022,4,Trivandrum,Glass sheet (pin headed ) 4 mm thick,420.0
2022,4,Trivandrum,Raj nagar plain white marble (table rubbed add polished ) 18 mm thick (slab area upto 0.50 sqm),907.0
2022,4,Trivandrum,Raj nagar plain white marble (table rubbed and polished ) 18 mm thick (slab area more than 0.50 sqm),1047.0
2022,4,Trivandrum,Second class deodar teak wood lipping 30 mm wide x 12 mm thick,42.0
2022,4,Trivandrum,Veneered particle board with commercial veneering on both sides 12 mm thick,725.0
2022,4,Trivandrum,"Prelaminated particle board with one side decorative and other side balancing lamination, flat pressed 3 layer & graded (medium density) Grade I, Type II conforming to IS:12823 (exterior grade) 12 mm thick",850.0
2022,4,Trivandrum,"Prelaminated particle board with one side decorative and other side balancing lamination, flat pressed 3 layer & graded (medium density) Grade I, Type II conforming to IS:12823 (exterior grade) 18 mm thick",1000.0
2022,4,Trivandrum,"Prelaminated particle board with one side decorative and other side balancing lamination, flat pressed 3 layer & graded (medium density) Grade I, Type II conforming to IS:12823 (exterior grade) 25 mm thick",1100.0
2022,4,Trivandrum,"Prelaminated particle board with both side decorative lamination, flat pressed 3 layer & grade ( medium density ) Grade I, Type II conforming to IS: 12823 (exterior grade) 12 mm thick",900.0
2022,4,Trivandrum,Oxidised M.S. hinges finished with nickel plating 50 mm (Pver all width),59.0
2022,4,Trivandrum,Oxidised M.S. hinges finished with nickel plating 65 mm (Over all width),75.0
2022,4,Trivandrum,PTMT - Waste Coupling 31/32 mm,80.0
2022,4,Trivandrum,PTMT - Waste Coupling 38/40 mm,110.0
2022,4,Trivandrum,PTMT - Bottle Trap 31/32 mm,448.0
2022,4,Trivandrum,PTMT - Bottle Trap 38/40 mm,481.0
2022,4,Trivandrum,PTMT - Ball Cock 15 mm Complete with Epoxy Coated Aluminium Rod & H.D. Ball,187.0
2022,4,Trivandrum,PTMT - Ball Cock 120 mm Complete with Epoxy Coated Aluminium Rod & H.D. Ball,272.0
2022,4,Trivandrum,PTMT - Ball Cock 25 mm Complete with Epoxy Coated Aluminium Rod & H.D. Ball,582.0
2022,4,Trivandrum,PTMT - Ball Cock 40 mm Complete with Epoxy Coated Aluminium Rod & H.D. Ball,1089.0
2022,4,Trivandrum,PTMT - Ball Cock 50 mm Complete with Epoxy Coated Aluminium Rod & H.D. Ball,1604.0
2022,4,Trivandrum,PTMT - Angle Stope cock with Flange 15 mm,135.0
2022,4,Trivandrum,PTMT - Swiveling shower 15 mm,180.0
2022,4,Trivandrum,PTMT - Liquid Soap Container of 400 ml capacity,202.0
2022,4,Trivandrum,PTMT - Towel Ring 215x200x37 mm,218.0
2022,4,Trivandrum,PTMT - Towel Rail (450 mm),205.0
2022,4,Trivandrum,PTMT - Towel Rail (600 mm),290.0
2022,4,Trivandrum,PTMT - Shelf 450x124x36 mm,360.0
2022,4,Trivandrum,PTMT - Urinal Spreader 15 mm,180.0
2022,4,Trivandrum,PTMT - Soap Dish/Holder 138x102x75 mm,140.0
2022,4,Trivandrum,PTMT - handle 125x34x24 mm,40.0
2022,4,Trivandrum,PTMT - handle150x34x24 mm,47.0
2022,4,Trivandrum,PTMT - butt hinges 75x60x10 mm,68.0
2022,4,Trivandrum,PTMT - butt hinges 100x75x10 mm,78.0
2022,4,Trivandrum,PTMT - Tower bolt 152x42x18 mm,50.0
2022,4,Trivandrum,PTMT - Tower bolt 202x42x18 mm,115.0
2022,4,Trivandrum,PTMT - door catcher 72x42 mm,53.0
2022,4,Trivandrum,Coir veneered board 4 mm thick,450.0
2022,4,Trivandrum,Coir veneered board 6  mm thick,572.0
2022,4,Trivandrum,Coir veneered board 12 mm thick,1008.0
2022,4,Trivandrum,Coir veneered board 18 mm thick,1580.0
2022,4,Trivandrum,Hubless centrifugally cast (spun) iron pipes as per IS 15905 - 100 mm dia (3000 mm length pipe),1023.0
2022,4,Trivandrum,Hubless centrifugally cast (spun) iron pipes as per IS 15905 - 75 mm dia (3000 mm length pipe),837.0
2022,4,Trivandrum,Hubless centrifugally cast (spun) iron plain bend as per IS 15905 - 100 mm dia,342.0
2022,4,Trivandrum,Hubless centrifugally cast (spun) iron plain bend as per IS 15905 - 75 mm dia,240.0
2022,4,Trivandrum,Hubless centrifugally cast (spun) iron double equal plain junction as per IS 15905 - 100x100x100x100 mm dia,745.0
2022,4,Trivandrum,Hubless centrifugally cast (spun) iron double equal plain junction as per IS 15905 - 75x75x75x75 mm dia,400.0
2022,4,Trivandrum,Hubless centrifugally cast (Spun) iron single equal plain junction as per IS 15905 - 100x100x100 mm dia,577.0
2022,4,Trivandrum,Hubless centrifugally cast (Spun) iron single equal plain junction as per IS 15905 - 75x75x75 mm dia,320.0
2022,4,Trivandrum,Hubless centrifugally cast (spun) iron double unequal plain junction as per IS 15905 - 100x100x75x75 mm dia,590.0
2022,4,Trivandrum,Hubless centrifugally cast (Spun) iron single unequal plain junction as per IS 15905 - 100x100x75 mm dia,549.0
2022,4,Trivandrum,Hubless centrifugally cast (spun) irong double equal plain invert branch as per IS 15905 - 100x100x100x100 mm dia,916.0
2022,4,Trivandrum,Hubless centrifugally cast (spun) iron single equal plain invert branch as per 15905 - 100x100x100 mm dia,579.0
2022,4,Trivandrum,Hubless centrifugally cast (spun) iron single equal plain invert branch as per IS 15905 - 75x75x75 mm dia,381.0
2022,4,Trivandrum,Hubless centrifugally cast (Spun) iron single unequal plain invert branch 45 degree as per IS 15905 - 100x100x75 mm dia,632.0
2022,4,Trivandrum,Hubless centrifugally cast (spun) iron 65 mm offset with 100 mm dia pipe as per IS 15905,530.0
2022,4,Trivandrum,Hubless centrifugally cast (Spun) iron 65 mm offset with 75 mm dia pipe as per IS 15905,432.0
2022,4,Trivandrum,Hubless centrifugally cast (Spun) iron 130 mm offset with 100 mm dia pipe per IS 15905,642.0
2022,4,Trivandrum,Hubless centrifugally cast (Spun) iron 130 mm offset with 75 mm dia pipe per IS 15905,456.0
2022,4,Trivandrum,Hubless centrifugally cast (Spun) iron bend with acess door - 100 mm dia as per 15905,423.0
2022,4,Trivandrum,Hubless centrifugally cast (spun) iron terminal guard (slotted cowl) - 100 mm dia as per IS 15905,395.0
2022,4,Trivandrum,Hubless centrifugally cast (spun) iron trap with 100 mm inlet and 100 mm outlet as per IS 15905,786.0
2022,4,Trivandrum,Hubless centrifugally cast (spun) iron trap with 100 mm inlet and 75 mm outlet as per IS 15905,567.0
2022,4,Trivandrum,SS 304 grade shielded coupling with EPDM rubber gasket for 100 mm dia Hubless centrifugally cast (spun) iron,405.0
2022,4,Trivandrum,SS 304 grade shielded coupling with EPDM rubber gasket for 75 mm dia Hubless centrifugally cast (spun) iron,367.0
2022,4,Trivandrum,Ductile Iron class K - 9 pipe Conforming to I.S. 8329 100 mm dia,1116.0
2022,4,Trivandrum,Ductile Iron class K - 9 pipe Conforming to I.S. 8329 150 mm dia,1674.0
2022,4,Trivandrum,Ductile Iron class K - 9 pipe Conforming to I.S. 8329 mm dia,2302.0
2022,4,Trivandrum,Ductile Iron class K - 9 pipe Conforming to I.S. 8329 - 250 mm dia,3208.0
2022,4,Trivandrum,Ductile Iron class K - 9 pipe Conforming to I.S. 8329 - 300 mm dia,3990.0
2022,4,Trivandrum,Ductile Iron class K - 9 pipe Conforming to I.S. 8329 - 350 mm dia,4896.0
2022,4,Trivandrum,Ductile Iron class K - 9 pipe Conforming to I.S. 8329 - 400 mm dia,6277.0
2022,4,Trivandrum,Ductile Iron class K - 9 pipe Conforming to I.S. 8329- 450 mm dia,7254.0
2022,4,Trivandrum,Ductile Iron class K - 9 pipe Conforming to I.S. 8329 - 500 mm dia,9180.0
2022,4,Trivandrum,Ductile Iron class K - 9 pipe Conforming to I.S. 8329 - 600 mm dia,11062.0
2022,4,Trivandrum,Ductile Iron class K - 9 pipe Conforming to I.S. 8329 - 700 mm dia,15345.0
2022,4,Trivandrum,Ductile Iron class K - 9 pipe Conforming to I.S. 8329 - 750 mm dia,16600.0
2022,4,Trivandrum,Ductile Iron class K - 9 pipe Conforming to I.S. 8329 - 800 mm dia,16740.0
2022,4,Trivandrum,Ductile Iron class K - 9 pipe Conforming to I.S. 8329 - 900 mm dia,20227.0
2022,4,Trivandrum,Ductile Iron class K - 9 pipe Conforming to I.S. 8329 -1000 mm dia,22738.0
2022,4,Trivandrum,Rubber Gaskets conforming to I.S. 5382 of S.B.R quality 100 mm dia,42.0
2022,4,Trivandrum,Rubber Gaskets conforming to I.S. 5382 of S.B.R quality  150 mm dia,53.0
2022,4,Trivandrum,Rubber Gaskets conforming to I.S. 5382 of S.B.R quality 200 mm dia,98.0
2022,4,Trivandrum,Rubber Gaskets conforming to I.S. 5382 of S.B.R quality 250  mm dia,109.0
2022,4,Trivandrum,Rubber Gaskets conforming to I.S. 5382 of S.B.R quality 300  mm dia,160.0
2022,4,Trivandrum,Rubber Gaskets conforming to I.S. 5382 of S.B.R quality 350 mm dia,184.0
2022,4,Trivandrum,Rubber Gaskets conforming to I.S. 5382 of S.B.R quality 400  mm dia,335.0
2022,4,Trivandrum,Rubber Gaskets conforming to I.S. 5382 of S.B.R quality 450  mm dia,391.0
2022,4,Trivandrum,Rubber Gaskets conforming to I.S. 5382 of S.B.R quality 500 mm dia,425.0
2022,4,Trivandrum,Rubber Gaskets conforming to I.S. 5382 of S.B.R quality 600 mm dia,530.0
2022,4,Trivandrum,Rubber Gaskets conforming to I.S. 5382 of S.B.R quality 700 mm dia,802.0
2022,4,Trivandrum,Rubber Gaskets conforming to I.S. 5382 of S.B.R quality 750 mm dia,963.0
2022,4,Trivandrum,Rubber Gaskets conforming to I.S. 5382 of S.B.R quality 800 mm dia,1060.0
2022,4,Trivandrum,Rubber Gaskets conforming to I.S. 5382 of S.B.R quality 900 mm dia,1395.0
2022,4,Trivandrum,Rubber Gaskets conforming to I.S. 5382 of S.B.R quality 1000 mm dia,1674.0
2022,4,Trivandrum,Ductile Iron K-12 specials suitable for push on jointing upto 600 mm dia,18135.0
2022,4,Trivandrum,Ductile Iron K-12 specials suitable for push on jointing over 600 mm dia,25110.0
2022,4,Trivandrum,Ductile Iron specials suitable for mechanical jointing as per I.S. 9523 utp 600 mm dia,19111.0
2022,4,Trivandrum,Ductile Iron specials suitable for mechanical jointing as per I.S. 9523 upto 600 mm dia,27412.0
2022,4,Trivandrum,Ductile Iron Pipe Class K-9 flanges and welding 100 mm dia,3041.0
2022,4,Trivandrum,Ductile Iron Pipe Class K-9 flanges and welding 150 mm dia,4882.0
2022,4,Trivandrum,Ductile Iron Pipe Class K-9 flanges and welding 200 mm dia,5733.0
2022,4,Trivandrum,Ductile Iron Pipe Class K-9 flanges and welding 250 mm dia,4778.0
2022,4,Trivandrum,Ductile Iron Pipe Class K-9 flanges and welding 300 mm dia,9709.0
2022,4,Trivandrum,Ductile Iron Pipe Class K-9 flanges and welding 350 mm dia,12276.0
2022,4,Trivandrum,Ductile Iron Pipe Class K-9 flanges and welding 400 mm dia,14801.0
2022,4,Trivandrum,Ductile Iron Pipe Class K-9 flanges and welding 450 mm dia,17996.0
2022,4,Trivandrum,Ductile Iron Pipe Class K-9 flanges and welding 500 mm dia,21064.0
2022,4,Trivandrum,Ductile Iron Pipe Class K-9 flanges and welding 600 mm dia,28779.0
2022,4,Trivandrum,Ductile Iron Pipe Class K-9 flanges and welding 700 mm dia,35712.0
2022,4,Trivandrum,S&S Centrifugally (Spun) C.I. Pipe class LA 100 mm dia,1256.0
2022,4,Trivandrum,S&S Centrifugally (Spun) C.I. Pipe class LA 125 mm dia,1562.0
2022,4,Trivandrum,S&S Centrifugally (Spun) C.I. Pipe class LA 150 mm dia,1883.0
2022,4,Trivandrum,S&S Centrifugally (Spun) C.I. Pipe class LA 200 mm dia,3208.0
2022,4,Trivandrum,S&S Centrifugally (Spun) C.I. Pipe class LA 250 mm dia,4185.0
2022,4,Trivandrum,S&S Centrifugally (Spun) C.I. Pipe class LA 300 mm dia,5650.0
2022,4,Trivandrum,S&S Centrifugally (Spun) C.I. Pipe class LA  350 mm dia,6766.0
2022,4,Trivandrum,S&S Centrifugally (Spun) C.I. Pipe class LA 400 mm dia,8928.0
2022,4,Trivandrum,S&S Centrifugally (Spun) C.I. Pipe class LA 450 mm dia,10811.0
2022,4,Trivandrum,S&S Centrifugally (Spun) C.I. Pipe class LA 500 mm dia,12555.0
2022,4,Trivandrum,S&S Centrifugally (Spun) C.I. Pipe class LA 600 mm dia,17570.0
2022,4,Trivandrum,S&S Centrifugally (Spun) C.I. Pipe specials as per IS 1538 suitable for lead jointing up to 300 mm dia,7700.0
2022,4,Trivandrum,S&S Centrifugally (Spun) C.I. Pipe specials as per IS 1538 suitable for lead jointing over  300 mm dia,11439.0
2022,4,Trivandrum,S&S Centrifugally (Spun) C.I. Pipe specials suitable for mechanical joint as per I.S. 13382 up to 300 mm dia,12555.0
2022,4,Trivandrum,S & S Centrifugally (SPUN) C.I. Pipe Specials suitable for mechanical joint as per IS 13382 over 300 mm dia,13252.0
2022,4,Trivandrum,Screwed double flanged centrifugally cast (spun) C.I Pipe pf Class B confroming to I.S. 1536.- 100 mm dia,1918.0
2022,4,Trivandrum,"Screwed double flanged centrifugally cast (spun) C.I. Pipe of Class B conforming to I.S. 1536, - 150 mm dia",2999.0
2022,4,Trivandrum,Screwed double flanged centrifugally cast (spun) C.I. Pipe of Class B conforming to I.S. 1536 - 200 mm dia,4743.0
2022,4,Trivandrum,"Screwed double flanged centrifugally cast (spun) C.I. Pipe of Class B conforming to I.S. 1536, - 250 mm dia",5719.0
2022,4,Trivandrum,"Screwed double flanged centrifugally cast (spun) C.I. Pipe of Class B conforming to I.S. 1536, - 300 mm dia",7310.0
2022,4,Trivandrum,"Screwed double flanged centrifugally cast (spun) C.I. Pipe of Class B conforming to I.S. 1536, - 350 mm dia",9207.0
2022,4,Trivandrum,"Screwed double flanged centrifugally cast (spun) C.I. Pipe of Class B conforming to I.S. 1536, - 400 mm dia",11927.0
2022,4,Trivandrum,"Screwed double flanged centrifugally cast (spun) C.I. Pipe of Class B conforming to I.S. 1536, - 450 mm dia",15205.0
2022,4,Trivandrum,"Screwed double flanged centrifugally cast (spun) C.I. Pipe of Class B conforming to I.S. 1536, - 500 mm dia",18916.0
2022,4,Trivandrum,"Screwed double flanged centrifugally cast (spun) C.I. Pipe of Class B conforming to I.S. 1536, - 600 mm dia",26226.0
2022,4,Trivandrum,Ductile Iron Class K- 7 pipe conforming to I.S.8329 - 100 mm dia,1100.0
2022,4,Trivandrum,Ductile Iron Class K - 7 pipe conforming to I.S. 8329 - 150 mm dia,1562.0
2022,4,Trivandrum,Ductile Iron Class K - 7 pipe conforming to I.S. 8329 - 200 mm dia,2162.0
2022,4,Trivandrum,Ductile Iron Class K - 7 pipe conforming to I.S. 8329 - 250 mm dia,2929.0
2022,4,Trivandrum,Ductile Iron Class K - 7 pipe conforming to I.S. 8329 - 300 mm dia,4045.0
2022,4,Trivandrum,Ductile Iron Class K - 7 pipe conforming to I.S. 8329 - 350 mm dia,4806.0
2022,4,Trivandrum,Ductile Iron Class K - 7 pipe conforming to I.S. 8329 - 400 mm dia,5601.0
2022,4,Trivandrum,Ductile Iron Class K - 7 pipe conforming to I.S. 8329 - 450 mm dia,6768.0
2022,4,Trivandrum,Ductile Iron Class K - 7 pipe conforming to I.S. 8329 - 500 mm dia,8000.0
2022,4,Trivandrum,Ductile Iron Class K - 7 pipe conforming to I.S. 8329 - 600 mm dia,10435.0
2022,4,Trivandrum,Ductile Iron Class K - 7 pipe conforming to I.S. 8329 - 700 mm dia,13410.0
2022,4,Trivandrum,Ductile Iron Class K - 7 pipe conforming to I.S. 8329 - 800 mm dia,16879.0
2022,4,Trivandrum,Ductile Iron Class K - 7 pipe conforming to I.S. 8329 - 900 mm dia,22418.0
2022,4,Trivandrum,Ductile Iron Class K - 7 pipe conforming to I.S. 8329 - 1000 mm dia,23760.0
2022,4,Trivandrum,Extruded burnt flyash clay sewer bricks conforming to I.S. 4885,7533.0
2022,4,Trivandrum,Fly ash lime bricks (FALG Bricks) conforming to I.S. 12894,6556.0
2022,4,Trivandrum,Calcium Silicate Bricks machine moulded confirming to I.S. 4139,6975.0
2022,4,Trivandrum,Modified Bitumen Refinery produced CRMB - 55,57055.0
2022,4,Trivandrum,Modified Bitumen Refinery produced CRMB - 60,56916.0
2022,4,Trivandrum,M.S. Pipe 150 mm dia casing pipe,1479.0
2022,4,Trivandrum,M.S. pipe 200 mm dia casing pipe,1813.0
2022,4,Trivandrum,PVC blind pipe 150 mm dia as per IS: 12818,697.0
2022,4,Trivandrum,PVC blind pipe 200 mm dia as pe IS: 12818,1046.0
2022,4,Trivandrum,M.S. cap 150 mm dia,223.0
2022,4,Trivandrum,M.S. cap 200 mm dia,279.0
2022,4,Trivandrum,M.S. bail plug 150 mm dia,279.0
2022,4,Trivandrum,M.S. bail plug 200 mm dia,307.0
2022,4,Trivandrum,PVC slotted pipe 150 mm dia as per IS: 12818,628.0
2022,4,Trivandrum,PVC slotted pipe 200 mm dia as per IS: 12818,976.0
2022,4,Trivandrum,Boulder 50 mm to 200 mm,980.0
2022,4,Trivandrum,Gravel 5 mm to 10 mm,976.0
2022,4,Trivandrum,Gravel 1.5 mm to 2 mm,907.0
2022,4,Trivandrum,Gravel 3 mm to 6 mm,949.0
2022,4,Trivandrum,M.S. pipe 100 mm dia casing pipe,1074.0
2022,4,Trivandrum,uPVC blind pipe 100 mm dia as per IS: 12818,502.0
2022,4,Trivandrum,uPVC slotted pipe 100 mm dia as per IS: 12818,530.0
2022,4,Trivandrum,M.S. cap 100 mm dia,181.0
2022,4,Trivandrum,M.S. bail plug 100 mm dia,223.0
2022,4,Trivandrum,Precast R.C.C. perforated slab,1116.0
2022,4,Trivandrum,Water supply tanker of 5000 litre capacity,1116.0
2022,4,Trivandrum,M.S. socket 100 mm dia,251.0
2022,4,Trivandrum,M.S. socket 150 mm dia,307.0
2022,4,Trivandrum,M.S. socket 200 mm dia,391.0
2022,4,Trivandrum,Stone cleaning chemical approved by ASI,230.0
2022,4,Trivandrum,Water epellent chemical approved by ASI,2214.0
2022,4,Trivandrum,Stone surface strengthening chemical approved by ASI,1423.0
2022,4,Trivandrum,Turpentine oil,100.0
2022,4,Trivandrum,Liquid Amonia 5%,224.0
2022,4,Trivandrum,Pea Gravel,1046.0
2022,4,Trivandrum,Coloured inter locking C.C. paver Block,621.0
2022,4,Trivandrum,Stone size 10x10x7.50cm,15.0
2022,4,Trivandrum,Sodium pentachlorophenate,879.0
2022,4,Trivandrum,Concrete paver block of grade M-30 made of C&D waste (60mm thickness),430.0
2022,4,Trivandrum,"Ceramic Glazed Tiles Ist quality minimum thickness 5 mm in all colours shades and designs except burgundy, bottle green black",350.0
2022,4,Trivandrum,"Ceramic Glazed Tiles Ist quality 300 x 300 mm in all shades and designs of White, Ivory, grey, Fume Red brown etc.",350.0
2022,4,Trivandrum,"Ceramic Glazed Tiles Ist quality 300 x 300 mm in all shades designs except White, Ivory, Fume Red Brown etc.",420.0
2022,4,Trivandrum,"Rectified - Ceramic Glazed Tiles Ist quality 300 x 300 mm or more in all shades designs White, Ivory, Grey, Fume Red Brown etc",753.0
2022,4,Trivandrum,Salem Stainless steel AISI - 304 (18/8) Orrisa pattern W.C. pan 724 mm x 578 mm,5301.0
2022,4,Trivandrum,Salem Stainless steel AISI - 304 (18/8) Round basin 405 mm X 355 mm,2000.0
2022,4,Trivandrum,Salem Stainless steel AISI - 304 (18/8) Wash basin 530 mm X 345 mm,2200.0
2022,4,Trivandrum,Centrifugally cast (spun) iron S&S 100 mm inlet and 100 mm outlet,609.0
2022,4,Trivandrum,Centrifugally cast (spun) iron S & S 100 mm inlet and 75 mm outlet,651.0
2022,4,Trivandrum,Agaria White marble slab plain 18 mm thick,1350.0
2022,4,Trivandrum,P.T.M.T. Grating square Slit 150 mm,110.0
2022,4,Trivandrum,P.T.M.T. Urinal cock 15 mm dia,170.0
2022,4,Trivandrum,P.T.M.T. Bib cock with nozzle 15 mm,215.0
2022,4,Trivandrum,P.T.M.T. Stop cock (concealed ) 15 mm,220.0
2022,4,Trivandrum,15 mm nominal bore and 30 cm length PVC connection pipe with P.T.M.T. Nuts,46.0
2022,4,Trivandrum,15 mm nominal bore and 45 cm length PVC connection pipe with P.T.M.T. Nuts,66.0
2022,4,Trivandrum,P.T.M.T. extension nipple 15 mm,50.0
2022,4,Trivandrum,P.T.M.T. extension nipple 20 mm,62.0
2022,4,Trivandrum,P.T.M.T. extension nipple 25 mm,90.0
2022,4,Trivandrum,Tactile tile,1356.0
2022,4,Trivandrum,Matt finished vitrified tile 100x100 x16 mm,1356.0
2022,4,Trivandrum,Vitrified tile,725.0
2022,4,Trivandrum,Modular common burnt clay bricks of class designation 7.5,9000.0
2022,4,Trivandrum,Machine moulded perforated common burnt clay FPS (non modular) bricks of class designation 12.5,7800.0
2022,4,Trivandrum,Machine moulded common burnt clay modular perforated bricks of class designation 12.5,7800.0
2022,4,Trivandrum,Machine moulded common burnt clay FPS (non modular) bricks of class designation 12.5,9500.0
2022,4,Trivandrum,Machine moulded common burnt clay tile bricks of class designation 12.5,6975.0
2022,4,Trivandrum,Chemical Rust Remover,279.0
2022,4,Trivandrum,Hire charges of Drill machine upto 30 mm dia,220.0
2022,4,Trivandrum,Epoxy,800.0
2022,4,Trivandrum,SBR Polymer,265.0
2022,4,Trivandrum,Woven PVC Cloth,37.0
2022,4,Trivandrum,Hire charges of sand blasting equipment,575.0
2022,4,Trivandrum,Hire charges of compressure,875.0
2022,4,Trivandrum,25 mm thick cement concrete shotcrete(guniting) with compressor,144.0
2022,4,Trivandrum,50 mm thick cement concrete shotcrete (guniting) with compressor,223.0
2022,4,Trivandrum,75 mm thick cement concrete shotcrete (guniting) with compressor,372.0
2022,4,Trivandrum,Adhesive chemical,55.0
2022,4,Trivandrum,Bit of drilling machine for Hole upto 30 mm dia,685.0
2022,4,Trivandrum,"GI injection nipple 12mm dia, 75mm long",56.0
2022,4,Trivandrum,Blowing compressed air for cleaning holes upto 30mm dia,14.0
2022,4,Trivandrum,"L shaped 100mm long, 10mm dia mild steel shear key",93.0
2022,4,Trivandrum,Welding charges of shear key to existing reinforcement,4.65
2022,4,Trivandrum,Acrylic Polymer chemical for cracks,85.0
2022,4,Trivandrum,"Hire charges of Plant and machinery, it can inject - 350 Kg/day",350.0
2022,4,Trivandrum,Shear loops (6mm dia GI wire rope) (For vertical joints) 6 nos on each side,256.0
2022,4,Trivandrum,dowel tubes (Corrugated GI pipes 50 to 80mm dia) (For horizontal joints),160.0
2022,4,Trivandrum,Hooks for lifting (Alloy steel) having 2.5 tonne capacity,335.0
2022,4,Trivandrum,"Factory made EPS light weight composite sandwitched wall/roof
panel (50mm thick) having core material of EPS granule balls/beads
(conforming to IS 4671:1984 and shall have density not less than
15kg per cum). The outer face on both sides of the panels will be non
asbestos fiber cement board confirming to IS 14862:2000 or Calcium
silicate board confirming to EN 14306:2009 of 5mm thick each.",990.0
2022,4,Trivandrum,"Factory made EPS light weight composite sandwitched wall/roof
panel (60mm thick) having core material of EPS granule balls/beads
(conforming to IS 4671:1984 and shall have density not less than
15kg per cum). The outer face on both sides of the panels will be non
asbestos fiber cement board confirming to IS 14862:2000 or Calcium
silicate board confirming to EN 14306:2009 of 5mm thick each",1140.0
2022,4,Trivandrum,"Factory made EPS light weight composite sandwitched wall/roof
panel (75mm thick) having core material of EPS granule balls/beads
(conforming to IS 4671:1984 and shall have density not less than
15kg per cum). The outer face on both sides of the panels will be non
asbestos fiber cement board confirming to IS 14862:2000 or Calcium",1398.0
2022,4,Trivandrum,"Factory made EPS light weight composite sandwitched wall/roof
panel (90mm thick) having core material of EPS granule balls/beads
(conforming to IS 4671:1984 and shall have density not less than
15kg per cum). The outer face on both sides of the panels will be non
asbestos fiber cement board confirming to IS 14862:2000 or Calcium
silicate board confirming to EN 14306:2009 of 5mm thick each",1695.0
2022,4,Trivandrum,"Factory made EPS light weight composite sandwitched wall/roof
panel (100mm thick) having core material of EPS granule balls/beads
(conforming to IS 4671:1984 and shall have density not less than
15kg per cum). The outer face on both sides of the panels will be non
asbestos fiber cement board confirming to IS 14862:2000 or Calcium
silicate board confirming to EN 14306:2009 of 5mm thick each",2030.0
2022,4,Trivandrum,"24 mm thick Factory made shutters with styles, rails and panels of PVC extruded sections in white, grey or wooden finish",2999.0
2022,4,Trivandrum,"30 mm thick Factory made shutters with styles, rails and panels of PVC extruded sections in white, grey or wooden finish",3139.0
2022,4,Trivandrum,Factory made PVC rigid foam panelled shutter i/c carriage,2999.0
2022,4,Trivandrum,Factory made PVC rigid foam panelled shutter as per IS: 4020 i/c  carriage,3557.0
2022,4,Trivandrum,Factory made PVC rigid foam sheet 1 mm thick,260.0
2022,4,Trivandrum,Factory made PVC rigid foam sheet 5 mm thick,883.0
2022,4,Trivandrum,Factory made prelaminated PVC rigid foam sheet 5 mm thick,1051.0
2022,4,Trivandrum,"48 mm X40 mmX1.5 mm thick Factory made door frame of PVC extruded sections in white, grey or wooden finish",209.0
2022,4,Trivandrum,Factory made door frame PVC extruded sheet i/c  carriage,488.0
2022,4,Trivandrum,Adhesive solvent cement,232.0
2022,4,Trivandrum,"Factory made EPS Core wallpanel/ roof panel sandwiched between two Engineered welded wire fabric mesh of 3 mm dia G.I. wire mesh, with 50 mm pitch in both the directions, kept at 120-135 mm gap and interconnected by the zig zag G.I. wire of 3 mm dia at alternate row by welding",2316.0
2022,4,Trivandrum,Factory made door frame size 50x47 mm with wall thickness 5 mm made of single piece extruded profile,683.0
2022,4,Trivandrum,Expanded poly ethylene Foam sheet 4 mm thick of Density 40Kg/m3,23.0
2022,4,Trivandrum,High Density expanded poly ethylene (EPE) foam 1mm thick,14.0
2022,4,Trivandrum,Fire rated door frame made with 1.6 mm thick G.I sheet (120 minutes fire rating),1334.0
2022,4,Trivandrum,Fire rated door shutter made with 1.6 mm thick G.I sheet (120 minutes fire rating) including hinges (without glass panels),7021.0
2022,4,Trivandrum,GI sheet 0.8 mm thick confirming to IS 277:1992,100.0
2022,4,Trivandrum,"Factory made EPS Core wall panel /roof panel sandwiched between
two Engineered welded wire fabric mesh of 3 mm dia G.I. wire mesh,
with 50 mm pitch in both the directions, connected by G.I. wire of
3mm dia at alternate row by welding",805.0
2022,4,Trivandrum,Bamboo wood Tile flooring 14mm thick of minimum size 1800mm X 130 mm,5301.0
2022,4,Trivandrum,Bamboo wood Quarter round 18 mm thick of size 1900mm x 18 mm,177.0
2022,4,Trivandrum,Bamboo wood door reducer 14 mm thick of size 1900 mm x 44mm,386.0
2022,4,Trivandrum,Bamboo wood skirting 14mm thick of size 1900mm x 85 mm,456.0
2022,4,Trivandrum,Bamboo wood tile wall cladding 10mm thick of size 1900mm x 135mm,4738.0
2022,4,Trivandrum,Bamboo wood T-mold 14mm thick of size 1900mm x 44mm,386.0
2022,4,Trivandrum,Bamboo wood Threshold 14mm thick of size 1900mm x 44mm,386.0
2022,4,Trivandrum,Bamboo wood shutter of doors,2530.0
2022,4,Trivandrum,Bamboo wood panelling (10mm thick),2530.0
2022,4,Trivandrum,Superior class Bamboo wood door frame 65 mm thick,2530.0
2022,4,Trivandrum,"Aluminium sheets Grade 5052, 4 mm thick for wall panel/deck panel/ WRB panel/ Kicker panels/ door closing panels (for form work)",11937.0
2022,4,Trivandrum,"Aluminium sheed Grad 5052, 4 mm thick for Internal corner/ Columns corners / (for Form work)",15414.0
2022,4,Trivandrum,"Aluminium sheets Grade 5052, 4 mm thick for Mid Soldier/ End soldier (For form work)",44933.0
2022,4,Trivandrum,External corner 2050 mm,1967.0
2022,4,Trivandrum,External corner 825 mm,795.0
2022,4,Trivandrum,Soldier tie 370 mm,386.0
2022,4,Trivandrum,Adjustable prop-2.0x2.0 m,1516.0
2022,4,Trivandrum,Pin -50,23.0
2022,4,Trivandrum,Pin - 127,74.0
2022,4,Trivandrum,Wedge,19.0
2022,4,Trivandrum,Wall tie -150 (355 mm,65.0
2022,4,Trivandrum,Polythene Sleeve 90x150 mm,4.65
2022,4,Trivandrum,Polythene Rool - 150 mm long,9.0
2022,4,Trivandrum,Vertical soldier - 1100 mm,493.0
2022,4,Trivandrum,Wall attchyed bracket 600x100 mm,1316.0
2022,4,Trivandrum,Allignment Pipe - 3.00 Mtr.,1348.0
2022,4,Trivandrum,Allignment Bracket,632.0
2022,4,Trivandrum,Tie rod fr bracket - 500 mm,153.0
2022,4,Trivandrum,Anchor wing nut  100 mm,84.0
2022,4,Trivandrum,Debit Pin - 250 mm,79.0
2022,4,Trivandrum,PVC pipe - 20 mm -150 mm long,87.0
2022,4,Trivandrum,PVC cone,9.0
2022,4,Trivandrum,Bold+Nut - 16 x 80 mm,42.0
2022,4,Trivandrum,"Flat washer 16, 3 mm thick",9.0
2022,4,Trivandrum,Bolt +Nut - 16 x30 mm,23.0
2022,4,Trivandrum,Door spacer 45x45x5 -1135mm long,479.0
2022,4,Trivandrum,Door spacer 45x45x5x-985 mm  long,429.0
2022,4,Trivandrum,Powder coated M.S. butt hinges 100 mm X58 mm X 1.9 mm,167.0
2022,4,Trivandrum,SS ball bearing of sizw 100x89x3 mm,612.0
2022,4,Trivandrum,Zinc alloy (white powder coated ) 3D hinges for uPVC door,618.0
2022,4,Trivandrum,"Zinc alloy (white powder coated ) handles with zinc plated mild steel multi point locking having transmission gear, cylinder with keeps and one side key for uPVC casement door",3200.0
2022,4,Trivandrum,Zinc alloy (white powder coated) handles along with zinc plated mild steel multi point locking having transmission gear with keeps for uPVC sliding window,1920.0
2022,4,Trivandrum,Zinc alloy (white powder coated) handles with key along with zinc plated mild steel multi point locking having transmission gear with keeps for uPVC sliding door,1614.0
2022,4,Trivandrum,uPVC extruded (Small series) casement window frame size 47x50mm,349.0
2022,4,Trivandrum,uPVC extruded (small series) casement window sash/window mullion size 47x68mm,377.0
2022,4,Trivandrum,uPVC extruded glazing bead of appropriate dimension for small series casement window sash,126.0
2022,4,Trivandrum,u PVC extruded (Big series) casement window frame size 67x60mm,502.0
2022,4,Trivandrum,u PVC extruded (Big series) casement door frame size 67x60mm,521.0
2022,4,Trivandrum,uPVC extruded (big series) casement window sash/window mullion/ door mullion size 67x80 mm,595.0
2022,4,Trivandrum,uPVC extruded (big series) casement door sash size 67x11 mm,772.0
2022,4,Trivandrum,uPVC extruded glazing bead of appropriate dimension for big series casemtne window/door sash,158.0
2022,4,Trivandrum,uPVC extruded glazing bead of appropriate dimension for small series sliding window sash,79.0
2022,4,Trivandrum,uPVC extruded glazing bead of appropriate dimension for big series of sliding window/ door sash,116.0
2022,4,Trivandrum,uPVC extruded (small series) 2 track sliding window frame size 52x44mm,377.0
2022,4,Trivandrum,uPVC extruded (big series) 2 track sliding window /door frame size 67x50 mm,516.0
2022,4,Trivandrum,uPVC extruded (Small series) 3 track sliding window frame size 92x44 mm,516.0
2022,4,Trivandrum,uPVC extruded (big series) 3 track sliding window/door frame size 116x45 mm,719.0
2022,4,Trivandrum,uPVc extruded (small series) 2 track sliding window sash/ 3 track sliding window sash size 32x60 mm,353.0
2022,4,Trivandrum,uPVC extruded (Big series) 2 track sliding window sash size 46x62 mm,437.0
2022,4,Trivandrum,uPVC extruded (big series) 3 track sliding window sash size 46x62 mm,437.0
2022,4,Trivandrum,uPVC extruded interlock of appropriate dimension for small series sliding window sash,107.0
2022,4,Trivandrum,uPVC extruded interlock of appropriate dimension for small series sliding window/ door sash,121.0
2022,4,Trivandrum,uPVC extruded inline adaptor or appropriate dimension for big series sliding window/door sash,121.0
2022,4,Trivandrum,uPVC extruded 2 track sliding door sash/ 3 track sliding door sash (Big series) size 46x82 mm,475.0
2022,4,Trivandrum,"Bamboo Mat corrugated sheets 3.5 to 4mm thick conforming to
IS 15476:2004",3592.0
2022,4,Trivandrum,Bamboo Mat Ridge cap 3.5 to 4mm thick conforming to IS 15476:2004,3486.0
2022,4,Trivandrum,3mm thick Bamboo Mat Board conforming to IS 13958:1994,2047.0
2022,4,Trivandrum,4mm thick Bamboo Mat Board conforming to IS 13958:1994,2358.0
2022,4,Trivandrum,6mm thick Bamboo Mat Board conforming to IS 13958:1994,2846.0
2022,4,Trivandrum,9mm thick Bamboo Mat Board conforming to IS 13958:1994,3646.0
2022,4,Trivandrum,12mm thick Bamboo Mat Board conforming to IS 13958:1994,4224.0
2022,4,Trivandrum,A.P.P. modified polymeric felt (two layers) 1.5 mm thick,111.0
2022,4,Trivandrum,A.P.P. modified polymeric felt (two layers) 2 mm thick,139.0
2022,4,Trivandrum,A.P.P. modified 2 mm thick membrane reinforced with glass fibre matt,232.0
2022,4,Trivandrum,A.P.P. modified 3 mm thick membrane reinforced with glass fibre matt,288.0
2022,4,Trivandrum,A.P. Modified 3 mm thick membrane reinforced with polyester matt,344.0
2022,4,Trivandrum,Bitumen primer for bitumen membrane,116.0
2022,4,Trivandrum,Geotextile 120 gram per sqm membrane,51.0
2022,4,Trivandrum,Stainless steel screws 50 mm,400.0
2022,4,Trivandrum,Stainless steel screws 40 mm,220.0
2022,4,Trivandrum,Stainless steel screws 30 mm,160.0
2022,4,Trivandrum,Stainless steel screws 20 mm,120.0
2022,4,Trivandrum,Stainless steel  butt hinges 125x64x1.9 mm IS: 12817 marked,350.0
2022,4,Trivandrum,Stainless steel  butt hinges 100x58x1.9 mm IS : 12817 marked,320.0
2022,4,Trivandrum,Stainless steel  butt hinges 75x47x1.8 mm IS : 12817 marked,200.0
2022,4,Trivandrum,Stainless steel butt hinges 50x37x1.5 mm IS : 12817 marked,180.0
2022,4,Trivandrum,Stainless steel butt hinges (heavy weight) 125x64x2.5 mm IS: 12817 marked,470.0
2022,4,Trivandrum,Stainless steel butt hinges (heavy weight) 100x60x2.5 mm IS : 12817 marked,330.0
2022,4,Trivandrum,Stainless steel butt hinges (heavy weight) 75x50x2.5 mm IS : 12817 marked,280.0
2022,4,Trivandrum,M.S. heavy weight butt hinges 125x90x4.0 mm IS : 1341 marked,480.0
2022,4,Trivandrum,M.S. heavy weight butt hinges 100x75x3.5 mm IS: 1341 marked,360.0
2022,4,Trivandrum,M.S. heavy weight butt hinges 75x60x3.1 mm IS : 1341 marked,220.0
2022,4,Trivandrum,M.S. heavy weight butt hinges 50x40xx2.5 mm IS : 1341 marked,120.0
2022,4,Trivandrum,Concealed zinc coated hinges 19-20 mm thick with mounting plate,563.0
2022,4,Trivandrum,1216 mm PE-AL-PE Composite pressure pipe,135.0
2022,4,Trivandrum,1620 mm PE-AL-PE Composite pressure pipe,177.0
2022,4,Trivandrum,2025 mm PE-AL-PE Composite pressure pipe,223.0
2022,4,Trivandrum,2532 mm PE-AL-PE Composite pressure pipe,288.0
2022,4,Trivandrum,3240 mm PE-AL-PE Composite pressure pipe,474.0
2022,4,Trivandrum,4050 mm PE-AL-PE Composite pressure pipe,525.0
2022,4,Trivandrum,PPR Union 20 mm,64.5
2022,4,Trivandrum,PPR Union 25 mm,130.0
2022,4,Trivandrum,PPR Union 32 mm,183.5
2022,4,Trivandrum,PPR Union 40 mm,247.0
2022,4,Trivandrum,PPR Union 50 mm,471.5
2022,4,Trivandrum,PPR Union 63 mm,646.0
2022,4,Trivandrum,PPR Union 75 mm,1246.0
2022,4,Trivandrum,Water for jetting/ blowback,2106.0
2022,4,Trivandrum,Polymer modified cementation coating,191.0
2022,4,Trivandrum,Fibre glass cloth,60.0
2022,4,Trivandrum,Multi surface paint,386.0
2022,4,Trivandrum,Acrylic exterior paint,280.0
2022,4,Trivandrum,Premium Arcylic exterior paint l,375.0
2022,4,Trivandrum,Textured exterior paint,345.0
2022,4,Trivandrum,Primer for cement paint,130.0
2022,4,Trivandrum,Special primer (C.W),116.0
2022,4,Trivandrum,Metal Primer (U.G.),180.0
2022,4,Trivandrum,Fibre reinforced elastomeric liquid water proofing membrane,2020.0
2022,4,Trivandrum,Cementitious water proofing coating with elastic polymers,410.0
2022,4,Trivandrum,Acrylic modified resin based texture,100.0
2022,4,Trivandrum,40 mm long S S screws with plastic rawl plugs,60.0
2022,4,Trivandrum,Galavanised MS 8 mm outer diameter M-6 dash fastener 50 mm long,42.03
2022,4,Trivandrum,ZMB 60/equivalent,142.37
2022,4,Trivandrum,ZMB thinner,277.96
2022,4,Trivandrum,Zycoprime / equivalent,284.74
2022,4,Trivandrum,Zycosil / equivalent,2440.62
2022,4,Trivandrum,Elastobar / equivalent,406.77
2022,4,Trivandrum,"Mineral fibre beveled tegular edged ceiling tiles 595x595 mm, 16 mm thick",1125.4
2022,4,Trivandrum,"Mineral fibre beveled tegular edged ceiliing tiles 595x595mm, 16 mm thick with bio-block conforming to ISO 5 (class 100) specifications",1247.43
2022,4,Trivandrum,"Mineral fiber beveled tegular edged ceiling tiles 595x595mm, 20 mm thick",1410.14
2022,4,Trivandrum,"G.I main runner 15x32 mm of 3000 mm length, 0.33 thick",250.84
2022,4,Trivandrum,"G.I cross-T 15x32 mm of 1200 mm length, 0.33 mm thick",105.76
2022,4,Trivandrum,"G.I. cross Tee 15X32mm of 600mm length, 0.33 mm thick",40.0
2022,4,Trivandrum,G.I hanger rod 6mm dia fully threaded upto 1000 mm length,45.0
2022,4,Trivandrum,Stainless steel U Channel of size (50x25x2 mm),265.0
2022,4,Trivandrum,Non staining water resistant clear silicon,70.0
2022,4,Trivandrum,Extruded polystrene rigid insulation board 50mm thick,712.0
2022,4,Trivandrum,"Expanded Polystyrene insulation board 120 mm thick confirming to
IS 4671-1984, Fire retardant property self-extinguishing type as per
EN 13501-1",1084.72
2022,4,Trivandrum,"15 mm thick, light weight, integral densified micro look edged, false ceiling tiles of size 595x595 mm",1000.0
2022,4,Trivandrum,"15 mm thick, light weight, fully perforated square/butt edge integral densified, false ceiling tile of size 595x595 mm",1220.0
2022,4,Trivandrum,Galavanised MS hanger rod 6 mm dia MS fullly threaded up to 1000 mm length,60.0
2022,4,Trivandrum,Powder coated steel section main-T ceiling sections 15x42x0.40 mm (3000 mm long),390.0
2022,4,Trivandrum,Galavanised mild steel perimeter wall angle 22x19x0.40 mm (3000 mm long),210.0
2022,4,Trivandrum,Powder coated Galvanised Iron intermediate cross-T section 15x42x0.40 mm (1200 mm long,170.0
2022,4,Trivandrum,Powder coated galvanised iron intermediate cross-T section 15x42x0.40 mm (600 mm long),70.0
2022,4,Trivandrum,GI Main T ceiling section 30x25x0.3 mm (3 metre long),250.0
2022,4,Trivandrum,GI Perimeter wall angle 25x25x0.4 mm (3 metre long),210.0
2022,4,Trivandrum,GI Intermediate cross T section 25x25x0.3 mm (1.2 metre long),96.6
2022,4,Trivandrum,GI Intermediate cross T section 25x25x0.3 mm (0.6 metre long),45.5
2022,4,Trivandrum,Crates made of MEsh type 10x12 (D=100mm) Zinc coated (Mash wire diameter 3.00 mm),257.0
2022,4,Trivandrum,Crates made of Mesh type 10x12 (D=100mm)Zn+PVC coated Mesh wire diameter 2.70/2.70 mm (ID/OD),298.0
2022,4,Trivandrum,Crates made of Mesh type 10x12(D=100mm) Zn+10% Al alloy + PVC coated. Mesh wire diameter 2.70/3.70 mm (ID/OD),393.0
2022,4,Trivandrum,Cold form light gauge Steel C-section of thickness 0.75 mm i/c zink coating/sliting etc,176.0
2022,4,Trivandrum,Wastage of cold form light guage steel,28.0
2022,4,Trivandrum,12 mm thick micro tegular edge semi perforated GRG (Glass Fibre Reinforcemtn Gypsum) false ceiling tiles of size 595x595 mm,692.0
2022,4,Trivandrum,12 mm thick micro tegular edge fully perforated GRG (Glass Fibre Reinforcemtn Gypsum) false ceiling tiles of size 595x595 mm,814.0
2022,4,Trivandrum,10 mm thick square edge fully perforated GRG (Glass Fibre Reinforcemtn Gypsum) false ceiling tiles of size 595x595 mm,1020.0
2022,4,Trivandrum,Galvanized iron intermediate cross-T section 15x32x0.33 mm (600 mm long),58.0
2022,4,Trivandrum,Galvanised MS hanger road 6 mm dia MS fully threaded upto 1000 mm length,45.0
2022,4,Trivandrum,Calcium Silicate tegular edged celling tiles 595x595 mm and 15 mm thick,1110.0
2022,4,Trivandrum,Galvanised Steel main Tee ceiling section Size 24 x 38 x 0.33 mm ( 3 metre long),190.0
2022,4,Trivandrum,Galvanised Steel perimeter wall Angle Size 24 x 24 0.40 mm (3.00 metre long),150.0
2022,4,Trivandrum,Galvanised Steel intermediate cross T section Size 24 x 25 x 0.33 mm (1.2 metre long),90.0
2022,4,Trivandrum,Galvanised Steel intermediate cross T Section 24 x 25 x 0.33 (0.6 metre long),40.0
2022,4,Trivandrum,Galvanised Steel soffit cleat size 25x35x1.60 mm,4.0
2022,4,Trivandrum,Wooden screws with plastic rawl plugs 35x8 mm,2.0
2022,4,Trivandrum,Galvanised MS 8mm outer diameter M-6 dash fastener 25 mm long,55.0
2022,4,Trivandrum,GI Metal Tile Clip in Plain Beveled edge global white colour tiles of size 600x600 mm and 0.5 mm thick,917.94
2022,4,Trivandrum,GI Metal Tile Clip in Perforated Beveled edge global white colour tiles of size 600x600 mm and 0.5 mm thick,1060.31
2022,4,Trivandrum,GI Metal Tile Lay- in Plain Tegular  edge global white color tiles of Size 595x595 mm and 0.5 mm thick,829.81
2022,4,Trivandrum,GI Metal Tile Lay-in Perforated Tegular edge global white color tiles of Size 595x595 mm and 0.5 mm thick,969.47
2022,4,Trivandrum,PVC Laminated Gypsum Tiles (square edge) of Size 595x595 mm and 12.5 mm thick,1193.19
2022,4,Trivandrum,Gypsum Tiles Fully Perforated Square edge of Size 595x595 mm and 12.5 mm thick,800.0
2022,4,Trivandrum,Spring T-section 24x34x0.45 mm (3.00 meter long),257.62
2022,4,Trivandrum,C Wall angle section 20x30x20x0.50 mm (3.00 meter long),190.0
2022,4,Trivandrum,Main C Carrier Size 10x38x10x0.70 mm (3.00 meter long),260.0
2022,4,Trivandrum,Spring T-connector,35.0
2022,4,Trivandrum,C Carrier Connector,20.0
2022,4,Trivandrum,C Suspension Clip,20.0
2022,4,Trivandrum,Wire Coupling Clip,12.0
2022,4,Trivandrum,Main T ceiling sections 24x38x0.3 mm (3 metre long),185.0
2022,4,Trivandrum,Perimeter wall angle 24x24x0.3 mm ( 3 metre long),130.0
2022,4,Trivandrum,Intermediate cross T-Section 24x25x0.3 mm (1.2 mtr long),80.0
2022,4,Trivandrum,Intermediate cross - T Section 24x25x0.3 mm (0.6 mtr. long),50.0
2022,4,Trivandrum,Hanger rod 4 mm thick,45.0
2022,4,Trivandrum,Adjustment clip 85x30x0.8 mm,10.0
2022,4,Trivandrum,Soffit cleat (Size 27x37x25x1.60 mm),7.0
2022,4,Trivandrum,Dash fastener 6 mm dia 50 mm long,10.0
2022,4,Trivandrum,Galvanised MS L-shaped level adjuster of size 85x25x2 mm,20.0
2022,4,Trivandrum,Vitrified floor tile 50x50 cm,780.0
2022,4,Trivandrum,Vitrified floor tile 60x60 cm,950.0
2022,4,Trivandrum,Vitrifies floor tile 80x80 cm,1315.0
2022,4,Trivandrum,Vitrified floor tile 100x100 cm,1885.0
2022,4,Trivandrum,Border tiles 200x75 mm size,50.0
2022,4,Trivandrum,"Poly propylene- Random - Co - Polymer (PPR) pipes PN-16 (SDR 7.4) -
20 mm Outer dia",58.67
2022,4,Trivandrum,Poly propylene- Random - Co - Polymer (PPR) pipes PN-16 (SDR 7.4) -25 mm Outer dia,90.57
2022,4,Trivandrum,"Poly propylene- Random - Co - Polymer (PPR) pipes PN-16 (SDR 7.4) -
25 mm Outer dia",145.72
2022,4,Trivandrum,"Poly propylene- Random - Co - Polymer (PPR) pipes PN-16 (SDR 7.4) -
40 mm Outer dia",218.39
2022,4,Trivandrum,"Poly propylene- Random - Co - Polymer (PPR) pipes PN-10 (SDR 11) -
50 mm Outer dia",341.99
2022,4,Trivandrum,"Poly propylene- Random - Co - Polymer (PPR) pipes PN-10 (SDR 11) -
63 mm Outer dia",382.0
2022,4,Trivandrum,"Poly propylene- Random - Co - Polymer (PPR) pipes PN-10 (SDR 11) -
75 mm Outer dia",567.01
2022,4,Trivandrum,"Poly propylene- Random - Co - Polymer (PPR) pipes PN-10 (SDR 11) -
90 mm Outer dia",810.33
2022,4,Trivandrum,"Poly propylene- Random - Co - Polymer (PPR) pipes PN-10 (SDR 11) -
110 mm Outer dia",1201.1
2022,4,Trivandrum,"Poly propylene- Random - Co - Polymer (PPR) pipes PN-10 (SDR 11) -
160 mm Outer dia",3467.44
2022,4,Trivandrum,Chlorinated Polyvinyl - Chloride (CPVC) pipe 15 mm outer dia,95.0
2022,4,Trivandrum,Chlorinated Polyvinyl - Chloride (CPVC) pipe 20 mm outer dia,140.0
2022,4,Trivandrum,Chlorinated Polyvinyl - Chloride (CPVC) pipe 25 mm outer dia,190.0
2022,4,Trivandrum,Chlorinated Polyvinyl - chloride (CPVC) pipe 32 mm outer dia,285.0
2022,4,Trivandrum,Chlorinated Polyvinyl - chloride (CPVC) pipe 40 mm outer dia,390.0
2022,4,Trivandrum,Chlorinated Polyvinyl - chloride (CPVC) pipe 50 mm outer dia,660.0
2022,4,Trivandrum,Chlorinated Polyvinyl - chloride (CPVC) pipe 62.5 inner dia,1075.64
2022,4,Trivandrum,Chlorinated Polyvinyl - chloride (CPVC) pipe 75 mm inner dia,1398.0
2022,4,Trivandrum,Chlorinated Polyvinyl - chloride (CPVC) pipe 100 inner dia,1988.77
2022,4,Trivandrum,Chlorinated Polyvinyl - chloride (CPVC) pipe 150 mm inner dia,4264.51
2022,4,Trivandrum,Silicon sealant,300.0
2022,4,Trivandrum,Stainless steal screws 30 x 4 mm,65.0
2022,4,Trivandrum,Hermetically sealed double glazed unit made with 6 mm thick clear float glass both side having 12 mm air gap,3100.0
2022,4,Trivandrum,Stainless steel (SS 304 grade) adjustable friction window stay 205 x 19 mm,233.21
2022,4,Trivandrum,Stainless steel (S S 304 grade) adjustable friction window stay 255 x 19 mm,301.01
2022,4,Trivandrum,Stainless steel (S S 304 grade) adjustable friction window stay 355 x 19 mm,375.0
2022,4,Trivandrum,Stainless steel (S S 304 grade) adjustable friction window stay 510x 19 mm,850.0
2022,4,Trivandrum,Stainless steel (S S 304 grade) adjustable friction window stay 710x 19 mm,1325.0
2022,4,Trivandrum,Masking Tape,10.0
2022,4,Trivandrum,Autoclaved aerated cement (AAC) blocks,3150.0
2022,4,Trivandrum,Gypsum pannel 666 X 500 X 100 mm siz,860.0
2022,4,Trivandrum,Bonding plaster for Gypsum panel,50.0
2022,4,Trivandrum,Precast C&D waste concrete block,34100.89
2022,4,Trivandrum,Water proof ply 12 mm thick,1300.0
2022,4,Trivandrum,Aluminium casement window fastener (Anodised AC 15 ),70.0
2022,4,Trivandrum,Aluminium casement window fastener (powder coated ),75.0
2022,4,Trivandrum,Aluminium casement window fastener ( polyester powder coated),75.0
2022,4,Trivandrum,Aluminium round shape handle (anodised AC 15),120.0
2022,4,Trivandrum,Aluminium round shape handle (powder coated),140.0
2022,4,Trivandrum,Aluminium round shape handle (polyester powder  coated),160.0
2022,4,Trivandrum,Stainless steel screws 25 mm x 4 mm,60.0
2022,4,Trivandrum,UV stabilised 2 mm thick plain FRP sheet,915.0
2022,4,Trivandrum,UV stabilised 2 mm thick corrugated FRP sheet,1050.0
2022,4,Trivandrum,Mangalore ridge tiles 20 mm thick,40.0
2022,4,Trivandrum,Mangalore tiles 20 mm thcik,16.0
2022,4,Trivandrum,Precoated glavanished iron profile sheet 0.50 mm TCT,540.0
2022,4,Trivandrum,Precoated galvanised steel plain ridges,540.0
2022,4,Trivandrum,Precoated galvanised steel flashings / aprons,575.0
2022,4,Trivandrum,Precoated galvanised steel gutter,705.0
2022,4,Trivandrum,Precoted galvanised steel north light curves,740.0
2022,4,Trivandrum,Precoated galvanised steel barge board,790.0
2022,4,Trivandrum,Precoated galvanish steel crimp curve,820.0
2022,4,Trivandrum,I mm thick 35 mm wide bright finished stainless steel piano hinges,120.0
2022,4,Trivandrum,Eposy Grout,860.0
2022,4,Trivandrum,Red sand stone gang saw cut 30 mm thick,700.0
2022,4,Trivandrum,White sand stone gang saw cut 30 mm thick,950.0
2022,4,Trivandrum,Delineator,680.0
2022,4,Trivandrum,Precast C.C. Kerb stone M-25,8400.0
2022,4,Trivandrum,Thermoplastic paint,120.0
2022,4,Trivandrum,Glass beads,110.0
2022,4,Trivandrum,"Interlocking C.C. paver block (60 mm thick, M-30)",640.0
2022,4,Trivandrum,High intensity retro- reflective sheet,2450.0
2022,4,Trivandrum,Punched tape concertina coil 600 m dia . 10 m openable length( Total length 90 m),1300.0
2022,4,Trivandrum,RBT reinforced barbed wire,20.0
2022,4,Trivandrum,Turn buckle and strengthening bolt,55.0
2022,4,Trivandrum,Precast pavement slab 450 x 450 x 50 mm (M- 30),110.0
2022,4,Trivandrum,Chain link fabric fencing mesh of size 50x50 mm made of G.I. wire of dia 4 mm,500.0
2022,4,Trivandrum,Chain link fabric fencing mesh of size 50x50 mm made of G.I. wire of dia dia 4 mm. PVC coated to outer dia 5 mm,540.0
2022,4,Trivandrum,Chain link fabric fencing mesh of size 25x25 mm made of G.I. wire of dia 3 mm,590.0
2022,4,Trivandrum,"Stainless steel cramps (weight 260 grams) with nuts, bolts and washer for dry stone cladding",140.0
2022,4,Trivandrum,8 mm thick tapered edge ccalcium silicate board,600.0
2022,4,Trivandrum,10 mm thick calcium silicate board,650.0
2022,4,Trivandrum,SS pipe 304 grades with press fit technology as per JIS 3448 standard 48.60 mm outer dia,940.0
2022,4,Trivandrum,Coupling/Socket fittings for 15.88 mm outer dia SS pipe,85.0
2022,4,Trivandrum,Telescopic drawer channels 300 mm long,290.0
2022,4,Trivandrum,Stainless steel roller for sliding arrangement in racks/cupboards/cabinets shutter,30.0
2022,4,Trivandrum,"50 mmx42 mmx2 mm thick Factory made door frame of PVC extruded sections in white, grey or wooden finish",270.0
2022,4,Trivandrum,25 mm thick factory made PVC flush door shutter i/c carriage,4000.0
2022,4,Trivandrum,Factory made glass reinforced plastic door frame 90x45 mm i/c carriage,520.0
2022,4,Trivandrum,30 mm thick factory made glass fiber reinforced plastic panel door shutter i/c carriage,3400.0
2022,4,Trivandrum,30 mm thick factory made solid PVC profile panelled door single pipece extruded profile decorative finish (wood grain printed on both side),2900.0
2022,4,Trivandrum,Factory made solid PVC door frame 60 x  32 mm i/c carriage,450.0
2022,4,Trivandrum,28 mm factory made solid PVC panel door shutter i/c carriage,2800.0
2022,4,Trivandrum,30 mm thick factory made solid PVC profile panelled door single pipece extruded profile non decorative finish,3100.0
2022,4,Trivandrum,Fiber glass reinforced plastic chajja,4100.0
2022,4,Trivandrum,Magnetic catcher triple strip vertical type,45.0
2022,4,Trivandrum,Magnetic catcher double strip horizontal type,35.0
2022,4,Trivandrum,100 mm mortice lock with 6 levers for aluminium door,560.0
2022,4,Trivandrum,12.5 mm thick Glass fibre reinforced Gypsum board,265.0
2022,4,Trivandrum,2nd class teak wood lipping/ moulded beading or Taj beading of size 18x5 mm,45.0
2022,4,Trivandrum,Ceiling sections 0.55 mm thick having a knurled web of 51.55 mm and two flanges of 26 mm each with lips of 10.55 mm,80.0
2022,4,Trivandrum,Perimeter channel having one flange of 20 mm and another flange of 30 mm with thickness of 0.55 mm and web of length 27 mm,45.0
2022,4,Trivandrum,Nylon sleeve & wooden screws ( 40 mm),4.0
2022,4,Trivandrum,Counter sunk ribbed head screw 25,130.0
2022,4,Trivandrum,12 mm thick marine plywood conforning IS: 710,1220.0
2022,4,Trivandrum,12 mm thick fire retardant plywood conforming to IS: 5509,1575.0
2022,4,Trivandrum,1.5 mm thick decorative laminated sheet,950.0
2022,4,Trivandrum,1.0 mm thick decorative laminated sheet,580.0
2022,4,Trivandrum,30 mm thick factory made glass  fiber reinforced pllastic flush door shutte i/c carriage,2900.0
2022,4,Trivandrum,High polymer modified quickset tile adhesive,32.0
2022,4,Trivandrum,"Synthetic polyster traingular fibre of length 12 mm, effective diameter 10.40 microns and specific gravity of 1.34 to 1.40",500.0
2022,4,Trivandrum,"Synthetic ployster triangular fibre of length 6 mm, effective diameter 10-40 microns and specific gravity of 1.34 to 1.40",500.0
2022,4,Trivandrum,P.V.C. Single piece extruded door frame of profile size 50 mm x 47 mm with wall thickness of 5 mm,425.0
2022,4,Trivandrum,35 mm thick factory made solid panel PVC door shutter of single piece extruded profile non decorative finished (Matt finished),3260.0
2022,4,Trivandrum,35 mm thick factory made solid panel PVC door shutter of single piece extruded profile decorative finished  (Wood grain finished),4000.0
2022,4,Trivandrum,Stainless Steel wire guage (Grade-304) aperture 1.4 mm and 0.50 mm dia wire,1500.0
2022,4,Trivandrum,Facrory made door frame fire rated (60 minutes) made with 16 SWG G.I. Sheet of section 143 mm x 57 mm duly filled with vermuculite based concrete mix,1500.0
2022,4,Trivandrum,Fire rated door shuttere made with 16 SWG G.I. sheet (60 minutes) without panel,7150.0
2022,4,Trivandrum,Fire seal Putty,760.0
2022,4,Trivandrum,Clear fire resistant glass panes 6 mm thick (60 minutes),29155.0
2022,4,Trivandrum,G.I.U beading 16 SWG G.I. sheet (zinc coating >120gm/m2) with ceramic tape of suitable thickness and fire resistant primer coating,400.0
2022,4,Trivandrum,Matrix Mineral Board,85.0
2022,4,Trivandrum,Panic Bar / latch (Double point),7050.0
2022,4,Trivandrum,65 mm x 55 mm x 2 mm thick Factory made door frame of PVC extruded section in white grey or wooden finish,482.0
2022,4,Trivandrum,"37 mm thick Factory made shutter with style, rails and panels of PVC extruded section in white or grey finish i/c carriage",3254.0
2022,4,Trivandrum,"75 mm x 53 mm x 2.0 mm thick Factory made door frame of PVC extruded section in white, grey or wooden finish",542.0
2022,4,Trivandrum,"37 mm thick Factory made fusion welded shutter with style, rails and panels of PVC extruded section in wooden finish",3525.0
2022,4,Trivandrum,Zinc alloy (white powder coated) touch lock with hook for wire mesh shutter,230.0
2022,4,Trivandrum,Zinc alloy (white powder coated) casement handle for uPVC windows,210.0
2022,4,Trivandrum,Zinc alloy (white powder coated) Touch Lock for uPVC windows  for uPVC windows,265.0
2022,4,Trivandrum,Zinc alloy rollers for uPVC windows,65.0
2022,4,Trivandrum,Zinc alloy rollers for uPVC door,170.0
2022,4,Trivandrum,Zinc alloy (white powder coated ) casement lock for uPVC windows,190.0
2022,4,Trivandrum,Stainless steel friction hinge of size 200 mm x 19 x 1.9 mm for uPVC windows,360.0
2022,4,Trivandrum,Stainless steel friction hinge of size 250 mm x 19 x 1.9 mm for uPVC windows,450.0
2022,4,Trivandrum,Stainless steel friction hinge of size 300 mm x 19 x 1.9 mm for uPVC windows,540.0
2022,4,Trivandrum,Stainless steel friction hinge of size 350 mm x 19 x 1.9 mm for uPVC windows,630.0
2022,4,Trivandrum,Stainless steel friction hinge of size 400 mm x 19 x 1.9 mm for uPVC windows,700.0
2022,4,Trivandrum,"Of fire resistance both integrity and radiation control (EW 60) and minimum
20 minutes of insulation (EI 20)",30600.0
2022,4,Trivandrum,"Scaffolding net made of high density polyethylene UV stabilized having
density 100gm/ sqm.",40.0
2022,4,Trivandrum,Aluminium Track on bottom rail for uPVC window,50.0
2022,4,Trivandrum,Wool Pine for uPVC window,40.0
2022,4,Trivandrum,Aluminium Grill,600.0
2022,4,Trivandrum,Steel Galvanised tubular reinforcement for uPVC door/ window,82.0
2022,4,Trivandrum,Stainless Steel dash fastener of 8 mm dia and 75 mm long bolt,25.0
2022,4,Trivandrum,GI Fastener 100x8 mm,20.0
2022,4,Trivandrum,Toughened glass 12 mm thickness,2950.0
2022,4,Trivandrum,SS pipe 304 grades with press fit technology as per JIS 3448 standard 15.88 mm outer dia,265.0
2022,4,Trivandrum,SS pipe 304 grades with press fit technology as per JIS 3448 standard 22.22 mm outer dia,400.0
2022,4,Trivandrum,SS pipe 304 grades with press fit technology as per JIS 3448 standard 28.58 mm outer dia,475.0
2022,4,Trivandrum,SS pipe 304 grades with press fit technology as per JIS 3448 standard 34.00 mm outer dia,650.0
2022,4,Trivandrum,SS pipe 304 grades with press fit technology as per JIS 3448 standard 42.70 mm outer dia,820.0
2022,4,Trivandrum,8 mm thick Calcium silicate perforated tiles of size 595 x595 mm,1200.0
2022,4,Trivandrum,"Interlocking C.C. paver block (80 mm thick, M-30)",750.0
2022,4,Trivandrum,Coupling/Socket fittings for 22.22 mm outer dia SS pipe,130.0
2022,4,Trivandrum,Coupling/Socket fittings for 28.58 mm outer dia SS pipe,160.0
2022,4,Trivandrum,Coupling/Socket fittings for 34.00 mm outer dia SS pipe,320.0
2022,4,Trivandrum,Coupling/Socket fittings for 42.70 mm outer dia SS pipe,420.0
2022,4,Trivandrum,Coupling/Socket fittings for 48.60 mm outer dia SS pipe,600.0
2022,4,Trivandrum,Reducer for 22.22 mm X 15.88 mm outer Dia SS pipe,160.0
2022,4,Trivandrum,Reducer for 28.58 mm X 15.88 mm outer Dia SS pipe,185.0
2022,4,Trivandrum,Reducer for 28.58 mm X 22.22 mm outer Dia SS pipe,210.0
2022,4,Trivandrum,Reducer for 34.00 mm X 15.88 mm outer Dia SS pipe,275.0
2022,4,Trivandrum,Reducer for 34.00 mm X 22.22 mm outer Dia SS pipe,275.0
2022,4,Trivandrum,Reducer for 34.00 mm X 28.58 mm outer Dia SS pipe,370.0
2022,4,Trivandrum,Reducer for 42.70 mm X 15.88 mm outer Dia SS pipe,505.0
2022,4,Trivandrum,Reducer for 42.70 mm X 22.22 mm outer Dia SS pipe,510.0
2022,4,Trivandrum,Reducer for 42.70 mm X 28.58 mm outer Dia SS pipe,515.0
2022,4,Trivandrum,Reducer for 42.70 mm X 34.00 mm outer Dia SS pipe,650.0
2022,4,Trivandrum,Reducer for 48.60 mm X 22.22 mm outer Dia SS pipe,655.0
2022,4,Trivandrum,Reducer for 48.60 mm X 28.58 mm outer Dia SS pipe,660.0
2022,4,Trivandrum,Reducer for 48.60 mm X 34.00 mm outer Dia SS pipe,680.0
2022,4,Trivandrum,Reducer for48.60 mm X 42.70 mm outer Dia SS pipe,685.0
2022,4,Trivandrum,Slip Coupling / Socket 15.88 mm outer dia SS pipe,190.0
2022,4,Trivandrum,Slip Coupling / Socket 22.22 mm outer dia SS pipe,275.0
2022,4,Trivandrum,Slip Coupling / Socket 28.58 mm outer dia SS pipe,350.0
2022,4,Trivandrum,Slip Coupling / Socket 34.00 mm outer dia SS pipe,515.0
2022,4,Trivandrum,Slip Coupling / Socket 42.70 mm outer dia SS pipe,685.0
2022,4,Trivandrum,Slip Coupling / Socket 48.60 mm outer dia SS pipe,815.0
2022,4,Trivandrum,Elbow 90o for 15.88 mm outer dia SS pipe,140.0
2022,4,Trivandrum,Elbow 90o for 22.22 mm outer dia SS pipe,210.0
2022,4,Trivandrum,Elbow 90o for 28.58 mm outer dia SS pipe,290.0
2022,4,Trivandrum,Elbow 90o for 34.00 mm outer dia SS pipe,570.0
2022,4,Trivandrum,Elbow 90o for 42.70 mm outer dia SS pipe,840.0
2022,4,Trivandrum,Elbow 90o for 48.60 mm outer dia SS pipe,890.0
2022,4,Trivandrum,Reducing Elbow 90o for 22.22 mm X 15.88 mm outer dia SS pipe,180.0
2022,4,Trivandrum,Reducing Elbow 90o for 28.58 mm X 15.88 mm outer dia SS pipe,315.0
2022,4,Trivandrum,Reducing Elbow 90o for 28.58 mm X 22.22 mm outer dia SS pipe,320.0
2022,4,Trivandrum,Reducing Elbow 90o for 34.00 mm X 22.22 mm outer dia SS pipe,475.0
2022,4,Trivandrum,Reducing Elbow 90o for 34.00 mm X 28.58 mm outer dia SS pipe,535.0
2022,4,Trivandrum,Reducing Elbow 90o for 42.70 mm X 34.00 mm outer dia SS pipe,715.0
2022,4,Trivandrum,Equal Tee for 15.88 mm outer dia SS pipe,265.0
2022,4,Trivandrum,Equal Tee for 22.22 mm outer dia SS pipe,370.0
2022,4,Trivandrum,Equal Tee for 28.58 mm outer dia SS pipe,470.0
2022,4,Trivandrum,Equal Tee for 34.00 mm outer dia SS pipe,950.0
2022,4,Trivandrum,Equal Tee for 42.70 mm outer dia SS pipe,1260.0
2022,4,Trivandrum,Equal Tee for 48.60 mm outer dia SS pipe,1575.0
2022,4,Trivandrum,Reducing Tee for 22.22 mm X 15.88 mm outer dia SS pipe,315.0
2022,4,Trivandrum,Reducing Tee for 28.58 mm X 15.88 mm outer dia SS pipe,420.0
2022,4,Trivandrum,Reducing Tee for 28.58 mm X 22.22 mm outer dia SS pipe,440.0
2022,4,Trivandrum,Reducing Tee for 34.00 mm X 15.88 mm outer dia SS pipe,750.0
2022,4,Trivandrum,Reducing Tee for 34.00 mm X 22.22 mm outer dia SS pipe,755.0
2022,4,Trivandrum,Reducing Tee for 34.00 mm X 28.58 mm outer dia SS pipe,840.0
2022,4,Trivandrum,Reducing Tee for 42.70 mm X 15.88 mm outer dia SS pipe,1260.0
2022,4,Trivandrum,Reducing Tee for 42.70 mm X 22.22 mm outer dia SS pipe,1265.0
2022,4,Trivandrum,Reducing Tee for 42.70 mm X 28.58 mm outer dia SS pipe,1300.0
2022,4,Trivandrum,Reducing Tee for 42.70 mm X 34.00 mm outer dia SS pipe,1315.0
2022,4,Trivandrum,Reducing Tee for 48.60 mm X 15.88 mm outer dia SS pipe,1350.0
2022,4,Trivandrum,Reducing Tee for 48.60 mm X 22.22 mm outer dia SS pipe,1355.0
2022,4,Trivandrum,Reducing Tee for 48.60 mm X 28.58 mm outer dia SS pipe,1360.0
2022,4,Trivandrum,Reducing Tee for 48.60mm X 34.00 mm outer dia SS pipe,1400.0
2022,4,Trivandrum,Reducing Tee for 48.60mm X 42.70mm outer dia SS pipe,1410.0
2022,4,Trivandrum,Male thread Tee for 15.88 mm outer dia X 15 mm nominal dia threaded,515.0
2022,4,Trivandrum,Male thread Tee for 22.22 mm outer dia X 15 mm nominal dia threaded,600.0
2022,4,Trivandrum,Male thread Tee for 22.22 mm outer dia X 20 mm nominal dia threaded,675.0
2022,4,Trivandrum,Male thread Tee for 28.58 mm outer dia X 15 mm nominal dia threaded,700.0
2022,4,Trivandrum,Male thread Tee for 28.58 mm outer dia X 20 mm nominal dia threaded,860.0
2022,4,Trivandrum,Male thread Tee for 34.00 mm outer dia X 15 mm nominal dia threaded,1000.0
2022,4,Trivandrum,Male thread Tee for 34.00 mm outer dia X 20 mm nominal dia threaded,1050.0
2022,4,Trivandrum,Male thread Tee for 34.00 mm outer dia X 25 mm nominal dia threaded,1470.0
2022,4,Trivandrum,Male thread Tee for 34.00 mm outer dia X 32 mm nominal dia threaded,1680.0
2022,4,Trivandrum,Male thread Tee for 42.70 mm outer dia X 15 mm nominal dia threaded,1420.0
2022,4,Trivandrum,Male thread Tee for 42.70 mm outer dia X 20 mm nominal dia threaded,1575.0
2022,4,Trivandrum,Male thread Tee for 42.70 mm outer dia X 25 mm nominal dia threaded,1750.0
2022,4,Trivandrum,Male thread Tee for 42.70 mm outer dia X 32 mm nominal dia threaded,2100.0
2022,4,Trivandrum,Male thread Tee for 42.70 mm outer dia X 40 mm nominal dia threaded,2415.0
2022,4,Trivandrum,Male thread Tee for 48.60 mm outer dia X 15 mm nominal dia threaded,1575.0
2022,4,Trivandrum,Male thread Tee for 48.60 mm outer dia X 20 mm nominal dia threaded,1600.0
2022,4,Trivandrum,Male thread Tee for 48.60 mm outer dia X 25 mm nominal dia threaded,1800.0
2022,4,Trivandrum,Male thread Tee for 48.60 mm outer dia X 32 mm nominal dia threaded,2300.0
2022,4,Trivandrum,Male thread Tee for 48.60 mm outer dia X 40 mm nominal dia threaded,2600.0
2022,4,Trivandrum,Male thread Tee for 48.60 mm outer dia X 50 mm nominal dia threaded,3200.0
2022,4,Trivandrum,Female thread Tee for 15.88 mm outer dia X 15 mm nominal dia threaded,525.0
2022,4,Trivandrum,Female thread Tee for 22.22 mm outer dia X 15 mm nominal dia threaded,600.0
2022,4,Trivandrum,Female thread Tee for 22.22 mm outer dia X 20 mm nominal dia threaded,650.0
2022,4,Trivandrum,Female thread Tee for 28.58 mm outer dia X 15 mm nominal dia threaded,790.0
2022,4,Trivandrum,Female thread Tee for 28.58 mm outer dia X 20 mm nominal dia threaded,795.0
2022,4,Trivandrum,Female thread Tee for 28.58 mm outer dia X 25 mm nominal dia threaded,860.0
2022,4,Trivandrum,Female thread Tee for 34.00 mm outer dia X 15 mm nominal dia threaded,1175.0
2022,4,Trivandrum,Female thread Tee for 34.00 mm outer dia X 20 mm nominal dia threaded,1200.0
2022,4,Trivandrum,Female thread Tee for 34.00 mm outer dia X 25 mm nominal dia threaded,1365.0
2022,4,Trivandrum,Female thread Tee for 34.00 mm outer dia X 32 mm nominal dia threaded,1565.0
2022,4,Trivandrum,Female thread Tee for 42.70 mm outer dia X 15 mm nominal dia threaded,1575.0
2022,4,Trivandrum,Female thread Tee for 42.70 mm outer dia X 20 mm nominal dia threaded,1600.0
2022,4,Trivandrum,Female thread Tee for 42.70 mm outer dia X 25 mm nominal dia threaded,1785.0
2022,4,Trivandrum,Female thread Tee for 42.70 mm outer dia X 32 mm nominal dia threaded,1800.0
2022,4,Trivandrum,Female thread Tee for 42.70 mm outer dia X 40 mm nominal dia threaded,1900.0
2022,4,Trivandrum,Female thread Tee for 48.60 mm outer dia X 15 mm nominal dia threaded,1800.0
2022,4,Trivandrum,Female thread Tee for 48.60 mm outer dia X 20 mm nominal dia threaded,1860.0
2022,4,Trivandrum,Female thread Tee for 48.60 mm outer dia X 25 mm nominal dia threaded,1900.0
2022,4,Trivandrum,Female thread Tee for 48.60 mm outer dia X 32 mm nominal dia threaded,1950.0
2022,4,Trivandrum,Female thread Tee for 48.60 mm outer dia X 40 mm nominal dia threaded,2000.0
2022,4,Trivandrum,Female thread Tee for 48.60 mm outer dia X 50 mm nominal dia threaded,2400.0
2022,4,Trivandrum,Female threaded Connector/Adapter for 15.88 mm outer dia X 15 mm nominal threaded,230.0
2022,4,Trivandrum,Female threaded Connector/Adapter for 22.22 mm outer dia X 15 mm nominal threaded,365.0
2022,4,Trivandrum,Female threaded Connector/Adapter for 22.22 mm outer dia X 20 mm nominal threaded,380.0
2022,4,Trivandrum,Female threaded Connector/Adapter for 28.58 mm outer dia X 15 mm nominal threaded,420.0
2022,4,Trivandrum,Female threaded Connector/Adapter for 28.58 mm outer dia X 20 mm nominal threaded,425.0
2022,4,Trivandrum,Female threaded Connector/Adapter for 28.58 mm outer dia X 25 mm nominal threaded,525.0
2022,4,Trivandrum,Female threaded Connector/Adapter for 34.00 mm outer dia X 25 mm nominal threaded,650.0
2022,4,Trivandrum,Female threaded Connector/Adapter for 34.00 mm outer dia X 32 mm nominal threaded,850.0
2022,4,Trivandrum,Female threaded Connector/Adapter for 42.70 mm outer dia X 32 mm nominal threaded,900.0
2022,4,Trivandrum,Female threaded Connector/Adapter for 42.70 mm outer dia X 40 mm nominal threaded,1100.0
2022,4,Trivandrum,Female threaded Connector/Adapter for 48.60 mm outer dia X 40 mm nominal threaded,1200.0
2022,4,Trivandrum,Female threaded Connector/Adapter for 48.60 mm outer dia X 50 mm nominal threaded,1450.0
2022,4,Trivandrum,Male threaded Connector/Adapter for 15.88 mm outer dia X 15 mm nominal threaded,290.0
2022,4,Trivandrum,Male threaded Connector/Adapter for 22.22 mm outer dia X 15 mm nominal threaded,360.0
2022,4,Trivandrum,Male threaded Connector/Adapter for 22.22 mm outer dia X 20 mm nominal threaded,380.0
2022,4,Trivandrum,Male threaded Connector/Adapter for 28.58 mm outer dia X 20 mm nominal threaded,495.0
2022,4,Trivandrum,Male threaded Connector/Adapter for 28.58 mm outer dia X 25 mm nominal threaded,500.0
2022,4,Trivandrum,Male threaded Connector/Adapter for 34.00 mm outer dia X 25 mm nominal threaded,740.0
2022,4,Trivandrum,Male threaded Connector/Adapter for 34.00 mm outer dia X 32 mm nominal threaded,920.0
2022,4,Trivandrum,Male threaded Connector/Adapter for 42.70 mm outer dia X 32 mm nominal threaded,970.0
2022,4,Trivandrum,Male threaded Connector/Adapter for 42.70 mm outer dia X 40 mm nominal threaded,1000.0
2022,4,Trivandrum,Male threaded Connector/Adapter for 48.60 mm outer dia X 40 mm nominal threaded,1300.0
2022,4,Trivandrum,Male threaded Connector/Adapter for 48.60 mm outer dia X 50 mm nominal threaded,1800.0
2022,4,Trivandrum,Valve Connector for 15.88 mm outer dia X 15 mm nominal dia threaded,400.0
2022,4,Trivandrum,Valve Connector for 22.22 mm outer dia X 15 mm nominal dia threaded,470.0
2022,4,Trivandrum,Valve Connector for 22.22 mm outer dia X 20 mm nominal dia threaded,510.0
2022,4,Trivandrum,Valve Connector for 28.58 mm outer dia X 25 mm nominal dia threaded,750.0
2022,4,Trivandrum,Valve Connector for 34.00 mm outer dia X 32 mm nominal dia threaded,1150.0
2022,4,Trivandrum,Valve Connector for 42.70 mm outer dia X 40 mm nominal dia threaded,1500.0
2022,4,Trivandrum,Valve Connector for 48.60 mm outer dia X 50 mm nominal dia threaded,1960.0
2022,4,Trivandrum,Female Threaded Elbow 90o for 15.88 mm outer dia X 15 mm nominal dia threaded,350.0
2022,4,Trivandrum,Female Threaded Elbow 90o for 22.22 mm outer dia X 15 mm nominal dia threaded,470.0
2022,4,Trivandrum,Female Threaded Elbow 90o for 22.22 mm outer dia X 20 mm nominal dia threaded,490.0
2022,4,Trivandrum,Female Threaded Elbow 90o for 28.58 mm outer dia X 25 mm nominal dia threaded,650.0
2022,4,Trivandrum,Female Threaded Elbow 90o for 34.00 mm outer dia X 32 mm nominal dia threaded,1240.0
2022,4,Trivandrum,Female Threaded Elbow 90o for 42.70 mm outer dia X 32 mm nominal dia threaded,1500.0
2022,4,Trivandrum,Female Threaded Elbow 90o for 42.70 mm outer dia X40 mm nominal dia threaded,1600.0
2022,4,Trivandrum,Female Threaded Elbow 90o for 48.60 mm outer dia X 40 mm nominal dia threaded,1800.0
2022,4,Trivandrum,Female Threaded Elbow 90o for 48.60 mm outer dia X 50 mm nominal dia threaded,2100.0
2022,4,Trivandrum,Male Threaded Elbow 90o for 15.88 mm outer dia X 15 mm nominal dia threaded,410.0
2022,4,Trivandrum,Male Threaded Elbow 90o for 22.22 mm outer dia X 15 mm nominal dia threaded,470.0
2022,4,Trivandrum,Male Threaded Elbow 90o for 22.22 mm outer dia X 20 mm nominal dia threaded,490.0
2022,4,Trivandrum,Male Threaded Elbow 90o for 28.58 mm outer dia X 25 mm nominal dia threaded,615.0
2022,4,Trivandrum,MaleThreaded Elbow 90o for 34.00 mm outer dia X 25 mm nominal dia threaded,1000.0
2022,4,Trivandrum,Male Threaded Elbow 90o for 34.00 mm outer dia X 32 mm nominal dia threaded,1250.0
2022,4,Trivandrum,Male Threaded Elbow 90o for 42.70 mm outer dia X 32 mm nominal dia threaded,1600.0
2022,4,Trivandrum,Male Threaded Elbow 90o for 42.70 mm outer dia X40 mm nominal dia threaded,1725.0
2022,4,Trivandrum,Male Threaded Elbow 90o for 48.60 mm outer dia X 40 mm nominal dia threaded,1920.0
2022,4,Trivandrum,Male Threaded Elbow 90o for 48.60 mm outer dia X 50 mm nominal dia threaded,2300.0
2022,4,Trivandrum,Cap for 15.88 mm outer dia pipe,75.0
2022,4,Trivandrum,Cap for 22.22 mm outer dia pipe,110.0
2022,4,Trivandrum,Cap for 28.58 mm outer dia pipe,150.0
2022,4,Trivandrum,Cap for 34.00 mm outer dia pipe,300.0
2022,4,Trivandrum,Cap for 42.70 mm outer dia pipe,450.0
2022,4,Trivandrum,Cap for 48.60 mm outer dia pipe,550.0
2022,4,Trivandrum,Pipe Bridge for 15.88 mm outer dia pipe,460.0
2022,4,Trivandrum,Pipe Bridge for 28.58 mm outer dia pipe,680.0
2022,4,Trivandrum,4 Point facade glass bracket,5500.0
2022,4,Trivandrum,2 Point facade glass bracket,2500.0
2022,4,Trivandrum,1 Point facade glass bracket,2100.0
2022,4,Trivandrum,Flate head bolt,870.0
2022,4,Trivandrum,400 fin plate at top,11100.0
2022,4,Trivandrum,Micro Silica,65.0
2022,4,Trivandrum,Stop end tubes for diaphragmwall 600 mm dia.,10.0
2022,4,Trivandrum,Driving end tubes for diaphragm wall 600 mm dia.,130.0
2022,4,Trivandrum,Bi-Axial Extruded GeoGrid of Minimum Tensile Strength 15 kN/m in the longitudinal and transverse direction,180.0
2022,4,Trivandrum,Bi-Axial Extruded GeoGrid of Minimum Tensile Strength 20 kN/m in the longitudinal and transverse direction,180.0
2022,4,Trivandrum,Bi-Axial Extruded GeoGrid of Minimum Tensile Strength 30 kN/m in the longitudinal and transverse direction,300.0
2022,4,Trivandrum,Bi-Axial Extruded GeoGrid of Minimum Tensile Strength 40 kN/m in the longitudinal and transverse direction,465.0
2022,4,Trivandrum,"Geosynthetic drainage with two filtering nonwoven geotextiles having a ""W"" configuration as longitudinal parallel channels.  Minimum thickness to be 7.2 mm, with two filtering UV stabilized polypropylene nonwoven geotextile of minimum thickness of 0.75mm having pores of 150 micron and tensile strength of 8.0 kN/m and having plane flow capacity of 2.1 L/(m.s) at hydraulic gradient of 1.0 & 20kPa pressure tensile strength of 18kN/m with mass per unit area of 740 gsm",990.0
2022,4,Trivandrum,"Geosynthetic drainage composite havign thermobonding a draining core -HDPE geonet comprise to two set of parallel overlyed ribs integrally connected to have a rhomboidal shape with polyethylene film and a non woven geotextile having mass per unit are 130g/m2 and tensile strength of 8.0 kN/m having a plane flow capacity of 0.7 L/(m.s) at hydraulic gradient of 1.0 & 20 kPa pressure and tensile stength of 13.5 kN/m, with mass per unit are of 830 gsm",1200.0
2022,4,Trivandrum,Synthetic Geogrid having Ultimate tensile strength - 100kN/m,450.0
2022,4,Trivandrum,Synthetic Geogrid Ultimate tensile strength - 150kN/m,450.0
2022,4,Trivandrum,Synthetic Geogrid Ultimate tensile strength - 200kN/m,520.0
2022,4,Trivandrum,Synthetic Geogrid Ultimate tensile strength - 250kN/m,570.0
2022,4,Trivandrum,Synthetic Geogrid Ultimate tensile strength - 300kN/m,600.0
2022,4,Trivandrum,Synthetic Geogrid Ultimate tensile strength - 350kN/m,650.0
2022,4,Trivandrum,Synthetic Geogrid Ultimate tensile strength - 400kN/m,700.0
2022,4,Trivandrum,Synthetic Geogrid Ultimate tensile strength - 500kN/m,850.0
2022,4,Trivandrum,Synthetic Geogrid Ultimate tensile strength - 600kN/m,890.0
2022,4,Trivandrum,Synthetic Geogrid Ultimate tensile strength - 700kN/m,1150.0
2022,4,Trivandrum,Synthetic Geogrid Ultimate tensile strength - 800kN/m,1200.0
2022,4,Trivandrum,Synthetic Geogrid Ultimate tensile strength - 900kN/m,1400.0
2022,4,Trivandrum,Synthetic Geogrid Ultimate tensile strength - 1000kN/m,1700.0
2022,4,Trivandrum,Synthetic Geogrid Ultimate tensile strength - 1100kN/m,1750.0
2022,4,Trivandrum,Synthetic Geogrid Ultimate tensile strength - 1200kN/m,1800.0
2022,4,Trivandrum,"Aluminium profile industrial troughed sheet of alloy 31500/31000/40800, conforming to IS 1254, IS 737,IS 2676, 0.71 mm thick, the profile detail width 1044/920 mm, cover width 1000/875 mm",1300.0
2022,4,Trivandrum,"Aluminium profile industrial troughed sheet of Alloy 31500/31000/40800 conforming to IS 1254, IS 737, IS 2676, 0.91 mm thick, the profile detail width 1044/920 mm, cover width 1000/875 mm",1450.0
2022,4,Trivandrum,C.P Brass Centre Hole basin mixer with cast spout,2300.0
2022,4,Trivandrum,C.P. Brass Centre Hole Basin Mixer With Cast Spout ( Kigston/Marc/Prima/ Parko/ Hindware,3.0
2022,4,Trivandrum,Petrol,117.0
2022,4,Trivandrum,Carriage,0.0
2022,4,Trivandrum,Carriage and sundries,0.0
2022,4,Trivandrum,Sundries,2.5
2022,4,Trivandrum,Neelgiri grass turf with earth 50mm To 60mm thicknes,200.0
2022,4,Trivandrum,Mexican grass turf with earth 50mm To 60mm thickness,205.0
2022,4,Trivandrum,Rolling or ramming of ground turf (Grass,20.0
2022,4,Trivandrum,Selection No.1 grass turf with earth 50mm To 60mm thickness,70.0
2022,4,Trivandrum,Bermuda Grass or Doob Grass,42.0
2022,4,Trivandrum,Floral foam brick (premium quality/High density) (1 Box containing 20 bricks,820.0
2022,4,Trivandrum,"River Pabbles size of 2"" to 2.50"" dia in natural colour",565.0
2022,4,Trivandrum,Selection No.1 grass at site fresh & from weeds,72.0
2022,4,Trivandrum,PVC Hexagonal net (Tuflex or equivalent,135.0
2022,4,Trivandrum,Bamboo 18 to 20cm grith and 90 cm Height,65.0
2022,4,Trivandrum,"Providing of Aglaonema Parrot Jungle plant (three in one), having ht. 30 cm and above with 20 to 25 leaves, well developed, fresh & healthy in 25 cm size of Earthen pot / Plastic pot.",117.0
2022,4,Trivandrum,"Providing of Aglaonema dove variety Plant, having ht. 30 cm to 45 cm with 8 to 10 leaves, well developed, fresh and healthy in 25 cm size of Earthen pot / Plastic pot.",117.0
2022,4,Trivandrum,"Providing of Aglaonema Pseudo bractatum plants, having ht. 30 cm and above with 3 to 4 suckers & 20 to 25 leaves, well developed, fresh and healthy in 25 cm size of Earthen pot / Plastic pot.",122.0
2022,4,Trivandrum,"Providing of Aglaonema Snow White hybrid plant (three in one), having ht. 30 cm & above with 6 to 8 leaves, bright colour, well developed, fresh and healthy in 25 cm size of Earthen pot / Plastic pot. (Specimen Plant).",117.0
2022,4,Trivandrum,"Providing of Aglaonema Silver Queen plant, having ht. 30 cm to 45 cm. with 12 to 15 leaves, multi suckers, well developed, fresh and healthy in 25 cm size of Earthen pot / Plastic pot.",245.0
2022,4,Trivandrum,"Providing of Aglaonema Ernesto Plant (three in one), having ht. 45 cm & above with 12 to 15 leaves,well developed, fresh and healthy in 25 cm size of Earthen pot / Plastic pot.",185.0
2022,4,Trivandrum,"Providing of Aglaonema marentifolium variety plant, having ht. 23 cm to 30 cm with 8 to 10 leaves, well developed, fresh and healthy with colourfull leaves in 20 cm size of Earthen pot / Plastic pot.",172.0
2022,4,Trivandrum,"Providing of Aglaonema Modestum plant, having ht. 23 cm to 30 cm with 3 to 4 suckers & 15 to 20 leaves,well developed, fresh and healthy in 25 cm size of Earthen pot / Plastic pot.",117.0
2022,4,Trivandrum,"Providing of Aglaonema nitida plant, having ht. 30 cm to 45 cm with 8 to 10 leaves, well developed, fersh and healthy with attractive leaves in 25 cm size of Earthen pot / Plastic pot.",122.0
2022,4,Trivandrum,"Providing of Araucaria cookie plant, having ht. 60 cm to 75 cm, straight, well developed, fresh and healthy with lush green leaves from bottom to top in 20 cm size of Earthen pot / Plastic pot.",210.0
2022,4,Trivandrum,"Providing of Araucaria cookie plant, having ht. 75 cm to 90 cm, straight, well developed, fresh and healthy with lush green leaves from bottom to top in 25 cm size of Earthen pot / Plastic pot.",345.0
2022,4,Trivandrum,"Providing of Araucaria cookii plant, having ht.1.20 m to 1.35 m, straight, well developed, fresh and healthy with lush green leaves from bottom to top in 25 cm size of Earthen pot / Plastic pot.",510.0
2022,4,Trivandrum,"Providing of Araucaria cookii plant, having ht.1.80 m to 1.95 m, straight, well developed, fresh and healthy with lush green leaves from bottom to top in 30 cm size of Earthen pot / Plastic pot.",680.0
2022,4,Trivandrum,"Providing of Areca Palm plant, having ht. 90 cm to 1.20 m with 4 to 5 suckers, well developed, fresh and healthy with lush green foliage in 20 cm size of Earthen pot / Plastic pot.",245.0
2022,4,Trivandrum,"Providing of Areca Palm plant, having ht. 1.20 m to 1.50 m with 5 to 6 suckers, well developed, fresh and healthy with lush green foliage in 25 cm size of Earthen pot / Plastic pot",295.0
2022,4,Trivandrum,"Providing of Areca palm plant, having ht. 1.50 m to 1.80 m with 6 to 8 suckers, well developed, fresh and healthy with lush green foliage in 25 cm size of Earthen pot / Plastic pot.",345.0
2022,4,Trivandrum,"Providing of Areca Palm plant, having ht. 1.80 m to 2.10 m with 8 to 10 suckers, well developed, fresh and healthy with lush green foliage in 30 cm size of Earthen pot / Plastic pot.",390.0
2022,4,Trivandrum,"Providing of Areca Palm plant, having ht. 2.40 m to 2.70 m with 12 to 14 suckers, well developed, fresh and healthy with lush green foliage in 35 cm size of Bucket type cement pots",617.0
2022,4,Trivandrum,"Providing of Brassia Varigated plant, having ht. 30 cm, well developed with fresh and healthy foliage in 20 cm size of Earthen pot / Plastic pot",157.0
2022,4,Trivandrum,"Providing of Brassia Varigated plant, having ht. 30 cm to 45 cm, well developed with fresh and healthy foliage in 25 cm size of Earthen pot / Plastic pot.",222.0
2022,4,Trivandrum,"Providing of Chamaedorea elegans palm plant, having ht. 60 cm to 75 cm, well developed with fresh and healthy leaves in 25 cm size of Earthen pot / Plastic pot",227.0
2022,4,Trivandrum,"Providing of Croton Challanger variety plant, having ht. 30cm and above, well developed with full of fresh and healthy leaves in 20 cm size of Earthen pot / Plastic pot",117.0
2022,4,Trivandrum,"Providing of Croton baby golden variety plant, having ht.30 cm and above, well developed with full of fresh and healthy leaves in 20 cm size of Earthen pot / Plastic pot.",117.0
2022,4,Trivandrum,"Providing of Croton Baby Golden Punctatumaureum plant, having ht. 23 cm to 30 cm, well developed with fresh and healthy foliage in 15 cm size of Earthen pot / Plastic po",112.0
2022,4,Trivandrum,"Providing of Croton Golden plant, having ht. 45 cm to 60 cm with 2 to 3 branches, well developed, fresh and healthy foliage in 25 cm size of Earthen pot / Plastic pot.",117.0
2022,4,Trivandrum,"Providing of Croton Baby Golden plant (three in one), having ht. 30cm, multi brancheses, well developed with fresh and healthy foliage in 25 cm size of Earthen pot / Plastic pot.",117.0
2022,4,Trivandrum,"Providing of Croton golden (Broad Leaves) plant, having ht. 60 cm to 75 cm with 3 to 4 brancheses, well developed, fresh and healthy leaves in 25 cm size of Earthen pot / Plastic pot",117.0
2022,4,Trivandrum,"Providing of Croton Golden specimen plant, having ht. 90 cm to 1.05 cm with 5 to 6 branches, well developed, fresh and healthy foliage in 30 cm size of Earthen pot / Plastic pot.",227.0
2022,4,Trivandrum,"Providing of Croton Duck foot (Elite) plant, having ht. 45 cm and above with 3 to 4 branches, well developed, fresh and healthy leaves in 25 cm size of Earthen pot / Plastic pot.",227.0
2022,4,Trivandrum,"Providing of Croton Duck Foot (Elite) plant, having ht. 60 cm to 75 cm with 4 to 5 branches, well developed, fresh and healthy colourfull leaves in 25 cm size of Earthen pot / Plastic pot.",425.0
2022,4,Trivandrum,"Providing of Croton petra Banglore variety plant, having ht 45 cm & above, well develooped with fresh and healthy leaves in 20 cm size of Earthen pot / Plastic pot.",227.0
2022,4,Trivandrum,"Providing of Croton petra plant, having ht. 45 cm & above with 2 to 3 branches, well developed, fresh and healthy leaves in 25 cm size of Earthen pot / Plastic pot.",227.0
2022,4,Trivandrum,"Providing of Croton petra Bangalore variety plant, having ht. 60 cm to 75 cm with 4 to 6 branches, well developed, fresh and healthy colourfull leaves in 25 cm size of Earthen pot / Plastic pot.",507.0
2022,4,Trivandrum,"Providing of Speciman Croton Petra Banglore variety plant, having ht. 60 cm to 75 cm with 4 to 6 branches, well developed, fresh & healthy foliage approximately 60-65 leaves in 30 cm size of Earthen pot / Plastic pot.",668.0
2022,4,Trivandrum,"Providing of Diffenbachia Tropicsnow plant, having ht. 60 cm & above with 8 - 10 leaves, well developed, fresh & healthy in 25 cm size of Earthen pot / Plastic pot",117.0
2022,4,Trivandrum,"Providing of Diffenbachia mosaic plant, having ht. 30cm to 45 cm with 1012 leaves, well developed, fresh and healthy in 25 cm size of Earthen pot / Plastic pot.",117.0
2022,4,Trivandrum,"Providing of Dieffenbachia (Meaclata) plant, having ht. 45 cm to 60 cm with 5 and above leaves, well developed, fresh and healthy & attractive varigated foliage in 25 cm size of Earthen pot / Plastic pot.",200.0
2022,4,Trivandrum,"Providing of Dracaena Song of india plant (three in one), having ht. 30 cm and above, multibranched, well developed with fresh and healthy leaves in 25 cm size of Earthen pot / Plastic pot.",152.0
2022,4,Trivandrum,"Providing of Dracaena song of India specimen plant (three in one), having ht. 60 cm & above, well developed, fresh and healthy with good foliage in 25 cm size of Earthen pot / Plastic pot.",188.0
2022,4,Trivandrum,"Providing of Draceana Song of India Green plant (three in one), having ht. 30 cm, well developed, fresh & healthy, lush green foliage from bottom to top in 20 cm size of Earthen pot / Plastic pot.",117.0
2022,4,Trivandrum,"Providing of Dracaena Kedarnath plant, having ht. 30 cm & above, well developed with good colourful foliage in 20 cm size of Earthen pot / Plastic pot",67.0
2022,4,Trivandrum,"Providing of Dracaena margineta plant, having ht. 30 cm to 45 cm with colourfull leaves, fresh and healthy in 20 cm size of Earthen pot / Plastic pot",83.0
2022,4,Trivandrum,"Providing of Dracaena mahatma plant, having ht. 30 cm to 45 cm, well developed, fresh and healthy foliage in 20 cm size of Earthen pot / Plastic pot.",83.0
2022,4,Trivandrum,"Providing of Dracaena rosea plant, having ht. 30 cm & above with 8 to10 leaves, well developed, fresh and healthy in 20 cm size of Earthen pot / Plastic pot.",67.0
2022,4,Trivandrum,"Providing of Dracaena victoria plant, having ht. 30 cm & above, well developed with full of leaves, fresh and healthy in 25 cm size of Earthen pot / Plastic pot.",93.0
2022,4,Trivandrum,"Providing of Dracaena fragrans�Massangeana�� plant, having ht. 30 cm & above with full of leaves, well developed, fresh and healthy in 25 cm size of Earthen pot / Plastic pot.",93.0
2022,4,Trivandrum,"Providing of Draceana waranickii plant, having ht. 30 cm to 45 cm. with good colour foliage, well developed, fresh and healthy in 20 cm size of Earthen pot / Plastic pot",93.0
2022,4,Trivandrum,"Providing of Livistona palm plant, having ht. 30 cm to 45 cm, well developed with 5 to 6 leaves, fresh & healthy foliage in 25 cm size of Earthen pot / Plastic pot.",93.0
2022,4,Trivandrum,"Providing of Livistona palm plant, having ht. 60 cm to 75 cm, well developed with 8 to 10 leaves, fresh & healthy foliage in 30 cm size of Earthen pot / Plastic pot.",224.0
2022,4,Trivandrum,"Providing of Monestaria plant mounted on moss stick 90 cm ht., 2 to 3 plant in one pot well developed with fresh & healthy foliage in 25 cm size of Earthen pot / Plastic pot.",282.0
2022,4,Trivandrum,"Providing of Money Plant Broad Leaves mounted on moss stick 90 cm ht., 3 to 4 plants in each pot, well developed with full of fresh & healthy leaves in size of 25 cm Top dia x 18 cm Bottom dia x 25 cm Perpendicular height Earthen pot / Plastic pot.",227.0
2022,4,Trivandrum,"Providing of Money Plant Broad Leaves mounted on moss stick 1.20 m ht., 5 to 6 plants in each pot, well developed with full of fresh & healthy leaves in size of 25 cm Top dia x 18 cm Bottom dia x 25 cm Perpendicular height Earthen pot / Plastic pot.",258.0
2022,4,Trivandrum,"Providing of Money Plant Golden leaves mounted on moss stick 90cm ht., having 3 plants at equal distance, well developed with full of fresh, shinning and healthy leaves from bottom to top in 25 cm size of Earthen pot / Plastic pot.",227.0
2022,4,Trivandrum,"Providing of Philodendron Burgundy plant mounted on moss stick 90 cm ht., well developed with full of fresh & healthy leaves from bottom to top in 25 cm size of Earthen pot / Plastic pot.",282.0
2022,4,Trivandrum,"Providing of Philodendron emrald red colour plant, mounted on moss stick 90 cm ht., having 3 plants placed at equal distance, well developed with full of fresh & healthy leaves in 25 cm size of Earthen pot / Plastic pot.",558.0
2022,4,Trivandrum,"Providing of Philodendron Envy plant, mounted on moss stick 90 cm ht., well developed with full of fresh & healthy leaves in 30 cm size of Earthen pot / Plastic pot.",612.0
2022,4,Trivandrum,"Providing of Philodendron Oxicodium plant, mounted on moss stick 90 cm ht., having 3 plants placed at equal distance, well developed with full of fresh & healthy leaves in 25 cm size of Earthen pot / Plastic pot.",227.0
2022,4,Trivandrum,"Providing of Philodendron Oxicodium Golden Colour plant, Mounted on moss stick 90 cm ht., having 3 plants placed at equal distance, well developed with full of fresh & healthy leaves in 25 cm Top dia x 18 cm Bottom dia x 25 cm Perpendicular height Earthen pot / Plastic pot.",227.0
2022,4,Trivandrum,"Providing of Philodendron Oxicodium Golden Colour plant, Mounted on moss stick 1.20 m ht., having 3 to 4 plants placed at equal distance, well developed with full of fresh & healthy leaves in 25 cm size of Earthen pot / Plastic pot.",258.0
2022,4,Trivandrum,"Providing of Philodendron Oxicodium plant, mounted on moss stick 1.20 m ht., having 3 plants placed at equal distance, well developed with full of fresh & healthy leaves in 25 cm size of Earthen pot / Plastic pot.",283.0
2022,4,Trivandrum,"Providing of Philodendron sellum plant, having ht. 30 cm to 45 cm with 8 to 10 leaves, well devleoped, fresh and healthy foliage in 25 cm size of Earthen pot / Plastic pot",283.0
2022,4,Trivandrum,"Providing of Philodendron sellum plant, having ht. 45 cm to 60 cm with 12 to 16 leaves, well developed, fresh and healthy foliage in 30 cm size of Earthen pot / Plastic pot.",283.0
2022,4,Trivandrum,"Providing of Philodendron ceylon gold plant, having ht. 30 cm to 45 cm with 8 to10 leaves, well developed, fresh & healthy bright colour leaves in 15 cm size of Earthen pot / Plastic pot.",283.0
2022,4,Trivandrum,"Providing of Philodendron moonlight plant, having ht. 30 cm to 45 cm with 10 to 12 leaves, well developed, fresh & healthy bright colour leaves in 25 cm size of Earthen pot / Plastic pot.",312.0
2022,4,Trivandrum,"Providing of Phoenix palm plant, having ht. 75 cm to 90 cm with 10 to 15 or more leaves, well developed, fresh and healthy in 25 cm size of Earthen pot / Plastic pot.",341.0
2022,4,Trivandrum,"Providing of Raphis palm plant, having ht. 45 cm to 60 cm with 5 to 7 suckers, well developed, full of fresh and healthy leaves in 25 cm size of Earthen pot / Plastic pot.",337.0
2022,4,Trivandrum,"Providing of Raphis palm plant, having ht. 75 cm to 90 cm with 12 to 15 equal suckers, well developed, full of fresh & healthy leaves from bottom to top in 25 cm size Earthen pot / Plastic pot.",802.0
2022,4,Trivandrum,"Providing of Raphis Palm plant, having ht. 75 cm to 90 cm with 15 to 18 equal suckers, well developed, full of fresh and healthy leaves from bottom to top in 35 cm PVC Pots/C.Pots.",990.0
2022,4,Trivandrum,"Providing of Raphis palm specimen plant, having ht. 1.50 m to 1.65 m with 40 to 50 lush green suckers, well developed, fresh & healthy foliage leaves in 40 cm size of Earthen Pot / Chali / Tray.",1435.0
2022,4,Trivandrum,"Providing of Ceporthia Palm plant, having ht. 90cm to 1.20 m with 6-8 suckers, well developed, fresh and healthy lush green leaves from bottom to top in 20 cm size of Earthen pot / Plastic pot.",507.0
2022,4,Trivandrum,"Providing of Ceporthia Palm plant, having ht. 1.20 m. to 1.50 m. with 8-10 suckers, well developed, fresh and healthy lush green leaves from bottom to top in 25 cm size of Earthen pot / Plastic pot.",608.0
2022,4,Trivandrum,"Providing of Ceporthia Palm plant, having ht. 1.50 m to 1.80 m with 12-15 suckers, well developed, fresh and healthy lush green leaves from bottom to top in 30 cm size of Earthen pot / Plastic pot.",775.0
2022,4,Trivandrum,"Providing of Sanchezia nobilis plant, having ht. 30 cm & above, well developed with fresh & healthy foliage in 20 cm size of Earthen pot / Plastic pot.",78.0
2022,4,Trivandrum,"Providing of Schefflera high colour plant, having ht. 23 cm to 30 cm, well developed with fresh & healthy foliage in 20 cm size of Earthen pot / Plastic pot.",57.0
2022,4,Trivandrum,"Providing ofSchefflera high colour plant (three in one), having ht. 23 cm to 30 cm, well developed with fresh and healthy foliage in 25 cm size of Earthen pot / Plastic pot.",168.0
2022,4,Trivandrum,"Providing of Schefflera Green plant (three in one), mounted on moss stick 90 cm, well developed with full of fresh & healthy leaves from bottom to top with rich foliage in 25 cm size of Earthen pot / Plastic pot.",312.0
2022,4,Trivandrum,"Providing of Schieflera Verigated plant, mounted on moss stick 90 cm ht., 3 to 4 plants placed in each pot at equal distance, well developed with full of fresh & healthy bright leaves from bottom to top in 25 cm size of Earthen pot / Plastic pot.",387.0
2022,4,Trivandrum,"Providing of Syngonium golden plant, mounted on moss stick 90 cm ht., 3 to 4 plants placed in each pot at equal distance, well developed with full of fresh & healthy leaves from bottom to top in 25 cm size of Earthen pot / Plastic pot.",198.0
2022,4,Trivandrum,"Providing of Syngonium Verigated plant, mounted on moss stick 90 cm ht., 3 to 4 plants placed in each pot at equal distance, well developed with full of fresh & healthy leaves from bottom to top in 25 cm size of Earthen pot / Plastic pot",244.0
2022,4,Trivandrum,Providing Plant Allyssum white in full bloom well developed fresh & healthy Plant in 20 cm Earthen Pot/Plastic Pot.,97.0
2022,4,Trivandrum,Providing Plant Anemone hybrid (3 in one) variety well developed with fresh & healthy Flower in full bloom in 25 cm Earthen Pot/Plastic Pot.,112.0
2022,4,Trivandrum,Providing Plant Antirrhinum Hybrid Dwarf variety (3 in one) well developed with fresh & healthy Flower multi branch in full bloom in 25 cm Earthen Pot/Plastic Pot.,335.0
2022,4,Trivandrum,"Providing Plant Antirrhinum Hybrid dwarf variety, specimen (8-10 plants) with fresh & healthy foliage in full bloom well developed in 35 cm Earthen Tray/Challi Pot",662.0
2022,4,Trivandrum,"Providing Plant Antirrhinum variety, well developed, fresh & healthy multi branched 30 to 45 cm ht, in full bloom with stacking in 30 cm Earthen Pot/Plastic Pot.",334.0
2022,4,Trivandrum,Providing Plant Asiatic lilly hybrid variety (3 in one) plants in each pot having in full bloom 3 to 5 flowers 30 to 45 cm ht. well developed in 25 cm Earthen Pot/Plastic Pot,243.0
2022,4,Trivandrum,"Providing Plant Aster Hybrid variety in different colour, well developed with fresh & healthy foliage in full bloom 23 to 30 cm ht., in 20 cm Earthen Pot/Plastic Pot.",135.0
2022,4,Trivandrum,"Providing Plant Bigonia rex having 15 to 23 cm ht., well developed with fresh & healthy foliage with 10 to 12 flowers in bloom in 20 cm Earthen Pot/Plastic Pot.",135.0
2022,4,Trivandrum,Providing Plant Brachycome well developed with fresh & healthy foliage with 100 to 120 flowers stacking with green painted bamboo stick in 25 cm Earthen Pot/Plastic Pot.,177.0
2022,4,Trivandrum,Providing Plant Calceolaria hybrid variety in full bloom well developed with fresh & healthy foliage in 20 cm Earthen Pot/Plastic Pot.,177.0
2022,4,Trivandrum,Providing Plant Calendula double variety well developed with fresh & healthy foliage in full bloom in 20 cm Earthen Pot/Plastic Pot.,112.0
2022,4,Trivandrum,"Providing Plant Chrysenthemum double variety, well developed, having 45 to 60 cm ht., with 6 and above flowers with half blooming condition, fresh and healthy with bamboo stacking in 25 cm Earthen Pot",177.0
2022,4,Trivandrum,"Providing Plant Chrysenthemum single variety in different colour well developed having 45 to 60 cm ht., minimum 100 and above half bloom flowers open well stacked with bamboo stick having three layer tiding by thread fresh and healthy foliage in 25 cm Earthen Pot",225.0
2022,4,Trivandrum,"Providing Plant Chrysenthemum single named variety in different colour well developed, having 45 to 60 cm ht., minimum 150 and above half bloom flowers well stacked with bamboo stick having three layer tiding by thread fresh and healthy foliage in 30 cm Earthen Pot",225.0
2022,4,Trivandrum,Providing Plant Cineraria dwarf in different colour with fresh & healthy foliage well developed in 20 cm Earthen Pot/Plastic Pot,112.0
2022,4,Trivandrum,Providing Plant Cineraria Hybrid dwarf variety in different colour well developed with fresh & healthy foliage in bloom in 25 cm Earthen Pot/Plastic Pot.,112.0
2022,4,Trivandrum,"Providing Plant Cinereria long 45 to 60 cm ht., 8 to 10 branch with full bloom specimen plant with green painted stacking in 30 cm Earthen Pot/Plastic Pot",225.0
2022,4,Trivandrum,"Providing Plant Clarkia well developed with fresh & healthy foliage, 5 to 6 branch in full bloom with stacking in 25 cm Earthen Pot/Plastic Pot",225.0
2022,4,Trivandrum,"Providing Plant Clianthus well developed,with fresh & healthy foliage in bloom 30 to 45 cm ht., with stacking in 25 cm Earthen Pot/Plastic Pot.",168.0
2022,4,Trivandrum,Providing Plant Coleus broad leaves having 3 to 4 branches equal well developed with fresh & healthy foliage in different colour in 25 cm Earthen Pot/Plastic Pot.,85.0
2022,4,Trivandrum,Providing Plant Coleus broad leaves having 5 to 6 branches equal well developed with fresh & healthy foliage in different colour in 25 cm Earthen Pot/Plastic Pot.,112.0
2022,4,Trivandrum,Providing Plant Cyclemen hybrid variety fresh & healthy in full bloom well developed in 25 cm Earthen Pot/Plastic Pot.,333.0
2022,4,Trivandrum,Providing Plant Cyclemen hybrid variety specimen 5-6 plants fresh & healthy in full bloom well developed in 35 cm Earthen Tray/ Nand.,1255.0
2022,4,Trivandrum,"Providing Plant Dahlia double kenya variety in different colour well developed with 3 to 4 flowers in half bloom, good foliage stacked with Green painted Bamboo sticks, 45 to 60 cm height in 25 cm Earthen Pot/Plastic Pot",138.0
2022,4,Trivandrum,Providing Plant Dahlia single in different colour with fresh & healthy foliage well developed with 6 to 8 half blooming buds in 20 cm Earthen Pot/Plastic Pot.,57.0
2022,4,Trivandrum,Providing Plant Daisy well developed with fresh & healthy foliage in full bloom in 20 cm Earthen Pot/Plastic Pot.,57.0
2022,4,Trivandrum,Providing Plant Dianthus dwarf in different colour fresh & healthy bloom in 20 cm Earthen Pot/Plastic Pot.,57.0
2022,4,Trivandrum,Providing Plant Dianthus dwarf specimen 6-8 plants with fresh & healthy foliage in full bloom well developed in 35 cm Earthen Tray/Nand,555.0
2022,4,Trivandrum,"Providing Plant Dianthus in different colour well developed with fresh & healthy foliage 30 cm ht., in full bloom with stacking in 25 cm Earthen Pot/Plastic Pot.",112.0
2022,4,Trivandrum,"Providing Plant Fressia hybrid 6 to 8 plants in full bloom, with fresh and healthy flower and foliage stacked with Green painted bamboo sticks in 25 cm Earthen Pot/Plastic Pot.",172.0
2022,4,Trivandrum,Providing Plant Gazania hybrid in different colour well developed with fresh & healthy foliage with full bloom in 25 cm Earthen Pot/Plastic Pot,87.0
2022,4,Trivandrum,"Providing Plant Geranium double variety having 30 cm ht., in different colour well developed with fresh & healthy foliage (3 in one) well",168.0
2022,4,Trivandrum,"Providing Plant Gerbera Hybrid, well developed, with fresh and healthy foliage, fully blooms in 25 cm Earthen Pot/Plastic Pot.",112.0
2022,4,Trivandrum,Providing Plant Helianthus different colour with full bloom (3 in one) fresh & healthy in 25 cm Earthen Pot/Plastic Pot. well developed,285.0
2022,4,Trivandrum,Providing Plant Impatiens in different colour well developed fresh and healthy (3 in one) well bloomed in 25 cm Earthen Pot/Plastic Pot.,167.0
2022,4,Trivandrum,Providing Plant Marigold jaffri dwarf in different colour well developed with fresh & healthy foliage with 12 to 15 flowers in full bloom specimen plant 23 to 30 cm ht. in 20 cm Earthen Pot/Plastic Pot.,57.0
2022,4,Trivandrum,Providing Plant Marigold jaffri orange/yellow/Russet colour well developed with fresh & healthy foliage with 40 to 50 flowers in bloom specimen plant 60 to 75 cm ht in 25 cm Earthen Pot/Plastic Pot.,202.0
2022,4,Trivandrum,Providing Plant Marigold jaffri french orange/yellow/Russet colour well developed with fresh & healthy foliage with 60 to 75 flowers in bloom specimen plant 60 to 75 cm ht in 30 cm Earthen Pot/Plastic Pot.,144.0
2022,4,Trivandrum,Providing Plant Kalanchoe Hybrid variety in different colour well developed with fresh & healthy foliage in full bloom in 20 cm Earthen pot/Plastic Pot.,112.0
2022,4,Trivandrum,"Providing Plant Marigold(Tagetes) inca hybrid different colour having 30 cm and above ht., with 6 to 8 flowers in bloom & blooming condition, well developed pot should be fully covered with fresh and healthy, foliage and flowers in 20 cm Earthen Pot/Plastic Pot.",87.0
2022,4,Trivandrum,Providing Plant Mimulus multi branching bushy plant in different colour well developed fresh & healthy in full bloom in 20 cm Earthen Pot in 20 cm Earthen Pot/Plastic Pot.,112.0
2022,4,Trivandrum,Providing Plant Missbranthemum in different colour well developed with fresh & healthy foliage in full bloom in 20 cm Earthen Pot/Plastic Pot.,57.0
2022,4,Trivandrum,Providing Plant Nemasia well developed with fresh & healthy with good attractive foliage full blooming in 20 cm Earthen Pot/Plastic Pot.,87.0
2022,4,Trivandrum,Providing Plant Nasturtium in different colour well developed with fresh & healthy foliage with full bloom in 25 cm Earthen Pot in 20 cm Earthen Pot/Plastic Pot.,87.0
2022,4,Trivandrum,Providing Plant Ornamental Kale Hybrid variety in full bloom with fresh & healthy foliage well developed in 25 cm Earthen Pot in 20 cm Earthen Pot/Plastic Pot.,87.0
2022,4,Trivandrum,Providing Plant Pansy Hybrid Sakata in different colour specimen 6-8 plants with fresh & healthy foliage in full bloom well developed in 35 cm Earthen Tray/ Nand,502.0
2022,4,Trivandrum,Providing Plant Pansy Hybrid Sakata well developed with fresh & healthy foliage with 3 to 4 flower in bloom in 20 cm Earthen Pot/Plastic Pot.,502.0
2022,4,Trivandrum,Providing Plant Pansy hybrid sakata in different colour with fresh & healthy foliage well developed in 15 cm Earthen Pot/Plastic Pot.,47.0
2022,4,Trivandrum,Providing Plant Petunia hybrid different colour single well developed in full bloom in 20 cm Earthen/Plastic Pot.,85.0
2022,4,Trivandrum,Providing Plant Petunia hybrid different variety in different colour well developed with fresh and healthy foliage in full bloom in 25 cm Earthen Pot/Plastic Pot.,112.0
2022,4,Trivandrum,Providing Plant Petunia hybrid in different colour with fresh & healthy foliage well developed in 15 cm Earthen Pot/Plastic Pot,57.0
2022,4,Trivandrum,Providing Plant Petunia hybrid well developed with fresh & healthy foliage in full bloom 6-8 plants in 35 cm Earthen Tray/Nand,502.0
2022,4,Trivandrum,"Providing Plant Phlox in different colour well developed with fresh & healthy foliage 30 cm ht., in full bloom with stacking in 25 cm Earthen Pot/Plastic Pot.",82.0
2022,4,Trivandrum,"Providing Plant Poincettia Dwarf variety different colour well developed 23 to 30 cm ht., 3 to 4 branch full bloom with fresh & healthy foliage in 15 cm Earthen Pot/Plastic Pot.",203.0
2022,4,Trivandrum,"Providing Plant Poincettia dwarf multi head, having upto 30 cm ht., with 3 to 4 branches with fully different coloured top with fresh & healthy foliage well developed in 20 cm Earthen Pot/Plastic Pot.",225.0
2022,4,Trivandrum,Providing Plant Primula Hybrid variety specimen 5-6 plants in each Pot with fresh & healthy foliage in full bloom different colour well developed in 35 cm Earthen Tray/ Nand,667.0
2022,4,Trivandrum,Providing Plant Primula Hybrid variety well developed with fresh & healthy foliage with full bloom in 25 cm Earthen Pot/Plastic Pot.,144.0
2022,4,Trivandrum,Providing Plant Primula Hybrid variety well developed with fresh & healthy foliage with full bloom in 25 cm Earthen Pot/Plastic Pot,782.0
2022,4,Trivandrum,Providing Plant Ranunculus Hybrid variety well developed with fresh & healthy foliage with 2-3 flower in bloom in 25 cm Earthen Pot/Plastic Pot.,172.0
2022,4,Trivandrum,Providing Plant Salvia dwarf variety with fresh & healthy foliage well developed multi branching in blooming stage in 15 cm Earthen Pot/Plastic Pot.,57.0
2022,4,Trivandrum,Providing Plant Salvia ht. 45 to 60 cm multi branches stacking with bamboo stick specimen plants type with full bloom well developed in 30 cm Earthen Pot/Plastic Pot,112.0
2022,4,Trivandrum,Providing Plant Salvia ht. 45 to 60 cm multi branches stacking with bamboo stick specimen plants type with full bloom well developed in 25 cm Earthen Pot/Plastic Pot.,144.0
2022,4,Trivandrum,"Providing Plant Salvia red Hybrid dwarf variety having 15 cm to 23 cm ht., well developed with fresh & healthy foliage in bloom in 20 cm Earthen Pot/Plastic Pot.",75.0
2022,4,Trivandrum,"Providing Plant Salvia red Hybrid dwarf variety having 15 to 23 cm ht., specimen 6 plants with fresh & healthy foliage in full bloom well developed in 35 cm Earthen Tray/ Nand",445.0
2022,4,Trivandrum,"Providing Plant Star of Bethlem (Chinchi - Rinchi), 5 to 6 plant in each Pot full bloom, with fresh and healthy foliage flower in 25 cm Earthen Pot/Plastic Pot.",527.0
2022,4,Trivandrum,"Providing Plant Stock Double Blue non-branching having 30 to 45 cm ht., with full bloom, well developed in 20 cm Earthen Pot/Plastic Pot.",88.0
2022,4,Trivandrum,Providing Plant Stock double white colour dwarf variety with fresh and healthy foliage with bloom in 20 cm Earthen Pot/Plastic Pot.,112.0
2022,4,Trivandrum,Providing Plant Celosia well developed fresh & healthy 20 to 25 cm ht. (attractive) multi branching at blooming stage in 20 cm Earthen Pot/Plastic Pot.,87.0
2022,4,Trivandrum,Providing Plant Cladium Hybrid variety 3 to 4 plants well developed with fresh & healthy foliage 30 to 45 cm ht. in different colour 25 cm Earthen Pot/Plastic Pot.,112.0
2022,4,Trivandrum,Providing Plant Cockscomb well developed fresh & healthy 20 to 25 cm ht. attractive colours fully bloomed in 20 cm Earthen Pot/Plastic Pot.,57.0
2022,4,Trivandrum,Providing Plant Cosmos well developed fresh & healthy 20 to 25 cm ht. attractive colours multi branching at blooming stage in 20 cm Earthen Pot/Plastic Pot.,57.0
2022,4,Trivandrum,Providing Plant Gaillardia double hybrid variety well developed 30 to 45 cm ht 20 to 30 fresh & healthy flower with green painted bamboo stick in 25 cm Earthen Pot/Plastic Pot.,112.0
2022,4,Trivandrum,Providing Plant Gamphrina well developed fresh & healthy 30 to 45 cm ht. bushy plant 15 & above flower in 25 cm Earthen Pot/Plastic Pot.,72.0
2022,4,Trivandrum,Providing Plant Kochia well developed fresh & healthy 30 to 45 cm ht. lush green well shaped in 25 cm Earthen Pot/Plastic Pot.,57.0
2022,4,Trivandrum,Providing Plant Kochia well developed fresh & healthy 20 to 25 cm ht. lush green well shaped in 20 cm Earthen Pot/Plastic Pot.,67.0
2022,4,Trivandrum,Providing Plant Portulaka hybrid in different colour with bloom well developed fresh & healthy in 20 cm Earthen Pot/Plastic Pot.,112.0
2022,4,Trivandrum,Providing Plant Sunflower hybrid well developed 15 to 20 cm ht. with fresh & healthy foliage at blooming stage in 20 cm Earthen Pot/Plastic Pot.,57.0
2022,4,Trivandrum,Providing Plant Sunflower single well developed 8 to 10 half bloom buds multi branched in fresh & healthy full stacked with green painted bamboo stick stacking in 25 cm Earthen Pot/Plastic Pot.,112.0
2022,4,Trivandrum,Providing Plant Tapioca variegated (Manihot esculenta) well developed fresh & healthy 30 to 45 cm ht. in bright colour foliage in 25 cm Earthen Pot/Plastic Pot.,557.0
2022,4,Trivandrum,Providing Plant Vinca different colour 6 to 8 well developed branch in full bloom stacked with green painted Bamboo stick in 25 cm Earthen Pot/Plastic Pot.,77.0
2022,4,Trivandrum,Providing Plant Vinca different colour fresh & healthy 23 to 30 cm ht. with bloom multi branchy in 20 cm Earthen Pot/Plastic Pot.,57.0
2022,4,Trivandrum,Providing Plant Vinca Hybrid in different colour fresh & healthy 20 to 25 cm ht. with bloom in 20 cm Earthen Pot/Plastic Pot.,47.0
2022,4,Trivandrum,Providing Plant Zinnia hybrid double in different colour well developed fresh & healthy 30 to 45 cm ht. (3 to 4 plants in each pot) full bloom in 25 cm Earthen Pot/Plastic Pot.,112.0
2022,4,Trivandrum,"Providing Plant Budded Rose (H.T. variety) 3 to 4 healthy branch 30 cm and above ht. well developed with one and above flower plant in 20 cm Earthen Pot,",47.0
2022,4,Trivandrum,"Providing Plant Creeper Rose variety 3 to 4 healthy branch 60 cm and above ht. well developed with one and above flowers in 25 cm Earthen Pot,",112.0
2022,4,Trivandrum,Providing Plant Standard Rose (H.T. variety) 3 to 4 healthy branch 90 cm and above ht. well developed with one and above flowers in 25 cm Earthen Pot,225.0
2022,4,Trivandrum,"Acalypha Different colour well developed, fresh & healthy with good foliage, multi branch 30 to 45 cm ht. plant in 20 cm size of Earthen Pot/ Plastic",53.0
2022,4,Trivandrum,"Acalypha green well developed, fresh & healthy with good foliage, multi branch 30 to 45 cm ht. plant in 20 cm size Earthen Pot/ Plastic",53.0
2022,4,Trivandrum,Acalypha red well developed with fresh & healthy 30 to 45 cm ht. plant in 20 cm size Earthen Pot/ Plastic Pot,57.0
2022,4,Trivandrum,Acalypha twisted well developed with fresh & healthy 30 cm ht. plant in 20 cm size Earthen Pot/ Plastic Pot,63.0
2022,4,Trivandrum,Adenium Obesum grafted well developed with fresh & healthy 30 to 60 cm ht. plant in 25 cm size Earthen Pot/ Plastic Pot,392.0
2022,4,Trivandrum,Adenium Obesum well developed with fresh & healthy 4 to 5 branch 60 to 75 cm ht. plant in 40 cm size Earthen Pot/ Plastic Pot,612.0
2022,4,Trivandrum,Bamboo Buddha valley with fresh & healthy 3 to 4 suckers having 75 to 90 cm ht. plant in 25 cm size Earthen Pot/ Plastic Pot,282.0
2022,4,Trivandrum,"Bamboo Buddha vally variety with umbrella shape plant having 120 to 135 ht. plant with fresh & healthy foliage well developed in 40 cm Cement pot multy branch, bushy plant",828.0
2022,4,Trivandrum,Bamboo Buddha Valley with fresh & healthy 5 to 6 suckers 1.80 m to 2.10m ht umbrella type plant well developed in 50 cm Cement Pot,1657.0
2022,4,Trivandrum,Bird of paradise well developed with fresh & healthy 90 to 120 cm ht in 30 cm Earthen Pot/ Plastic Pot,557.0
2022,4,Trivandrum,"Bismarkia Palm 115 to 180 cm ht. plant, well developed 12 and above good color fresh and healthy leaves in 40 cm Cement Pot.",1657.0
2022,4,Trivandrum,"Bougainvillea named variety, Sobhra, Thima, Marry palmar, Cherry Blossom etc. well developed with fresh & healthy bushy plant in full bloom 75 to 90 cm ht. plant in 40 cm Cement Pot",507.0
2022,4,Trivandrum,Cycus circinallis well developed with fresh & healthy 35 to 40 lush green leaves in 40 cm Cement Pot,3162.0
2022,4,Trivandrum,"Cycus revoluta in 35 cm challi, specimen plant, having 30 to 40 with fresh and healthy, leaves having 25cm to 30cm circumfrance of base stem well developed",1657.0
2022,4,Trivandrum,"Cycus revoluta specimen plant, having 45 to 50 fresh and healthy, leaves having 30cm to 35cm circumfrance of base stem well developed in 40 cm challi,",2425.0
2022,4,Trivandrum,"Cyprus Golden 30 to 45 cm ht. plant well developed good Golden colour foliage, Conial Shape in 25 cm Earthen Pots",388.0
2022,4,Trivandrum,Cyprus golden well shaped developed with good colored foliage fresh & healthy 60 to 75 cm ht in 30 cm Earthen Pot,557.0
2022,4,Trivandrum,"Cyprus Golden Conical Shape 150 to 165 cm ht. plant, with fresh and healthy Golden colour foliage in 35cm Cement Pot",1048.0
2022,4,Trivandrum,"Euphorbia milli hybrid variety with multi branch, full bloom, with fresh and healthy well developed having 30 to 45 cm ht. plant in 35 cm Cement Pots",782.0
2022,4,Trivandrum,Ficus black vivion piller Topairy (sylinder type) well developed with fresh & healthy 180 to 210 cm ht in 40 cm Cement Pot,2755.0
2022,4,Trivandrum,Ficus Long Island Topairy well developed with fresh & healthy 5 to 6 ball specific size and shape 120 to 150 cm ht in 40 cm Cement Pot,1988.0
2022,4,Trivandrum,Ficus Nuda Topairy well developed with fresh & healthy 5 to 6 big ball specific size and shape 180to 210cm ht in 40 cm Cement Pot,2755.0
2022,4,Trivandrum,Ficus Nuda well developed with fresh & healthy foliage 45 to 60cm spread 75 to 90 cm ht. plant bushy plant in 35 cm Cement Pot,667.0
2022,4,Trivandrum,Ficus Retusa Topairy well developed with fresh & healthy 5 to 6 big ball specific size and shape 180 to 210cm ht in 40 cm Cement Pot,3310.0
2022,4,Trivandrum,"Ficus resnold well developed fresh & healthy foliage 60 to 75 cm spread 105 to 120 cm ht. plant, Bushy plant in 35 cm Cement Pot",578.0
2022,4,Trivandrum,Ficus resnold piller type Topairy well developed with fresh & healthy 210 to 240 cm ht in 40 cm Cement Pot,3912.0
2022,4,Trivandrum,Ficus resnold Topairy well developed with fresh & healthy 6 to 7 big ball specific size 210 to 240 cm ht in 45 cm Cement Pot,3010.0
2022,4,Trivandrum,"Ficus Starlight with fresh, healthy and attractive foliage 45 to 60 cm spread 75 to 90 cm ht. plant, specimen bushy plant,in 35 cm Cement Pot",557.0
2022,4,Trivandrum,Fishtail palm well developed with fresh & healthy foliage leaves of ht 210 to 240cm Specimen plant in 35 cm Cement Pot,557.0
2022,4,Trivandrum,Foxtail palm well developed with fresh & healthy foliage of ht. plant 210 to 240 cm in big 40 cm Cement Pot,1112.0
2022,4,Trivandrum,Furcaira variegated well developed with fresh & healthy foliage 8 to 10 leaves in 30 cm Earthen Pot,557.0
2022,4,Trivandrum,Furcaria Variegated hybrid well developed with fresh & healthy foliage 20 and above attractive leaves in 35 cm Cement Pot,603.0
2022,4,Trivandrum,Golden Bottle brush Topairy well developed with fresh & healthy foliage 5 to 6 big ball 115 to 180 cm ht in 40 cm Cement Pot,603.0
2022,4,Trivandrum,Zamia palm well developed with fresh & healthy leaves 90 cm ht in 35 cm cement pot,1325.0
2022,4,Trivandrum,Latania Rubra Palm well developed with fresh & healthy foliage 150 to 180 cm ht. plant with 6 to 7 leaves in big 35 cm Cement Pot,1582.0
2022,4,Trivandrum,Mascarena palm well developed with fresh & healthy foliage leaves 150 to 180 cm ht in 35 cm Cement Pot,2957.0
2022,4,Trivandrum,Phoenix roebelenii palm well developed having 20 to 25 fresh & healthy leaves 90 to 105 cm ht. plant in 30 cm Cement Pot,830.0
2022,4,Trivandrum,"Topairy plant of Ficus Nuda well developed with fresh & healthy foliage from Top to Bottom with single piller 75 to 90 cm spread, 195 to 210 cm ht. plant in 35 cm Cement Tray /Cement Pot",1982.0
2022,4,Trivandrum,"Topairy plant of Ficus Panda well developed with fresh & healthy foliage with 3 to 4 Ball and 60 to 75 cm spread each Ball, 135 to 150 cm ht. plant, in 35 cm Cement Tray /Cement Pot",1657.0
2022,4,Trivandrum,Topiary plant Casuarina plant fresh & healthy having 5 to 6 specific shape and size ball well developed 195 to 210 cm ht. plant in 40 cm Cement Pot,1712.0
2022,4,Trivandrum,Traveller palm well developed with fresh & healthy foliage 120 to 150 cm ht. plant in 35 cm Cement Pot,782.0
2022,4,Trivandrum,Travellar palm well developed with fresh & healthy leaves foliage 210 to 240 cm ht specimen plant in 40 cm Cement Pot,1545.0
2022,4,Trivandrum,Washingtonia filifera palm well developed 90 to 105 cm ht. plant having 5 to 6 straight fresh and healthy leaves in 35 cm Cement Pot,727.0
2022,4,Trivandrum,"Alpinia Variegated (three in one) plant having ht. 30 cm and above, with fresh and healthy variegated foliage in 25 cm size of Earthen Pot / Plastic Pot.",172.0
2022,4,Trivandrum,"Alternanthera species plant of height 15 cm to 20 cm, full of branches and foliage in 15 cm size of Earthen Pot / Plastic Pot.",30.0
2022,4,Trivandrum,"Asparagus marrie plant, well developed 15 to 20 leaves, full of branches and foliage in 25 cm size of Earthen Pot / Plastic Pot.",87.0
2022,4,Trivandrum,"Topairy plant of Ficus Bush King well developed with fresh & healthy foliage from Top to Bottom with single piller 60 to 75 cm spread, 210 to 225 cm ht. plant, in 35 cm Cement Tray/Cement Pot",1657.0
2022,4,Trivandrum,"Aspidistra plant, having 10 to 15 leaves well developed with fresh & healthy in 25 cm size of Earthen Pot / Plastic Pot.",87.0
2022,4,Trivandrum,Clerodendron inerme plant having ht. 25 cm to 32 cm multi branched in 20 cm size of Earthen Pot / Plastic Pot.,57.0
2022,4,Trivandrum,Clerodendron inerme plant of ht. 30 cm to 40 cm multi branched in 25 cm size of Earthen Pot / Plastic Pot.,87.0
2022,4,Trivandrum,"Chlorophytum (Green) plant, full of leafy suckers in 20 cm size of Earthen Pot / Plastic Pot.",57.0
2022,4,Trivandrum,"Chlorophytum-variegated plant, full of leafy suckers in 15 cm size of Earthen Pot / Plastic Pot.",57.0
2022,4,Trivandrum,Cuphea chinensis plant of ht. 30-45 cm full of branches and healthy foliage in 25 cm size of Earthen Pot / Plastic Pot.,57.0
2022,4,Trivandrum,"Dianella variegated plant, with 3 to 4 variegated leaves in 20 cm size of Earthen Pot / Plastic Pot.",57.0
2022,4,Trivandrum,"Duranta Golden plant, having ht.15 to 20 cm bushty shape plant with fresh and healthy leaves in 20 cm size of Earthen Pot / Plastic Pot.",87.0
2022,4,Trivandrum,"Euphorbia milli hybrid variety plant, having ht.30 cm to 45 cm with multi branch, full bloom, fresh and healthy leaves in 20 cm size of Earthen Pot / Plastic Pot.",112.0
2022,4,Trivandrum,"Euphorbia milli hybrid variety plant, having ht. 30 cm to 45 cm with multi branch, full bloom, fresh and healthy leaves in 30 cm size of Earthen Pot / Plastic Pot.",137.0
2022,4,Trivandrum,"Ipomea (Golden leaves) plant,with fresh and healthy leaves in 15 cm size of Earthen Pot / Plastic Pot.",30.0
2022,4,Trivandrum,"Iresine herbstii plant, of height 20-30 cm. full of branches well developed in 15 cm size of Earthen Pot / Plastic Pot.",47.0
2022,4,Trivandrum,"Iresine herbstii plant, of height 20-30 cm., full of branches well developed in 20 cm size of Earthen Pot / Plastic Pot.",57.0
2022,4,Trivandrum,Juniperus prostrata plant with 5 to 6 latral branches and green foliage in 20 cm size of Earthen Pot / Plastic Pot.,57.0
2022,4,Trivandrum,"Ophiopogon plant, Green/Black full of leaves in 20 cm size of Earthen Pot / Plastic Pot.",57.0
2022,4,Trivandrum,"Ophiopogon jaburan (variegated ) plant, full of variegated leaves in 15 cm size of Earthen Pot / Plastic Pot",57.0
2022,4,Trivandrum,"Ophiopogon jaburan ( variegated ) plant,full of variegated leaves in 20 cm Earthen Pot/Plastic Pot",87.0
2022,4,Trivandrum,Portulacaria afra (Jade plant) with 5 to 6 branches in 20 cm size of Earthen Pot / Plastic Pot,47.0
2022,4,Trivandrum,"Schflera green plant, having 3 to 4 branch, ht. 30 to 45 cm well developed with fresh & healthy in 20 cm size of Earthen Pot/Plastic Pot.",52.0
2022,4,Trivandrum,Setcreasea purpurea full of variegated leaves in 20 cm size of Earthen Pot/Plastic Pot.,57.0
2022,4,Trivandrum,Syngonium (Butterfly) variegated with 2-3 suckers healthy foliage in Earthen Pot/Plastic Pot of size 20 cm.,47.0
2022,4,Trivandrum,Syngonium golden of height 30-45 cm. with 2-3 suckers healthy foliage in Earthen Pot/Plastic Pot of size 20 cm.,45.0
2022,4,Trivandrum,"Syngonium miniature dwarf plant, having height 30-45 cm. with 2-3 suckers healthy foliage in Earthen Pot/Plastic Pot of size 20 cm.",63.0
2022,4,Trivandrum,"Syngonium variegated plant,of height 30-45 cm. with 2-3 suckers healthy foliage in Earthen Pot/Plastic Pot of size 20 cm.",57.0
2022,4,Trivandrum,"Tradiscantia plant, full of leaves in Earthen Pot/Plastic Pot of size 20 cm",57.0
2022,4,Trivandrum,"Wadelia trilobata plant,full of leaves in 15 cm size of Poly bags.",27.0
2022,4,Trivandrum,Zebrina Trades cantia plant having in 20 cm size of Earthen Pot / Plastic Pot.,57.0
2022,4,Trivandrum,Acacia auriculiformis of plants ht 150-165 cm in bag size of plants 25 cm,117.0
2022,4,Trivandrum,Adansonia digitata (kalp vricksh) of plants ht 150-165 cm in bag size of plants 25 cm,412.0
2022,4,Trivandrum,Albizzia lebbek of plants height 150-165 cm. in bag of plants size 25 cm,110.0
2022,4,Trivandrum,Alstonia scholaris of plants height 150-165 cm. in bag of plants size 25 cm,110.0
2022,4,Trivandrum,Azadirachta indica ( Neem ) of plants height 120-130cm in big polybag of plants size 25 cm,110.0
2022,4,Trivandrum,Bassia latifolia (Mahua) of plants height 90-105 cm. in big polybag of plants size 25 cm,110.0
2022,4,Trivandrum,Bauhinia blakeana (Kachnar) of plants height 120-150 cm. in big poly bags of plants size 25 cm,128.0
2022,4,Trivandrum,Bauhinia purpurea (Kachnar) of plants height 150-165 cm. in big poly bags of plants size 25 cm,87.0
2022,4,Trivandrum,Bombax ceiba of plants height 150-165 cm. in big poly bags of plants size 25 cm,112.0
2022,4,Trivandrum,Bottle palm of plants ht. 150-180 cm bottom girth 20-25 cm well devedoped in big poly bags of plants size 25 cm,1315.0
2022,4,Trivandrum,Bottle palm of plants ht. 210-240 cm bottom girth 30-35 cm well devedoped in big HDPE bags.,2413.0
2022,4,Trivandrum,Butea frondosa (Flame of plants Fores ikS/kkt) of plants height 60-75 cm. in big poly bags of plants size 25 cm,95.0
2022,4,Trivandrum,Callistemon lanceolatus of plants height 150-165 cm. in big poly bags of plants size 25 cm,282.0
2022,4,Trivandrum,Casuarina equisetifolia of plants height 150-165 cm in big poly bags of plants size 25 cm,92.0
2022,4,Trivandrum,Cassia fistula (Amaltash) of plants height 120-135 cm. in big poly bags of plants size 25 cm,92.0
2022,4,Trivandrum,Cassia siamea of plants height 150-165 cm. in big poly bags of plants size 25 cm,95.0
2022,4,Trivandrum,Cassia javanica of plants height 120-150 cm. in big poly bags of plants size 25 cm,135.0
2022,4,Trivandrum,Cassia nodosa of plants height 120-150 cm. in big poly bags of plants size 25 cm,92.0
2022,4,Trivandrum,Ceiba pentandra of plants height 150-165 cm. in big poly bags of plants size 25 cm,92.0
2022,4,Trivandrum,Chorisia speciosa of plants height 150-165 cm. in big poly bags of plants size 25 cm,135.0
2022,4,Trivandrum,Chukrassia tabularis of plants height 150-165 cm. in big poly bags of plants size 25 cm,92.0
2022,4,Trivandrum,Dalbergia sissoo (Seasam) of plants height 120-135 cm. in big poly bags of plants size 25 cm,87.0
2022,4,Trivandrum,Delonix regia (Gulmohar) of plants height 150-165 cm. in big poly bags of plants size 25 cm,92.0
2022,4,Trivandrum,Erythrina indica of plants height 150-165 cm. in big polybag of plants size 25 cm,92.0
2022,4,Trivandrum,Ficus benjamina (green) of plants height 120-135 cm. with 6-8 branches and lush green foliage in gunny bags of plants size 25 cm,332.0
2022,4,Trivandrum,"Ficus benjamina (green) of plants height 150-165 cm., bushy with healthy branches and lush green foliage in big size HDPE bags",374.0
2022,4,Trivandrum,Ficus bengalensis (Bargad) of plants height 120-135 cm. in big poly bags of plants size 25 cm,172.0
2022,4,Trivandrum,"Ficus bengalensis (varigated) of plants height 75-90 cm., multibranched in earthen pots of plants size 30 cm",135.0
2022,4,Trivandrum,"Ficus bengalensis krishna of plants height 75-90 cm., multibranched in earthen pots of plants size 30 cm",140.0
2022,4,Trivandrum,Ficus elastica Decora (Rubber plant) of plants height 45-60 cm. in earthen pots of plants size 25 cm,225.0
2022,4,Trivandrum,Ficus infectoria (Pilkhan) of plants height 150-165 cm. in big polybag of plants size 25 cm,172.0
2022,4,Trivandrum,Ficus Iyrata of plants height 45-60 cm. in earthen pots of plants size 25 cm,1055.0
2022,4,Trivandrum,Ficus nuda of plants height 120-135 cm. with 6-8 branches and lush green foliage in g. bags of plants size 25 cm,197.0
2022,4,Trivandrum,"Ficus nuda of plants height 150-165 cm., bushy with healthy branches and lush green foliage in big size HDPE bags",260.0
2022,4,Trivandrum,Ficus religiosa (Pepal) of plants height 150-165 cm. in big poly bags of plants size 30 cm,225.0
2022,4,Trivandrum,Ficus retusa well branched of plants height 120-135 cm. in big poly bags of plants size of plants 30 cm,225.0
2022,4,Trivandrum,Ficus shiela of plants height 150-165 cm. in big poly bags of plants size 25 cm,172.0
2022,4,Trivandrum,Fishtail palm of plants ht. 150-180 cm bottom girth 15-20 cm well developed in big poly bags of plants size 25 cm,557.0
2022,4,Trivandrum,Fishtail palm of plants ht. 210-240 cm bottom girth 25-30 cm well developed in big size HDPE bags,830.0
2022,4,Trivandrum,Fishtail palm of plants ht. 270-300 cm bottom girth 40-50 cm well developed in big size HDPE bags,1360.0
2022,4,Trivandrum,Foxtail palm of plants ht. 120-150 cm bottom girth 15-20 cm well developed in big poly bags of plants size 25 cm,557.0
2022,4,Trivandrum,Foxtail palm of plants ht. 180-210 cm bottom girth 25-30 cm well developed in big size HDPE bags,830.0
2022,4,Trivandrum,Foxtail palm of plants ht. 240-270 cm bottom girth 35-40 cm well developed in big size HDPE bags,1360.0
2022,4,Trivandrum,Grevillea robusta (Silver Oak) of plants height 150-165 cm. in big poly bags of plants size 25 cm,172.0
2022,4,Trivandrum,Heterophragma adenophyllum (Marore fali) of plants height 150-165 cm. in Big poly bag of plants size 25 cm,112.0
2022,4,Trivandrum,Ingla dulcis (Jungle Jalebi) of plants height 150-165 cm. in big poly bags of plants size 25 cm,144.0
2022,4,Trivandrum,Jacaranda mimosifolia of plants height 150-165 cm. in big poly bags of plants size 25 cm,172.0
2022,4,Trivandrum,Kigelia pinnata of plants height 150-165 cm. in big poly bags of plants size 25 cm,144.0
2022,4,Trivandrum,Lagerstroemia flosreginae of plants height 150-165 cm.in big poly bag of plants size 25 cm,225.0
2022,4,Trivandrum,Lagerstroemia thorelli of plants height 150-165 cm.in big poly bag of plants size 25 cm,225.0
2022,4,Trivandrum,Magnolia grandiflora of plants height 150-165 cm. in big poly bag of plants size 25 cm,667.0
2022,4,Trivandrum,Mangifera indica (Mango-grafted ) of plants height 60-75 cm. in big poly bag of plants size 25 cm,47.0
2022,4,Trivandrum,Melia azedarach of plants height 120-135 cm. in big poly bag of plants size 25 cm,94.0
2022,4,Trivandrum,Michelia champa (Golden Champa) of plants height 90-105 cm. in earthen pots of plants size 25 cm,112.0
2022,4,Trivandrum,Milletia ovalifolia of plants height 120-135 cm. in big poly bag of plants size 25 cm,172.0
2022,4,Trivandrum,Millingtonia hortensis of plants height 150-165 cm. in big poly bag of plants size 25 cm,112.0
2022,4,Trivandrum,Mimusops elengi (Maulsri) of plants height 150-165 cm. in big poly bag of plants size 25 cm,112.0
2022,4,Trivandrum,"Mimusops elengi (Maulsri) of plants height 180-195 cm., well developed with thick stem in big in big size HDPE bag",203.0
2022,4,Trivandrum,Nauclea cadamba (Kadam) of plants height 150-165 cm. in big poly bag of plants size 25 cm,112.0
2022,4,Trivandrum,Parkinsonia species of plants height 120-135 cm. in big poly bag of plants size 25 cm,87.0
2022,4,Trivandrum,Peltophorum speciesof plants height 150-165 cm. in big poly bags of plants size 25 cm,94.0
2022,4,Trivandrum,Phoenix sylvestris Roxb. (Wild date palm/khajur) of plants height 150-165 cm. in Big HDPE Bag,962.0
2022,4,Trivandrum,Phyllanthus emblica (Amla) of plants height 150-165 cm. in Big HDPE Bag,138.0
2022,4,Trivandrum,Pinus longifolia (Pinus) of plants height 90-105 cm. in cement pots of plants size 35 cm,858.0
2022,4,Trivandrum,Pithecellobium dulce (Jungle Jalebi) of plants height 120-150 cm. in Big HDPE Bag,94.0
2022,4,Trivandrum,Plumeria acutifolia of plants height 120-135 cm. with 2-3 branches in HDPE bag of plants size 30 cm,172.0
2022,4,Trivandrum,Plumeria acutifolia of plants height 150-165 cm. with 3-4 branches in big size HDPE bag,327.0
2022,4,Trivandrum,Plumeria alba of plants height 120-135 cm. with 2-3 branches in bags of plants size 30 cm,255.0
2022,4,Trivandrum,Plumeria alba of plants height 165-180 cm. with 3-4 branches and thick stem in big size HDPE bags,557.0
2022,4,Trivandrum,Plumeria alba dwarf of plants height 90-105 cm. with 3-4 branches and thick stem in big size HDPE bags,1110.0
2022,4,Trivandrum,Plumeria rubra of plants height 120-150 cm. with 3-4 branches and thick stem in big size HDPE bags,557.0
2022,4,Trivandrum,Pongamia glabra (Papri) of plants height 120-135 cm. in big poly bag of plants size 25 cm,86.0
2022,4,Trivandrum,Polyalthia longifolia (Ashok) of plants height 150-165 cm. in earthen pots of plants size 25 cm,118.0
2022,4,Trivandrum,Polyalthia longifolia (Ashok) of plants height 180-195 cm. in gunny bag of plants size 30 cm,172.0
2022,4,Trivandrum,Polyalthia pendula (Ashok Pendula) of plants height 150-165 cm. in earthen pots of plants size 25 cm,135.0
2022,4,Trivandrum,Polyalthia pendula (Ashok Pendula) of plants height 180-195 cm. in gunny bag of plants size 30 cm,172.0
2022,4,Trivandrum,Pterospermum acerifolium (Kanak Champa) of plants height 150-165 cm. in big poly bags of plants size 25 cm,102.0
2022,4,Trivandrum,Putranjiva roxburghii of plants height 90-105 cm. in big polybag of plants size 25 cm,92.0
2022,4,Trivandrum,Saraca indica (Sita Ashok) of plants height 105-120 cm. in big poly bags of plants size 25 cm,94.0
2022,4,Trivandrum,Schleichera trijuga (Kusum) of plants height 150-165 cm. in big poly bags of plants size 25 cm,112.0
2022,4,Trivandrum,Spathodea campanulata of plants height 150-165 cm. in big poly bags of plants size 25 cm,172.0
2022,4,Trivandrum,Eugenia jambolana (Jamun) of plants height 150-165 cm. in big poly bags of plants size 25 cm,172.0
2022,4,Trivandrum,Tabebuia sp. of plants height 150-165 cm. in big polybags of plants size 25 cm,172.0
2022,4,Trivandrum,Tamarindus indica (Imli) of plants height 120-150 cm. in big polybags of plants size 25 cm,172.0
2022,4,Trivandrum,Tecoma argentea of plants height 120-135 cm. in big poly bag of plants size 25 cm,136.0
2022,4,Trivandrum,Tectona grandis (Teak) of plants height 150-165 cm. in big polybags of plants size 25 cm,172.0
2022,4,Trivandrum,Terminalia arjuna of plants height 150-165 cm. in big polybags of plants size 25 cm,112.0
2022,4,Trivandrum,Washingtonia filifea palm stem ht. 90-105 cm with 6-7 healthy leaves lush green leaves well developed in big size HDPE Bags,667.0
2022,4,Trivandrum,Washingtonia filifea palm stem ht. 120-135 cm with 8-10 healthy leaves lush green leaves well developed in big size HDPE Bags,1010.0
2022,4,Trivandrum,Supply and stacking of plant Bauhinia acuminata height 60-75 cm. in earthen pots of size 20 cm,82.0
2022,4,Trivandrum,Supply and stacking of plant Beloperone species of height 30-45 cm. in poly bags of size 20 cm,72.0
2022,4,Trivandrum,Supply and stacking of plant Caesalpinia pulcherrima species of height 45-60 cm. in earthen pot of size 20 cm,72.0
2022,4,Trivandrum,"Supply and stacking of plant Calliandra, emarginata of height 45-60 cm. in earthen pot of size 20 cm",57.0
2022,4,Trivandrum,Supply and stacking of plant Calliandra hybrida of height 75-90 cm. with 4-5 branches in bag of size 25 cm,97.0
2022,4,Trivandrum,"Supply and stacking of plant Calliandra hybrida of height 105-120 cm., well branched, bushy in big size HDPE bag",172.0
2022,4,Trivandrum,Supply and stacking of plant Cassia biflora of height 45-60 cm. in earthen pots of size 20 cm,74.0
2022,4,Trivandrum,Supply and stacking of plant Cassia biflora of height 60-75 cm. with 4-5 branches in poly bags of size 25 cm,87.0
2022,4,Trivandrum,"Supply and stacking of plant Cassia biflora of height 90-105 cm., well branched, bushy in big size HDPE bag",172.0
2022,4,Trivandrum,Supply and stacking of plant Cassia laevigata of height 45-60 cm. in earthen pots of size 20 cm,66.0
2022,4,Trivandrum,Supply and stacking of plant Cassia laevigata of height 60-75 cm. with 4-5 branches in bag of size 25 cm,74.0
2022,4,Trivandrum,Supply and stacking of plant Cestrum nocturnum (Raat ki Rani) of height 60-75 cm. with 4-5 branches in bag of size 25 cm,57.0
2022,4,Trivandrum,Supply and stacking of plant Dombeya mastersii of height 60-75 cm. with 4-5 branches in bag of size 25 cm,172.0
2022,4,Trivandrum,Supply and stacking of plant Euphorbia caracasana (bronze colour leaves) of height 60-75 cm. with 2-3 branches in earthen pots of size 20 cm,74.0
2022,4,Trivandrum,Supply and stacking of plant Euphorbia caracasana (bronze colour leaves) of height 60-75 cm. with 4-5 branches in bag of size 25 cm,87.0
2022,4,Trivandrum,"Supply and stacking of plant Euphorbia caracasana (bronze colour leaves) of height 90-105 cm., bushy in big size HDPE bag",172.0
2022,4,Trivandrum,Supply and stacking of plant Euphorbia pulcherrima (dark red double bracts) well branched of height 60-75 cm. in earthen pots of size 25 cm,203.0
2022,4,Trivandrum,Supply and stacking of plant Euphorbia pulcherrima (dark red) well branched (poinsettia Red Hegg) of height 60-75 cm. in earthen pots of size 25 cm,203.0
2022,4,Trivandrum,Supply and stacking of plant Excoecaria bicolor of height 45-60 cm. in earthen pots of size 20 cm,172.0
2022,4,Trivandrum,Supply and stacking of plant Ficus blackii (F.vivion) of height 45-60 cm. with 6-8 branches healthy foliage in earthen pots of size 25 cm,172.0
2022,4,Trivandrum,Supply and stacking of plant Ficus blackii (F.vivion) (bushy) of height 150-165 cm. with 8-10 branches and healthy foliage in earthen pots of size 30 cm,172.0
2022,4,Trivandrum,Supply and stacking of plant Ficus panda of height 30-45 cm. with 3-4 branches and healthy foliage in p.bag of size 20 cm,57.0
2022,4,Trivandrum,Supply and stacking of plant Ficus panda of height 45-60 cm. with 6-7 branches and healthy foliage in p.bag of size 25 cm,135.0
2022,4,Trivandrum,"Supply and stacking of plant Ficus panda of height 60-90 cm, with 8-10 branches, and healthy foliage, bushy in big size HDPE bag",302.0
2022,4,Trivandrum,"Supply and stacking of plant Ficus panda of height 90-105 cm. with 10-12 branches and healthy foliage, well formed in cement pots of size 30 cm",667.0
2022,4,Trivandrum,Supply and stacking of plant Gardenia jasminoides of height 45-60 cm. with 3-4 branches in earthen pots of size 20 cm,112.0
2022,4,Trivandrum,Supply and stacking of plant Hamelia patens of height 30-45 cm. with 3-4 branches in poly bags of size 20 cm,32.0
2022,4,Trivandrum,Supply and stacking of plant Hamelia patens of height 60-75 cm. with 6-8 branches in poly bags of size 25 cm,76.0
2022,4,Trivandrum,Supply and stacking of plant Hamelia patens of height 90-105 cm. bushy in big size HDPE bags as per direction of the officer-in-charge,172.0
2022,4,Trivandrum,Supply and stacking of plant Hamelia patens (Dwarf ) of height 30-45 cm. with 3-4 branches in earthen pots of size 20 cm,65.0
2022,4,Trivandrum,Supply and stacking of plant Hibiscus rosasinensis of height 45-60 cm. with 3-4 branches in earthen pots of size 20 cm,57.0
2022,4,Trivandrum,Supply and stacking of plant Hibiscus rosasinensis of height 60-75 cm. with 5-6 branches in p.bag of size 25 cm,82.0
2022,4,Trivandrum,"Supply and stacking of plant Hibiscus rosasinensis of height 90-105 cm., bushy in big size HDPE bag",132.0
2022,4,Trivandrum,Supply and stacking of plant Hibiscus variegated of height 45-60 cm. with 3-4 branches and healthy variegated foliage in earthen pots of size 20 cm,66.0
2022,4,Trivandrum,Supply and stacking of plant Hibiscus variegated of height 60-75 cm. with 8-10 branches and healthy variegated foliage in cement pots of size 35 cm,282.0
2022,4,Trivandrum,Supply and stacking of plant Hibiscus variegated of height 60-75 cm. with healthy variegated foliage in earthen pots size 25 cm,82.0
2022,4,Trivandrum,Supply and stacking of plant Jatropha multifida (red colour) of height 45-60 cm. with 2-3 branches in earthen pots of size 20 cm,57.0
2022,4,Trivandrum,Supply and stacking of plant Jatropha multifida (red colour) of height 60-75 cm. multibranched in p.bag of size 25 cm,72.0
2022,4,Trivandrum,Supply and stacking of plant Largerstroemia indica of height 90-105 cm. multibranched in poly bags of size 25 cm,72.0
2022,4,Trivandrum,Supply and stacking of plant Largerstroemia indica of height 45-60 cm. in polybag of size 20 cm,56.0
2022,4,Trivandrum,"Supply and stacking of plant Malpighia coccigera of height 30-45 cm., multibranched in earthen pots of size 20 cm",87.0
2022,4,Trivandrum,Supply and stacking of plant Murraya exotica of height 45-60 cm. in poly bags of size 15 cm,34.0
2022,4,Trivandrum,Supply and stacking of plant Murraya Koenigii spreng (Kadipatta/meetha neem) of ht 45-60 cm well developed in earthen pots of size 20 cm.,47.0
2022,4,Trivandrum,Supply and stacking of plant Mussaenda erythrophylla (Rosea) of height 60-75 cm. multi branched in earthen pots of size 25 cm,144.0
2022,4,Trivandrum,Supply and stacking of plant Nerium oleander (kaner) of height 45-60 cm. with 3-4 branches in poly bags of size 20 cm,47.0
2022,4,Trivandrum,Supply and stacking of plant Nerium oleander (kaner) of height 60-75 cm. with 5-6 branches in poly bags of size 25 cm,66.0
2022,4,Trivandrum,Supply and stacking of plant Nerium oleander (kaner) dwarf of height 30-40 cm. in earthen pot of size 20 cm,66.0
2022,4,Trivandrum,Supply and stacking of plant Nerium oleander variegated of height 45-60 cm. in earthen pots of size 20 cm,72.0
2022,4,Trivandrum,"Supply and stacking of plant Nerium oleander variegated of height 60-75 cm., multibranched in earthen pots of size 25 cm",72.0
2022,4,Trivandrum,Supply and stacking of plant Nyctanthes arbor-tristis (Hasingar) of ht. 90-105 cm in Earthen pots of size 20 cm,112.0
2022,4,Trivandrum,"Supply and stacking of plant Plumbego capensis well developed with fresh and healthy 30 to 45 cm ht., with bloom in 20 cm Earthen Pot/Plastic Pot",112.0
2022,4,Trivandrum,Supply and stacking of plant Putranjiva roxburghii of ht. 45-60 cm in bag of size 15 cm,57.0
2022,4,Trivandrum,Supply and stacking of plant Putranjiva roxburghii of ht. 60-75 cm in bag of size 20 cm,87.0
2022,4,Trivandrum,Supply and stacking of plant Tabernaemontana coronaria (Chandni single) of height 45-60 cm. in earthen pots of size 20 cm,112.0
2022,4,Trivandrum,Supply and stacking of plant Tabernaemontana coronaria (Chandni single) of height 75-90 cm. with 5-6 branches in bag of size 25 cm,144.0
2022,4,Trivandrum,"Supply and stacking of plant Tabernaemontana coronaria (Chandni single) of height 90-105 cm.,bushy in big size HDPE bag",172.0
2022,4,Trivandrum,Supply and stacking of plant Tabernaemontana coronaria (chandni variegated) of height 45-60 cm. with 3-4 branches earthen pots of size 20 cm,118.0
2022,4,Trivandrum,"Supply and stacking of plant Tabernaemontana coronaria (Chandni single) variegated of height 60-75 cm., 5-6 branches in p.bags of size 25 cm",87.0
2022,4,Trivandrum,"Supply and stacking of plant Tabernaemontana coronaria (Chandni single) veriegated of height 105-120 cm., multibranched, bushy in big size HDPE bag",172.0
2022,4,Trivandrum,Supply and stacking of plant Tabernaemontana divaricata (Chandni double) of height 45-60 cm. in earthen pots of size 20 cm,72.0
2022,4,Trivandrum,Supply and stacking of plant Tabernaemontana divaricata (Chandni double) of height 75-90 cm. with 4-5 branches in bag of size 25 cm,72.0
2022,4,Trivandrum,"Supply and stacking of plant Tabernaemontana divaricata (Chandni double) of height 90-105 cm., bushy in big size HDPE bag",172.0
2022,4,Trivandrum,Supply and stacking of plant Tecoma gaudichaudi of height 45-60 cm. in earthen pots of size 20 cm,66.0
2022,4,Trivandrum,Supply and stacking of plant Tecoma gaudichaudi of height 60-75 cm. with 5-6 branches in p.bag of size 25 cm,96.0
2022,4,Trivandrum,"Supply and stacking of plant Tecoma gaudichaudi of height 90-105 cm., bushy in big size HDPE bage",172.0
2022,4,Trivandrum,Supply and stacking of plant Tecoma stans of height 45-60 cm. branched in earthen pots of size 20 cm,97.0
2022,4,Trivandrum,Supply and stacking of plant Tecoma stans of height 60-75 cm. branched in earthen pots of size 20 cm,112.0
2022,4,Trivandrum,Supply and stacking of plant Tecoma stans of height 90-105 cm. bushy in big size HDPE bag,197.0
2022,4,Trivandrum,Supply and stacking of plant Thevetia nerifolia of height 30-45 cm. with 3-4 branches in poly bags of size 20 cm,56.0
2022,4,Trivandrum,Supply and stacking of plant Thevetia nerifolia of height 60-75 cm. with 5-6 branches in poly bags of size 25 cm,76.0
2022,4,Trivandrum,"Supply and stacking of plant Thuja compacta of height 45-60 cm., well branched in earthen pots of size 25 cm",97.0
2022,4,Trivandrum,"Supply and stacking of plant Thuja compacta of height 75-90 cm., conical shaped, well formed with healthy foliage in earthen pots of size 30 cm",225.0
2022,4,Trivandrum,Allamanda cathartica plant of height 30 cm to 45 cm. in 20 cm size of Earthen pots / Plastic pots,66.0
2022,4,Trivandrum,Allamanda violacea plant of height 30 cm to 45 cm. in poly bag of size 20 cm,66.0
2022,4,Trivandrum,Bignonia venusta (Golden shower) plant of height 30 cm to 45 cm. in 20 cm size of Earthen pots / Plastic pots,72.0
2022,4,Trivandrum,"Bougainvillea (Variety Butiana, Lady Mary Baring, Mahara,Mohan, Scarlet Queen, Varigata, Glabra Formosa, Peruviana Odissi, Partha, Subhra,Thimma, Spectabilis L.N Birla, Refulgens) plant of height 30 cm. to 45 cm. with 2-3 branches in 20 cm size of Earthen pots / Plastic pots.",97.0
2022,4,Trivandrum,Clerodendrum splendens plant of height 30 cm to 45 cm. in 20 cm size of Earthen pots / Plastic pots,57.0
2022,4,Trivandrum,Clerodendrum thompsonae plant of height 30 cm.to 45 cm. in 30 cm to 45 cm. in 20 cm size of poly bag & as per direction of the officer-in-charge,66.0
2022,4,Trivandrum,Ipomea purpurea (Morning glory) plant of height 30 cm to 45 cm. in 20 cm size of Earthen pots / Plastic pots,57.0
2022,4,Trivandrum,Jasminum grandiflorum (chameli) plant of height 30 cm to 45 cm. in 20 cm size of Earthen pots / Plastic pots.,57.0
2022,4,Trivandrum,Jasminum humile (Yellow) plant of height 30 cm to 45 cm. in 20 cm size of Earthen pots / Plastic pots,57.0
2022,4,Trivandrum,Passiflora caerulea (Rakhi bel) plant of height 30 cm to 45 cm. in 20 cm size of Earthen pots / Plastic pots,72.0
2022,4,Trivandrum,Petrea volubilis plant of height 30 cm to 45 cm. in 20 cm size of Earthen pots / Plastic pots,57.0
2022,4,Trivandrum,Quisqualis indica plant of height 30 cm to 45 cm. in 20 cm size of Earthen pots / Plastic pots,60.0
2022,4,Trivandrum,Tecoma grandiflora plant of height 30 cm to 45 cm. in 20 cm size of Earthen pots / Plastic pots,57.0
2022,4,Trivandrum,Vernonia elaegnifolia (curtain creeper) plant of height 30 cm to 45 cm. in 20 cm size of Earthen pots / Plastic pots,57.0
2022,4,Trivandrum,Alyssum,665.0
2022,4,Trivandrum,Antirrhinum dwarf,1050.0
2022,4,Trivandrum,Aster dwarf,850.0
2022,4,Trivandrum,Brachycome,855.0
2022,4,Trivandrum,Calendula double,850.0
2022,4,Trivandrum,Carnation (double) Dutch,1650.0
2022,4,Trivandrum,Carnation (double) Lilyput,1950.0
2022,4,Trivandrum,Carnation hybrid,1400.0
2022,4,Trivandrum,Chrysanthemum double,700.0
2022,4,Trivandrum,Cineraria,840.0
2022,4,Trivandrum,Cineraria dwarf hybrid,1200.0
2022,4,Trivandrum,Clarkia hybrid,1200.0
2022,4,Trivandrum,Dahlia double,850.0
2022,4,Trivandrum,Daisy hybrid,650.0
2022,4,Trivandrum,Dianthus hybrid,830.0
2022,4,Trivandrum,Gazania hybrid,830.0
2022,4,Trivandrum,Gerbera hybrid double,3550.0
2022,4,Trivandrum,Lupin hybrid,680.0
2022,4,Trivandrum,Marigold French Hybrid dwarf,670.0
2022,4,Trivandrum,Marigold inca hybrid,800.0
2022,4,Trivandrum,Nasturtium,830.0
2022,4,Trivandrum,Nemesia hybrid,650.0
2022,4,Trivandrum,Pansy Hybrid,1080.0
2022,4,Trivandrum,Petunia hybrid,980.0
2022,4,Trivandrum,Phlox mix colour hybrid,800.0
2022,4,Trivandrum,Poppy double,830.0
2022,4,Trivandrum,Salvia,660.0
2022,4,Trivandrum,Salvia Hybrid different colour,820.0
2022,4,Trivandrum,Stock double,810.0
2022,4,Trivandrum,Verbena hybrid,680.0
2022,4,Trivandrum,Balsum seedling,800.0
2022,4,Trivandrum,Celosia argentea & Celosia cristata Hybrid,660.0
2022,4,Trivandrum,Cosmos hybrid,940.0
2022,4,Trivandrum,Gaillardia Double,650.0
2022,4,Trivandrum,Gomphrena,800.0
2022,4,Trivandrum,Kochia,650.0
2022,4,Trivandrum,Portulaca hybrid,650.0
2022,4,Trivandrum,Sunflower Dwarf,780.0
2022,4,Trivandrum,Vinca Hybrid,680.0
2022,4,Trivandrum,Zinnia hybrid,680.0
2022,4,Trivandrum,"Aglaonema Butterfly plant having ht.30 cm 10 to 12 fresh, healthy and attractive colourfull leaves, well developed in 25 cm size Earthen pot/Plastic pot",247.0
2022,4,Trivandrum,"Aglaonema Ice plant ht.25 cm having 10 to 12 fresh, healthy and attractive colourfull leaves, well developed in 25 cm size Earthen pot/Plastic pot",247.0
2022,4,Trivandrum,"Aglaonema sam plant,ht.30 cm well developed three in one, having 18 to 20 fresh, healthy and attractive colourfull leaves in 35 cm size Earthen pot/ Chali/Tray",400.0
2022,4,Trivandrum,"Araucaria cookie plant, having ht. 90 cm to 120 cm, straight, well developed,fresh and healthy with lush green leaves from bottom to top in 25 cm size of earthen pot/plastic pot",338.0
2022,4,Trivandrum,"Brassia hicolour 3 in 1 well developed with fresh, healthy from bottom to top with 30 cm to 45 cm ht. in 25 cm size Plastic pot/Earthen pot",173.0
2022,4,Trivandrum,"Diffenbachia superba, well developed, with 10-12 fresh, healthy and attractive leaves 45 cm to 60 cm ht. in 25 cm size Earthen pot/ Plastic pot",219.0
2022,4,Trivandrum,"Dreaceana pendanus, well developed, having 6 to 8 suckers with helthy foliage in 25 cm size Earthen pot /Plastic pot",247.0
2022,4,Trivandrum,"Rubber plant black variety, well developed, having 45 to 60 cm ht.with
fresh, healthy and attractive colourfull leaves in 25 cm size Earthen pot/
Plastic pot",128.0
2022,4,Trivandrum,"Rubber plant varigated, well developed, having 45 to 60 cm ht.with fresh,
healthy and attractive colourfull leaves in 20 cm size Earthen pot/Plastic
pot",209.0
2022,4,Trivandrum,"Schefflera green 3 in 1 well developed with fresh, healthy and attractive
foliage from having 45 cm to 60 cm ht. in 25 cm size Earthen pot/Plastic
pot",276.0
2022,4,Trivandrum,"Spathiphyllum (peace lilly), having 15 cm to 25 cm ht. blooming stag with fresh & healthy foliage well developed in 15 cm of Earthen pot/plastic pot",128.0
2022,4,Trivandrum,"Bush Rose in different colour 2 to 3 healthy branch 30 cm and above ht.
well developed with 8 or more flowers / flower buds in 20 cm Earthen pot/
Plastic pot",69.0
2022,4,Trivandrum,"Motia of height 25 to 30 cm., 2 to 3 branch in earthen pot of size 20 cm",63.0
2022,4,Trivandrum,"Mogra of height 25 to 30 cm., 2 to 3 branch in earthen pot of size 20 cm",74.0
2022,4,Trivandrum,"Canna dwarf of height 25 to 30 cm., 2 to 3 suckers in earthen pot of size 20 cm",58.0
2022,4,Trivandrum,"Chandni dwarf of height 15 cm., well branched in earthen pot of size 25 cm",58.0
2022,4,Trivandrum,"Ficus long Island plant of height 15 cm to 20 cm, full of branches and foliage in 20 cm size of Earthen Pot/Plastic Pot",67.0
2022,4,Trivandrum,Earth carriage 50 m head load 1.2.2,225.0
2022,4,Trivandrum,Manure/ Sludge Carriage 50 m head load 1.2.3,0.0
2022,4,Trivandrum,Premise 30.50% 1P,2685.0
2022,4,Trivandrum,G I wire,118.0
2022,7,Trivandrum,Hire charges of Coaltar Boiler 900 to 1400 litres,1305.0
2022,7,Trivandrum,Hire charges of Concrete Mixer 0.25 to 0.40 cum with Hopper,2280.0
2022,7,Trivandrum,Hire charges of Diesel Road Roller- 8 to 10 tonne,5035.0
2022,7,Trivandrum,Production cost of concrete by batch mix plant,550.0
2022,7,Trivandrum,Hire charges of Diesel Truck-9 tonne,3710.0
2022,7,Trivandrum,Hire charges of sparaying machine including electric charges,392.0
2022,7,Trivandrum,Hire charges of coaltar Sprayer,475.0
2022,7,Trivandrum,"Hire charges of Barber green, drying,mixing and Asphalt Plant, with accessories, capacity 30/45 tonne",12110.0
2022,7,Trivandrum,"Pumping charges of concrete including Hire charges of pump, piping work & accessories etc.",300.0
2022,7,Trivandrum,Hire charges of Derrick monkey rope,1260.0
2022,7,Trivandrum,Hire charges of Pump set of capacity 4000 litres/hour,1100.0
2022,7,Trivandrum,Vibrator (Needle type 40 mm),850.0
2022,7,Trivandrum,Machine for rubbing of floors,530.0
2022,7,Trivandrum,Front end loader capacity 1.00 cum,8270.0
2022,7,Trivandrum,Hire and running charges of Tripod and Mechanical Winch machine complete with power unit and accessories,9685.0
2022,7,Trivandrum,Mastic Cooker,1180.0
2022,7,Trivandrum,Hire and running charges of tipper,4030.0
2022,7,Trivandrum,Hire and running charges of loader,7420.0
2022,7,Trivandrum,Hand Grinder for mirror polish,460.0
2022,7,Trivandrum,Hydraulic Excavator (3D) with driver and fuel,10710.0
2022,7,Trivandrum,pin vibrator,515.0
2022,7,Trivandrum,Surface Vibrator,630.0
2022,7,Trivandrum,Hot Bitumen Mixer 0.5cum i/c hand cart,6290.0
2022,7,Trivandrum,Hire and running charges of hydraulic piling with power unit etc. including complete accessories and shifting at site,50140.0
2022,7,Trivandrum,Hire and running charges of light crane,4100.0
2022,7,Trivandrum,Hire and running charges of bentonite pump,6605.0
2022,7,Trivandrum,Hire and running charges of vibrating pile driving hammer complete with power unit and accessories,55040.0
2022,7,Trivandrum,Hire and running charges of crane 20 tonne capacity,9540.0
2022,7,Trivandrum,Carriage of concrete by transit mixer,50.0
2022,7,Trivandrum,Steam curing by using boiler /Heater,720.0
2022,7,Trivandrum,Stressing Machine (jack with pump),16325.0
2022,7,Trivandrum,Paint applicator,1180.0
2022,7,Trivandrum,Cutting saw machine,1960.0
2022,7,Trivandrum,Strands Roller machinery for laying strands,5035.0
2022,7,Trivandrum,Bed master (Pulling strands),4275.0
2022,7,Trivandrum,Mobile crane,10050.0
2022,7,Trivandrum,Tractor with ripper attachment,2125.0
2022,7,Trivandrum,Tractor with trolley,2360.0
2022,7,Trivandrum,Air compressor 250 cm with two leads for pneumatic cutters/hammers,2650.0
2022,7,Trivandrum,joint cutting machine with 2-3 blades,1575.0
2022,7,Trivandrum,C.C.batch mix plant,15725.0
2022,7,Trivandrum,Road Sweeper,870.0
2022,7,Trivandrum,Cost for crane upto 40 tonne capacity,11450.0
2022,7,Trivandrum,Slip form paver with sensor,20445.0
2022,7,Trivandrum,Water tanker 5000 Ltr. Capacity,1800.0
2022,7,Trivandrum,Concrete joint cutting machine,1415.0
2022,7,Trivandrum,Texturing machine,1450.0
2022,7,Trivandrum,Dozer D-80-A12,5980.0
2022,7,Trivandrum,Motor Grade 3.35 meter blade,3850.0
2022,7,Trivandrum,Hydraulic Excavator of 1 cum bucker,1590.0
2022,7,Trivandrum,Front end loader 1 cum bucket capacity (incl POL),1260.0
2022,7,Trivandrum,Tipper -5 cum,6.0
2022,7,Trivandrum,Vibratory roller 8 to 10 tonne,2360.0
2022,7,Trivandrum,Smooth Wheeled Roller 8 to 10 tonne,850.0
2022,7,Trivandrum,Tandem Road Roller,1805.0
2022,7,Trivandrum,Water Tanker 5 to 6 KL Capacity,235.0
2022,7,Trivandrum,Air Compressor,510.0
2022,7,Trivandrum,Wet Mix Plant 60 TPH,1890.0
2022,7,Trivandrum,Mechanical Broom Hydraulic,565.0
2022,7,Trivandrum,Emulsion Pressure Distributor @1750 sqm per hour,1260.0
2022,7,Trivandrum,Hot Mix Plant - 120 TPH capacity,32270.0
2022,7,Trivandrum,Hot Mix Plant 100 TPH Capacity,27520.0
2022,7,Trivandrum,Paver finisher Hydrostatic with sensor control 100 TPH,4245.0
2022,7,Trivandrum,Paver finisher Mechanical 100 TPH,1570.0
2022,7,Trivandrum,Batching and Mixing Plant @75 cum per hour,3930.0
2022,7,Trivandrum,Cost for crane upto 80 tonne capacity,19290.0
2022,7,Trivandrum,Concrete Paver finisher with 40 HP Motor and sensor,4560.0
2022,7,Trivandrum,Generator 250 KVA,1415.0
2022,7,Trivandrum,Generator 100 KVA/125,1095.0
2022,7,Trivandrum,Truck 5.5 cum/ 10 tonnes,6.0
2022,7,Trivandrum,Cost for crane having capacity 50MT,12085.0
2022,7,Trivandrum,Road sweeper (Mechamical Broom) @ 1250 sqm per hour,565.0
2022,7,Trivandrum,Drum Type HMP of 60-90 TPH Capacity @ 75 tonne per hour actual output,22015.0
2022,7,Trivandrum,"Hire and running charges of drill Machine up to 400 mm dia (including cost of mobile oil, disesel consumption in ordinary soil operator)",11795.0
2022,7,Trivandrum,Pile integrity testing equipment,4720.0
2022,7,Trivandrum,Excavation of Diaphragm wall by Mechanical Grab,2360.0
2022,7,Trivandrum,Hire charges of TATA 407 or equivalent for local shifting,2650.0
2022,7,Trivandrum,Hire charges of Diesel truck - 9 tonne (without POL),2515.0
2022,7,Trivandrum,Using cost of Ultra Voilet Radiation tube,325.0
2022,7,Trivandrum,"Compressor, gun, rubber pipes & other accessories - hire charge of plant & machinery i/c necessary fuel",6880.0
2022,7,Trivandrum,Hire Charges of Suction Jeting machine 2200 PSI machine i/c POL and operator,61940.0
2022,7,Trivandrum,Hire Charges of Drill machine upto 30 mm dia,255.0
2022,7,Trivandrum,Hire charges of compressor,1030.0
2022,7,Trivandrum,Hire charges of plant and machinery that can inject 350 kg/day,170.0
2022,7,Trivandrum,Hire Charges of Suction Jeting machine 1500 PSI machine i/c POL and operator,11340.0
2022,7,Trivandrum,Bandhani,860.0
2022,7,Trivandrum,Bhisti,860.0
2022,7,Trivandrum,Blacksmith 1st class,1250.0
2022,7,Trivandrum,Blacksmith 2nd class,950.0
2022,7,Trivandrum,Carpender Ist Class,1200.0
2022,7,Trivandrum,Carpenter 2nd class,1000.0
2022,7,Trivandrum,Chowkidar,1000.0
2022,7,Trivandrum,Beldar,950.0
2022,7,Trivandrum,Coolie,925.0
2022,7,Trivandrum,Fitter(grade1),1100.0
2022,7,Trivandrum,Assistant Fitter or 2nd class fitter,950.0
2022,7,Trivandrum,Glazier,1075.0
2022,7,Trivandrum,Mason(for plaster of paris work) Ist class,1250.0
2022,7,Trivandrum,Mason (brick layer) Ist class,1175.0
2022,7,Trivandrum,Mason (brick layer )2nd class,1000.0
2022,7,Trivandrum,Mason (for plain stone work) 2nd class,935.0
2022,7,Trivandrum,Mason (for Ornamental stone work) Ist class,1420.0
2022,7,Trivandrum,"Driver (for Road Roller, Concrete Mixer, Truck etc)",1150.0
2022,7,Trivandrum,Mate,900.0
2022,7,Trivandrum,Sewer Man,1400.0
2022,7,Trivandrum,Mistry,1050.0
2022,7,Trivandrum,Painter,950.0
2022,7,Trivandrum,Rock Excavator,1200.0
2022,7,Trivandrum,Rock Breaker,1200.0
2022,7,Trivandrum,Rock Hole Driller,1250.0
2022,7,Trivandrum,Stone Chiseller,1200.0
2022,7,Trivandrum,"Sprayer (for bitumen, tar etc)",1000.0
2022,7,Trivandrum,Skilled Beldar (for floor rubbing etc.),1000.0
2022,7,Trivandrum,White Washer,840.0
2022,7,Trivandrum,Nozzel man/ gun man,1100.0
2022,7,Trivandrum,Mason (average),1050.0
2022,7,Trivandrum,Carpenter (average),1200.0
2022,7,Trivandrum,Operator (Pile/Special machine),1100.0
2022,7,Trivandrum,Skilled torch operator for laying tack,950.0
2022,7,Trivandrum,Technician,1150.0
2022,7,Trivandrum,Helper (Technician),900.0
2022,7,Trivandrum,"Labour for fabrication of uPVC extruded casement/sliding windows and doors including drilling holes, fixing of fittings & hardwares, hire charges of drill machine and electricity charges etc.",950.0
2022,7,Trivandrum,Labour for installation of uPVC extruded casement/ sliding windows and doors including scaffolding,950.0
2022,7,Trivandrum,Security guard without gun (8 hours shift duty per day),1000.0
2022,7,Trivandrum,Security guard with gun (8 hours shift duty per day),1200.0
2022,7,Trivandrum,Mali (semi- Skilled),900.0
2022,7,Trivandrum,Seam bolts and nuts 6 mm dia and 25 mm long,51.0
2022,7,Trivandrum,Fibre (high impact poly propelene reinforced) cement corrugated sheet 6 mm thick,320.0
2022,7,Trivandrum,Fibre (high impact poly propelene reinforced) cement close fitting adjustable ridge,267.0
2022,7,Trivandrum,Fibre (high impact poly propelene reinforced) cement corrugate serrated adjustable ridge,267.0
2022,7,Trivandrum,Fibre (high impact poly propelene reinforced) cement plain wing adjustable ridge,254.0
2022,7,Trivandrum,Fibre (high impact poly propelene reinforced) cement unserrated adjustable ridge for hips,381.0
2022,7,Trivandrum,Fibre (high impact poly propelene reinforced) cement corrugated apron piece,288.0
2022,7,Trivandrum,Fibre (high impact poly propelene reinforced) cement eaves filler piece,226.0
2022,7,Trivandrum,Fibre (high impact poly propelene reinforced) cement north light curves,394.0
2022,7,Trivandrum,Non-Asbestos fibre (high impact poly propelene reinforced) cement ventilator curves,521.0
2022,7,Trivandrum,Fibre (high impact poly propelene reinforced) cement barge boards 6 mm thick,521.0
2022,7,Trivandrum,Fibre (high impact poly propelene reinforced) cement ridge finial,204.0
2022,7,Trivandrum,Fibre (high impact poly propelene reinforced) cement special north light curves,700.0
2022,7,Trivandrum,Fibre (high impact poly propelene reinforced) cement S type louvers,318.0
2022,7,Trivandrum,Multi purpose fibre (high impact poly propelene reinforced) cement board 6 mm thick,258.0
2022,7,Trivandrum,Multi purpose fibre (high impact poly propelene reinforced) cement 8 mm thick,318.0
2022,7,Trivandrum,6 mm thick heavy duty fiber cement board,570.0
2022,7,Trivandrum,8 mm thick heavy duty fiber cement board,413.0
2022,7,Trivandrum,9 mm thick heavy duty fiber cement board,845.0
2022,7,Trivandrum,12.5 mm thick Gypsum plaster board,205.0
2022,7,Trivandrum,6 mm thick multipurpose cement bonded wood particle board conforming to IS : 14276,263.0
2022,7,Trivandrum,8 mm thick multipurpose cement bonded wood particle board conforming to IS : 14276,302.0
2022,7,Trivandrum,Factory made light weight composite non asbestos fibre reinforced aerated cement sandwitched wall/roof panel (50mm thick). The outer face on both sides of the panels will be non asbestos fibre cement board (minimum 4mm thick) confirming to IS 14862:2000,860.0
2022,7,Trivandrum,Factory made light weight non asbestos fibre reinforced aeratedcement sandwitched wall/roof panel (75mm thick). The outer face onboth sides of the panels will be non asbestos fibre cement board(minimum 5mm thick) confirming to IS 14862:2000,1070.0
2022,7,Trivandrum,2mm thick sim pad,13.5
2022,7,Trivandrum,5mm thick sim pad,20.5
2022,7,Trivandrum,10mm thick sim pad,33.0
2022,7,Trivandrum,Brick Aggregate (single size):63 mm nominal size,885.0
2022,7,Trivandrum,Brick Aggregate (single size):50 mm nominal size,885.0
2022,7,Trivandrum,Brick Aggregate (single size):40 mm nominal size,885.0
2022,7,Trivandrum,Stone Aggregate(single size):63 mm nominal size,2100.0
2022,7,Trivandrum,Stone Aggregate(single size):50 mm nominal size,2150.0
2022,7,Trivandrum,Stone Aggregate(single size): 40 mm nominal size,2300.0
2022,7,Trivandrum,Stone Aggregate(single size):25 mm nominal size,2600.0
2022,7,Trivandrum,Stone Aggregate(single size):20 mm nominal size,2650.0
2022,7,Trivandrum,Stone Aggregate(single size): 12.5 mm nominal size,2750.0
2022,7,Trivandrum,Stone Aggregate(single size): 10 mm nominal size,2955.0
2022,7,Trivandrum,Stone Aggregate(single size): 06 mm nominal size,3000.0
2022,7,Trivandrum,Safeda ballies 125 mm diameter,62.0
2022,7,Trivandrum,Cowdung,275.0
2022,7,Trivandrum,Bajiri,1429.0
2022,7,Trivandrum,Bamboo 25 mm dia 2.5 meter long,543.0
2022,7,Trivandrum,Bhusa,508.0
2022,7,Trivandrum,Bitumen grade PMB - 40,44000.0
2022,7,Trivandrum,Blown type petroleum bitumen of penetration 85/25 of approved quality,47000.0
2022,7,Trivandrum,Bitumen hot sealing compound : grade A,40.0
2022,7,Trivandrum,Bitumen solution primer of approved quality,62.0
2022,7,Trivandrum,Premoulded joing filler 12 mm thick,490.0
2022,7,Trivandrum,Bitumen felt fibre base (vegetable or animal): Type 2 grade 1,95.0
2022,7,Trivandrum,Bitumen felt as per IS 7193 Grade II,109.0
2022,7,Trivandrum,Bitumen felt : Type 3 grade 1,95.0
2022,7,Trivandrum,Separation Membrane of impermeable plastic sheeting 125 micron thick,18.0
2022,7,Trivandrum,Coal Tar,41.0
2022,7,Trivandrum,Blasting powder,55.0
2022,7,Trivandrum,Blasting fuse (fuse wire),21.0
2022,7,Trivandrum,White face insulating board : 12 mm thick,460.0
2022,7,Trivandrum,Natural colour insulating board : 12 mm thick,343.0
2022,7,Trivandrum,Flame retardant face insulating board : 12 mm thick,450.0
2022,7,Trivandrum,"Flame retardant face inslulating, impregnated fibre board 12 mm thick",510.0
2022,7,Trivandrum,"Flat pressed 3 layer particle board (medium density) Grade 1,12 mm thick",415.0
2022,7,Trivandrum,Extra for veneered particle board with : Teak veneering on one side and commercial veneering on other side,332.0
2022,7,Trivandrum,Extra for veneered particle board with Commercial veneering on both sides,216.0
2022,7,Trivandrum,Extra for veneered particle board with Teak veneering both sides,636.0
2022,7,Trivandrum,Curing compound,65.0
2022,7,Trivandrum,Integral cystalline slurry,347.0
2022,7,Trivandrum,Integral crystalline admixture,395.0
2022,7,Trivandrum,Crystalline mortar,318.0
2022,7,Trivandrum,Integral cystalline dry shake,525.0
2022,7,Trivandrum,Swellable type water stop tape,534.0
2022,7,Trivandrum,Primer for swellable type wate stop tape,2237.0
2022,7,Trivandrum,Polymer modified adhesive mortar,30.0
2022,7,Trivandrum,Brick bats,636.0
2022,7,Trivandrum,Wire brush,27.2
2022,7,Trivandrum,Soft brush,27.2
2022,7,Trivandrum,Portland Cement,7400.0
2022,7,Trivandrum,White cement,22000.0
2022,7,Trivandrum,"Plastic sheath,1.25 mm thick for dowel bars",40.0
2022,7,Trivandrum,Coal (steam),600.0
2022,7,Trivandrum,Sealant primer,185.0
2022,7,Trivandrum,Cramp Gun metal 25x6x300 mm,112.0
2022,7,Trivandrum,"Pre moulded joint filler, 25mm thick for expansion joint",637.0
2022,7,Trivandrum,Brass butt hinges (light /ordinary type):125x70x4 mm,1413.0
2022,7,Trivandrum,Brass butt hinges (light /ordinary type) : 100x70x4 mm,1230.0
2022,7,Trivandrum,Brass butt hinges (light /ordinary type) : 75x40x2.5 mm,637.0
2022,7,Trivandrum,Brass butt hinges (light /ordinary type) : 50x40x2.5 mm,237.0
2022,7,Trivandrum,Brass butt hinges (heavy type) :125x85x5.5 mm(0.70 kg),4237.0
2022,7,Trivandrum,Brass butt hinges (heavy type) : 100x85x5.5 mm (0.56kg),3758.0
2022,7,Trivandrum,Brass butt hinges (heavy type): 75x65x4.0 mm (0.20 kg),1299.0
2022,7,Trivandrum,Brass parliamentary hinges 150x125x27x5 mm,3895.0
2022,7,Trivandrum,Brass parliamentary hinges 125x125x27x5 mm,3416.0
2022,7,Trivandrum,Brass parliamentary hinges 100x125x27x5 mm,3143.0
2022,7,Trivandrum,Brass parliamentary hinges 75x100x20x3.2 mm,2585.0
2022,7,Trivandrum,Brass single acting spring hinges 150 mm,576.0
2022,7,Trivandrum,Brass single acting spring hinges 125 mm,387.0
2022,7,Trivandrum,Brass single acting spring hinges 100 mm,339.0
2022,7,Trivandrum,Brass double acting spring hinges 150 mm,684.0
2022,7,Trivandrum,Brass double acting spring hinges 125 mm,542.5
2022,7,Trivandrum,Brass double acting spring hinges 100 mm,438.0
2022,7,Trivandrum,Brass tower bolt (barrel type) 250x10 mm,348.5
2022,7,Trivandrum,Brass tower bolt (barrel type) 200x10 mm,278.0
2022,7,Trivandrum,Brass tower bolt (barrel type) 150 x 10 mm,209.0
2022,7,Trivandrum,Brass tower bolt (barrel type) 100 x 10 mm,139.6
2022,7,Trivandrum,Brass flush bolt 250 mm,205.0
2022,7,Trivandrum,Brass flush bolt 150 mm,177.0
2022,7,Trivandrum,Brass flush bolt 100 mm,123.0
2022,7,Trivandrum,Brass handles 125 mm with plate 175x32 mm,195.5
2022,7,Trivandrum,Brass handles 100 mm with plate 150x32 mm mm,180.0
2022,7,Trivandrum,Brass handles 75 mm with plate 125x32 mm,139.7
2022,7,Trivandrum,Brass door latch 300x16x5x mm (0.380 kg),251.0
2022,7,Trivandrum,Brass door latch 250x16x5 mm (0.350 kg),237.5
2022,7,Trivandrum,Brass mortice latch and lock 100 x 65 mm with6 levers and  a pair of brass lever handles,543.0
2022,7,Trivandrum,Brass mortice latch 100x65 mm with a pair of brass lever handles,438.0
2022,7,Trivandrum,Brass 150 mm floor door stopper (0.357 kg),232.0
2022,7,Trivandrum,Brass hard drawn hooks and eyes 300 mm,1024.0
2022,7,Trivandrum,Brass hard drawn hooks and eyes 250 mm,957.0
2022,7,Trivandrum,Brass hard drawn hooks and eyes 200 mm,884.0
2022,7,Trivandrum,Brass hard drawn hooks and eyes 150 mm,847.0
2022,7,Trivandrum,Brass hard drawn hooks and eyes 100 mm,719.0
2022,7,Trivandrum,Brass casement window fastener,69.0
2022,7,Trivandrum,Brass casement stays (straight peg type ) 300 mm weighing not less than 0.33 kg,187.0
2022,7,Trivandrum,Brass casement stays (straight peg type) 250 mm weighing not less than 0.28 kg,151.0
2022,7,Trivandrum,Brass casement stays (straight peg type) 200 mm weighing not less than 0.24 kg,137.0
2022,7,Trivandrum,Brass quadrant stays 300 mm,173.0
2022,7,Trivandrum,Brass fanlight catch,242.0
2022,7,Trivandrum,Brass fanlight pivot,269.0
2022,7,Trivandrum,Brass chain with hook for fan light catch,55.0
2022,7,Trivandrum,Brass hasps and staples (safety type ) 150 mm,1061.0
2022,7,Trivandrum,Brass hasps and staples (safety type) 115 mm,930.0
2022,7,Trivandrum,Brass hasps and staples (safety type) 90 mm,812.0
2022,7,Trivandrum,Brass Night latch,830.0
2022,7,Trivandrum,Brass helical spring 150 mm,424.0
2022,7,Trivandrum,Brass curtain rod 20 mm dia 1.25 mm thick,190.0
2022,7,Trivandrum,Brass curtain rod 25 mm dia 1.25 mm thick,258.0
2022,7,Trivandrum,Brass brackets (curtain rods) 20 mm,59.0
2022,7,Trivandrum,Brass cupboard knob or wardrobe knob 50 mm,51.0
2022,7,Trivandrum,brass screws 50 mm,300.0
2022,7,Trivandrum,Brass screws 40 mm,232.0
2022,7,Trivandrum,Brass screws 30 mm,190.0
2022,7,Trivandrum,Brass screws 25 mm,140.0
2022,7,Trivandrum,Brass screws 20 mm,129.0
2022,7,Trivandrum,"Stainless steel SS grade 304 , curtain rod 20 mm dia 1.20mm thick",205.0
2022,7,Trivandrum,"Stainless steel SS grade 304, curtain rod 25 mm dia 1.20mm thick",245.0
2022,7,Trivandrum,"Stainless steel SS grade 304, brackets ( curtain rod) 20 mm dia 1.20mm thick",80.0
2022,7,Trivandrum,"Stainless steel SS grade 304, brackets ( curtain rod) 25 mm dia 1.20mm thick",100.0
2022,7,Trivandrum,plastic sleeves for screw,2.7
2022,7,Trivandrum,Chromium plated Brass butt hinges (heavy) type 75x65x4 mm (200 gms),1366.0
2022,7,Trivandrum,Chromium plated Brass butt hinges (light/ordinary) type 125x70x4 mm,1162.0
2022,7,Trivandrum,Chromium plated Brass butt hinges (light/ordinary) type 100x70x4 mm,957.0
2022,7,Trivandrum,Chromium plated Brass butt hinges (light/ordinary) type 75x40x2.5 mm,629.0
2022,7,Trivandrum,Chromium plated Brass butt hinges (light/ordinary) type 50x40x2.5 mm,273.0
2022,7,Trivandrum,75 mm SS fancy handles for kitchen cabinet,415.0
2022,7,Trivandrum,100 mm SS Fancy handles for kitchen cabinet,690.0
2022,7,Trivandrum,125 mm SS fancy handles for kitchen cabinet,965.0
2022,7,Trivandrum,Chromium plated Brass handles 125 mm with plate 175x32 mm,245.0
2022,7,Trivandrum,Chromium plated Brass handles 100 mm with plate 150x32 mm,205.0
2022,7,Trivandrum,Chromium plated Brass handles 75 mm with plate 125x32 mm,177.0
2022,7,Trivandrum,Chromium plated Brass mortice latch and lock 100x65 mm with 6 levers and a pair of brass lever handles,737.0
2022,7,Trivandrum,Chromium plated brass casement window fastener,132.0
2022,7,Trivandrum,Chromium plated Brass casement stays (straight peg type) 300 mm weighing not less than 0.33 kg,205.0
2022,7,Trivandrum,Chromium plated Brass casement stays (straight peg type) 250 mm weighing not less than 0.28,177.0
2022,7,Trivandrum,Chromium plated Brass casement stays (straight peg type) 200 mm weighing not less than 0.24 kg,160.0
2022,7,Trivandrum,Chromium plated Brass Night latch,725.0
2022,7,Trivandrum,Chromium plated Brass Wardrobe Knob 50 mm,109.0
2022,7,Trivandrum,Chromium plated Brass Screws 50 MM,406.0
2022,7,Trivandrum,Chromium plated Brass screw 40 mm,393.0
2022,7,Trivandrum,Chromium plated Brass screws 30 mm,325.0
2022,7,Trivandrum,Chromium plated Brass screws 25 mm,244.0
2022,7,Trivandrum,Chromium plated Brass screws 20 mm,216.0
2022,7,Trivandrum,Chromium plated Brass curtain rod 12 mm dia 1.25 mm thick,260.0
2022,7,Trivandrum,Chromium plated Brass curtain rod 20 mm dia 1.25 mm thick,356.0
2022,7,Trivandrum,Chromium plated Brass curtain rod 25 mm dia 1.25 mm thick,478.0
2022,7,Trivandrum,"C. P. Brass Extension Nipple (1/2""x2"" size)",64.0
2022,7,Trivandrum,Bright finished or black enameled mild steel butt hinges 125x65x2.12 mm,191.0
2022,7,Trivandrum,Bright finished or black enameled mild steel butt hinges 100x58x1.90 mm,118.0
2022,7,Trivandrum,Bright finished or black enameled mild steel butt hinges 75x47x1.70 mm,82.0
2022,7,Trivandrum,Bright finished or black enameled mild steel butt hinges 50x37x1.50 mm,69.0
2022,7,Trivandrum,Nickel plated bright finished mild steel piano hinges 1 mm thick 25 mm wide,55.0
2022,7,Trivandrum,Bright finished or black enameled mild steel screws 50 mm,102.0
2022,7,Trivandrum,Bright finished or black enameled mild steel screws 40 mm,82.0
2022,7,Trivandrum,Bright finished or black enameled mild steel screws 30 mm,61.5
2022,7,Trivandrum,Bright finished or black enameled mild steel screws 25 mm,51.0
2022,7,Trivandrum,Bright finished or black enameled mild steel screws 20 mm,41.0
2022,7,Trivandrum,Bright finished or black enameled mild steel bolts and nuts 50x6 mm,9.0
2022,7,Trivandrum,Oxidised mild steel butt hinges 125x65x2.12 MM,191.0
2022,7,Trivandrum,Oxidised mild steel butt hinges 100x58x1.90 mm,123.0
2022,7,Trivandrum,Oxidised mild steel butt hinges 75x47x1.70 mm,91.0
2022,7,Trivandrum,Oxidised mild steel butt hinges 50x37x1.50 mm,77.0
2022,7,Trivandrum,Oxidised mild steel parliamentary hinges 150x125x27x2.8 mm,464.0
2022,7,Trivandrum,Oxidised mild steel parliamentary hinges 125x125x27x2.8 mm,433.0
2022,7,Trivandrum,Oxidised mild steel parliamentary hinges 100x125x27x2.8 mm,324.0
2022,7,Trivandrum,Oxidised mild steel parliamentary hinges 75x100x20x2.24 mm,273.0
2022,7,Trivandrum,Oxidised mild steel single acting spring hinges 150 mm,190.0
2022,7,Trivandrum,Oxidised mild steel single acting spring  hinges 150 mm,210.0
2022,7,Trivandrum,Oxidised mild steel single acting spring  hinges 125 mm,183.0
2022,7,Trivandrum,Oxidised mild steel single acting spring  hinges 100 mm,160.0
2022,7,Trivandrum,Nickel plated mild steel piano hinges 1 mm thick 35 mm wide,63.0
2022,7,Trivandrum,Oxidised mild steel sliding door bolt 300x16 mm,132.0
2022,7,Trivandrum,Oxidised mild steel sliding door bolt 250x16 mm,123.0
2022,7,Trivandrum,Oxidised mild steel door latch 300x20x6 mm,67.0
2022,7,Trivandrum,Oxidised mild steel door latch 250x20x6 mm,55.0
2022,7,Trivandrum,Oxidised mild steel tower bolt (barrel type) 250x10mm,63.0
2022,7,Trivandrum,Oxidised mild steel tower bolt (barrel type) 200x10 mm,55.0
2022,7,Trivandrum,Oxidised mild steel tower bolt (barrel type) 150x10 mm,41.0
2022,7,Trivandrum,Oxidised mild steel tower bolt (barrel type) 100x10 mm,37.0
2022,7,Trivandrum,Oxidised mild steel handles 125 mm,27.0
2022,7,Trivandrum,Oxidised mild steel handles 100 mm,23.0
2022,7,Trivandrum,Oxidised mild steel handles 75 mm,23.0
2022,7,Trivandrum,Oxidised mild steel hasps and staples (safety type)150 mm,173.0
2022,7,Trivandrum,Oxidised mild steel hasps and staples (safety type ) 115 mm,147.0
2022,7,Trivandrum,Oxidised mild steel hasps and staples (safety type ) 90 mm,107.0
2022,7,Trivandrum,Oxidised mild steel screws 50 mm,104.0
2022,7,Trivandrum,Oxidised mild steel screws 40 mm,84.0
2022,7,Trivandrum,Oxidised mild steel screws 30 mm,77.0
2022,7,Trivandrum,Oxidised mild steel screws 25 mm,63.0
2022,7,Trivandrum,Oxidised mild steel screws 20 mm,51.0
2022,7,Trivandrum,Anodised Aluminium butt hinges 125x75x4 mm,779.0
2022,7,Trivandrum,Anodised Aluminium butt hinges 125x63x4xmm,725.0
2022,7,Trivandrum,Anodised Aluminium butt hinges 100x75x4 mm,711.0
2022,7,Trivandrum,Anodised Aluminium butt hinges 100x63x3.2 mm,684.0
2022,7,Trivandrum,Anodised Aluminium butt hinges 100x63x4 mm,697.0
2022,7,Trivandrum,Anodised Aluminium butt hinges 75x63x4 mm,684.0
2022,7,Trivandrum,Anodised Aluminium butt hinges 75x63x3.2 mm,642.0
2022,7,Trivandrum,Anodised Aluminium butt hinges 75x45x3.2 mm,533.0
2022,7,Trivandrum,Anodised Aluminium sliding door bolt 300x16 mm,177.0
2022,7,Trivandrum,Anodised Aluminium tower bolt (barrel type)300x10 mm,1024.0
2022,7,Trivandrum,Anodised Aluminium tower bolt (barrel type) 250 x 10 mm,820.0
2022,7,Trivandrum,Anodised Aluminium tower bolt (barrel type) 200x10 mm,656.0
2022,7,Trivandrum,Anodised Aluminium tower bolt (barrel type) 150x10 mm,519.0
2022,7,Trivandrum,Anodised Aluminium tower bolt (barrel type) 100x10 mm,640.0
2022,7,Trivandrum,Anodised Aluminium handles 125 mm with plate 175 x 32 mm,684.0
2022,7,Trivandrum,Anodised Aluminium handles 100 mm with plate 150 x 32 mm,519.0
2022,7,Trivandrum,Anodised Aluminium handles 75 mm with plate 125 x 32 mm,438.0
2022,7,Trivandrum,Anodised Aluminium kicking plate 50 cm long 100x3.15 mm,195.0
2022,7,Trivandrum,Block board construction flush door with teak wood ply on both faces 35 mm thick,2440.0
2022,7,Trivandrum,Block board construction flush door with teak wood play on both faces 30 mm thick,2170.0
2022,7,Trivandrum,Block board construction flush door with teak wood ply on both faces 25 mm thick,1950.0
2022,7,Trivandrum,Block board construction flush door with commercial ply on both faces,1575.0
2022,7,Trivandrum,Block board construction flush door with commercial ply on both faces 30 mm thick,1370.0
2022,7,Trivandrum,Block board construction flush door with commerciial ply on both faces 25 mm thick,1230.0
2022,7,Trivandrum,Block board construction flush door lipping,410.0
2022,7,Trivandrum,Square vision panel (upto 0.10sqm) in Block board construction flush door,159.0
2022,7,Trivandrum,Circular vision panel (upto 0.10 sqm) in Block board construction flush door,246.0
2022,7,Trivandrum,Decorative type Louvers (upto 0.20 sqm) in Block board construction flush door,430.0
2022,7,Trivandrum,Rebate cutting in Block board construction flush door,120.0
2022,7,Trivandrum,Decorative plywood 4 mm,540.0
2022,7,Trivandrum,Fuel wood,806.0
2022,7,Trivandrum,Glue,91.0
2022,7,Trivandrum,Calcium silicate base compound for jointing calcium silicate tiles,40.0
2022,7,Trivandrum,Hessian cloth,60.0
2022,7,Trivandrum,Cement Concrete Jali 50 mm thick,540.0
2022,7,Trivandrum,Cement Concrete Jali 40 mm thick,474.0
2022,7,Trivandrum,Cement Concrete Jali 25 mm thick,372.0
2022,7,Trivandrum,Kerosene oil,115.0
2022,7,Trivandrum,White cement based polymer modified self curing compound in powder form,35.0
2022,7,Trivandrum,Unslaked lime,465.0
2022,7,Trivandrum,Deharadun white lime,656.0
2022,7,Trivandrum,Satna lime,410.0
2022,7,Trivandrum,Dry hydrated lime (factory made),314.0
2022,7,Trivandrum,Marble dust/ powder,1444.0
2022,7,Trivandrum,Marble chips up to 4 mm and downsize white &black,274.0
2022,7,Trivandrum,Marble chips large size above 4 mm white & black,339.0
2022,7,Trivandrum,Silicon and acrylic emulsion,280.0
2022,7,Trivandrum,"Acrylic distemper Ist quality, having VOC content less than 50 gm/litre",80.0
2022,7,Trivandrum,"Acrylic emulsion, having VOC content less than 50 gm/litre",355.0
2022,7,Trivandrum,"Premium acrylic emulsion of interior grade, having VOC content less than 50 gm/litre",460.0
2022,7,Trivandrum,"Synthetic enamel paint, having VOC ( Volatile Organic Compound content less than 150 gm/liitre",325.0
2022,7,Trivandrum,Ready mixed pink or grey primer on wood work(hard and softwood)  having VOC content less than 50 gms/litre,195.0
2022,7,Trivandrum,"Ready mixed red oxide zinc chromatic on steel/ iron work, having VOC content less than 250 gms/litre",230.0
2022,7,Trivandrum,"Water thinnable cement primer for interior wall surface, having VOC content less than 50 gms/litre",130.0
2022,7,Trivandrum,Exterior primer,192.0
2022,7,Trivandrum,Moorum,637.0
2022,7,Trivandrum,Mud (dry),156.0
2022,7,Trivandrum,Dry distemper,97.0
2022,7,Trivandrum,Oil bound washable distemper/ Acrylic distemper,110.0
2022,7,Trivandrum,Linseed oil (double boiled),258.0
2022,7,Trivandrum,Cement Primer,136.0
2022,7,Trivandrum,Distemper primer,136.0
2022,7,Trivandrum,Pink primer (for wood),148.0
2022,7,Trivandrum,White cement based putty,32.0
2022,7,Trivandrum,Aluminium paint,205.0
2022,7,Trivandrum,Acid proof paint (chocolate or black),305.0
2022,7,Trivandrum,Anticorrosive bituminous paint (black),136.0
2022,7,Trivandrum,Black Japan,135.0
2022,7,Trivandrum,Enamel paint,240.0
2022,7,Trivandrum,Floor enamel paint in all shades except green,339.0
2022,7,Trivandrum,Synthetic enamel paint in black or chocolate shade,235.0
2022,7,Trivandrum,Synthetic enamel paint in all shades except black or chocolate shade,220.0
2022,7,Trivandrum,Plastic emulsion paint,272.0
2022,7,Trivandrum,"100% Premium acrylic dirt resistance, Silicone additives exterior paint",367.0
2022,7,Trivandrum,Acrylic Exterior Primer,155.0
2022,7,Trivandrum,Roofing paint for iron sheets in red colour,165.0
2022,7,Trivandrum,White lead,175.0
2022,7,Trivandrum,water proofing cement paint,53.0
2022,7,Trivandrum,Wax polish (ready made),410.0
2022,7,Trivandrum,Ordinary varnish,132.0
2022,7,Trivandrum,Superior copal varnish,191.0
2022,7,Trivandrum,Superior spar varnish,191.0
2022,7,Trivandrum,Oil type wood preservative,175.0
2022,7,Trivandrum,Putty for wood work,63.0
2022,7,Trivandrum,Premixed super white gypsum plaster,19.0
2022,7,Trivandrum,Plaster or paris,9.0
2022,7,Trivandrum,Plug,14.0
2022,7,Trivandrum,Copper pins 6 mm dia 7.5 cm long,14.0
2022,7,Trivandrum,Black colour dark shade pigment,100.0
2022,7,Trivandrum,"Red chocolate, orange, buff or yellow (red oxide of iron) light shade",114.0
2022,7,Trivandrum,Green or blue medium shade pigment,104.0
2022,7,Trivandrum,Standard holder bat clamps for sand cast iron or cast iron pipes 150 mm dia,37.0
2022,7,Trivandrum,Sand cast iron plain shoe 150 mm dia,446.0
2022,7,Trivandrum,Copper plate,725.0
2022,7,Trivandrum,Pulley 25 mm dia,65.0
2022,7,Trivandrum,Rolling shutter made of 80x1.25 mm machine rolled laths,1990.0
2022,7,Trivandrum,Top cover for rolling shutters 1.25 mm thick,1085.0
2022,7,Trivandrum,27.5 cm long wire spring grade no 2 for rolling shutters,410.0
2022,7,Trivandrum,Ball bearing for rolling shutters,450.0
2022,7,Trivandrum,Extra for mechanical devices chain and cranked operation for operating rolling shutters: exceeding 16.80 sqm area of door,1100.0
2022,7,Trivandrum,Extra for mechanical devices chain and cranked operation for operating rolling shutters: exceeding 16.80 sqm area of  door,1100.0
2022,7,Trivandrum,Royalty for good earth,250.0
2022,7,Trivandrum,Royalty for sludge,140.0
2022,7,Trivandrum,Coarse sand (zone III),3500.0
2022,7,Trivandrum,Fine sand (zone IV),3400.0
2022,7,Trivandrum,Galvanised steel plain sheets,7350.0
2022,7,Trivandrum,FY-1860 grade wire strands,9950.0
2022,7,Trivandrum,Standard quality hard board sheet 3 mm thick,185.0
2022,7,Trivandrum,Standard quality hard board sheet 4.5 mm thick,290.0
2022,7,Trivandrum,Shellac,450.0
2022,7,Trivandrum,Spirit,96.0
2022,7,Trivandrum,Mild steel round bar 12 mm dia and below,7650.0
2022,7,Trivandrum,Mild Steel round bar above 12 mm dia,7650.0
2022,7,Trivandrum,Average rate of mild steel round bars for reinforcements,7500.0
2022,7,Trivandrum,Twisted steel/deformed bars,7700.0
2022,7,Trivandrum,Mild steel square bars,7500.0
2022,7,Trivandrum,"Structural steel such as tees, angles, channels and R.S. joists",8500.0
2022,7,Trivandrum,Flats up to 10 mm in thickness,7300.0
2022,7,Trivandrum,Flats exceeding 10 mm in thickness,7250.0
2022,7,Trivandrum,Mild steel plates,7550.0
2022,7,Trivandrum,"Steel glazed door, window/ ventilator, all members viz, F7D, F4B, K11 and K12B etc.",420.0
2022,7,Trivandrum,Pregalvanized high tensile steel confirming to IS:277-199,130.0
2022,7,Trivandrum,Mild steel sheets for tanks,8500.0
2022,7,Trivandrum,Mild steel expanded metal 20x60xmm strands,680.0
2022,7,Trivandrum,Mild steel hooks,51.0
2022,7,Trivandrum,Mild steel rivets,6833.0
2022,7,Trivandrum,Hard drawn steel wire fabric,600.0
2022,7,Trivandrum,Galvanised steel bolts & nuts 6 mm dia and 25 mm long round head with slots,58.0
2022,7,Trivandrum,Galvanised steel J or L hooks 8 mm dia,165.0
2022,7,Trivandrum,Galvanished steel bolts & nuts 10 mm dia and 125 mm long round head with slots,22.0
2022,7,Trivandrum,Mild steel bolts 6 mm dia and 25 mm long with hexagonal head,45.0
2022,7,Trivandrum,Erection Bolts ( Minimum 04 nos for each element),34.0
2022,7,Trivandrum,Straining bolts,90.0
2022,7,Trivandrum,Galvanished steel barbed wire,7450.0
2022,7,Trivandrum,Galvanised steel turn buckles,48.0
2022,7,Trivandrum,Galvanised steel bolts & nuts 10 mm dia and 27 cm long both sides threaded with 4 galvanised steel nuts,45.0
2022,7,Trivandrum,Galvanised steel bolts 10 mm dia and 7 cm long with nuts,32.0
2022,7,Trivandrum,Bolts and nuts up to 300 mm in length,7300.0
2022,7,Trivandrum,Bolts and nuts above 300 mm in length,7400.0
2022,7,Trivandrum,Iron pintels including weldded pin,60.0
2022,7,Trivandrum,Steel beading siz 10 x 10x 106 mm (box type),34.0
2022,7,Trivandrum,Aluminium Plain Strip edging 38x12x3 mm,127.0
2022,7,Trivandrum,Glass strip 4 mm thick 40 mm deep,32.0
2022,7,Trivandrum,Boundary stone top chisel  dressed 15X15X90  cm,150.0
2022,7,Trivandrum,Through and bond stone size 24 x 24 x 39cm,6750.0
2022,7,Trivandrum,Stone for masonry work,1905.0
2022,7,Trivandrum,Stone for pitching 15 cm x 22.5 cm,1600.0
2022,7,Trivandrum,Stone dust,1490.0
2022,7,Trivandrum,Red sand stone block,108.0
2022,7,Trivandrum,White sand stone block,278.0
2022,7,Trivandrum,White sand stone slab 75 mm thick (un- dressed),1220.0
2022,7,Trivandrum,Red sand stone slab 40 mm thick (un-dressed),270.0
2022,7,Trivandrum,White sand stone slab 40 mm thick (un-dressed),270.0
2022,7,Trivandrum,Red sand stone slab 30 mm thick (un-dressed),270.0
2022,7,Trivandrum,Kota stone slab 20 mm to 25 mm thick (semi-polished),530.0
2022,7,Trivandrum,Kota stone slab 25 mm thick (rough chiseled),410.0
2022,7,Trivandrum,Red sand stone slab 45 mm to 50 mm thick (un-dressed),305.0
2022,7,Trivandrum,White sand stone slab 45 mm to 50 mm thick (un-dressed),324.0
2022,7,Trivandrum,Stone grit 6 mm and down size or pea sized gravel,1324.0
2022,7,Trivandrum,Crushed stone 2.36 mm to 12.5 mm size,1357.0
2022,7,Trivandrum,Surkhi,1000.0
2022,7,Trivandrum,"Superior class teak wood such as Dandeli, Balarshah or Malabar in planks",1864.0
2022,7,Trivandrum,First class teak wood in scantling,1525.0
2022,7,Trivandrum,First class teak wook in planks,1695.0
2022,7,Trivandrum,Second class teak wood in scantling,1271.0
2022,7,Trivandrum,Second class teak wood in planks,1441.0
2022,7,Trivandrum,Marandi wood in planks,596.0
2022,7,Trivandrum,Marandi wood in scantling,584.0
2022,7,Trivandrum,Second class deodar wood in planks,687.0
2022,7,Trivandrum,First class kail wood in planks,455.0
2022,7,Trivandrum,Second class kail wood in scantling,399.0
2022,7,Trivandrum,Second class kail wood in planks,385.0
2022,7,Trivandrum,Sal wood in scantling,825.0
2022,7,Trivandrum,Klin seasoned selected sheesham wood planks,880.0
2022,7,Trivandrum,Precast terrazzo tiles 22 mm thick (light shade),500.0
2022,7,Trivandrum,Precast terrazzo tiles 22 mm thick (medium shade),475.0
2022,7,Trivandrum,Precast terrazzo tiles 22 mm thick (dark shade),475.0
2022,7,Trivandrum,Precast heat resistant terrance tiles (size 300x300 mm) and 20 mm thick,650.0
2022,7,Trivandrum,G.I Limpet washer,47.0
2022,7,Trivandrum,Bitumen washer,60.0
2022,7,Trivandrum,G.I. Plain washer thick,80.0
2022,7,Trivandrum,G.I. Plain washer thin,50.0
2022,7,Trivandrum,G.I. Plain washer for seam bolts,44.0
2022,7,Trivandrum,Water proofing materials,55.0
2022,7,Trivandrum,Welding by gas plant,4.0
2022,7,Trivandrum,Welding by electric plant,4.0
2022,7,Trivandrum,Whiting,815.0
2022,7,Trivandrum,GI Wire mesh 100x100 mm,100.0
2022,7,Trivandrum,Shear stud,67.0
2022,7,Trivandrum,Wire nails,90.0
2022,7,Trivandrum,Wire mesh (rabbit),75.0
2022,7,Trivandrum,20 mm dia holding down bolts,7375.0
2022,7,Trivandrum,Mild steel sheets with bolts and nuts to rest on pintels,165.0
2022,7,Trivandrum,Steel weld mesh,203.0
2022,7,Trivandrum,Hard drawn steel wire,7000.0
2022,7,Trivandrum,Mild steel flat strap fitting,5657.0
2022,7,Trivandrum,Chequered terrazzo tiles 22 mm thick (light shade),450.0
2022,7,Trivandrum,Chequered terrazzo tiles 22 mm thick (medium shade),450.0
2022,7,Trivandrum,Chequered terrazzo tiles 22 mm thick (dark shade),450.0
2022,7,Trivandrum,Extra for selected planks of second class teakwood,202.0
2022,7,Trivandrum,Aluminium Plain Strip edging 57x12x3 mm,174.0
2022,7,Trivandrum,Diesel oil,97.0
2022,7,Trivandrum,Cutting marble or sand stone slab up to 50 mm thick by mechanical device,14.0
2022,7,Trivandrum,Extra for selected planks of first class teakwood,203.0
2022,7,Trivandrum,18 mm thick Flamed finish granite stone slab,2157.0
2022,7,Trivandrum,18 mm thick Italian Marble stone slab. Perlato (slab area up to 0.5 sqm),4400.0
2022,7,Trivandrum,Commercial LPG in cylinder,77.0
2022,7,Trivandrum,Glass mossaic tiles (20 mm x 20 mmx 4 mm).,2800.0
2022,7,Trivandrum,Tile fixing chemical adhesive,45.0
2022,7,Trivandrum,Cement Polymer Grout Compound,50.0
2022,7,Trivandrum,Acid for cleaning tiles,59.0
2022,7,Trivandrum,Silicon based Joint Sealeant for Tiles,225.0
2022,7,Trivandrum,Rubber base Adhesive,310.0
2022,7,Trivandrum,Epoxy based sealing Compound,735.0
2022,7,Trivandrum,Acrylic based sealing compound,680.0
2022,7,Trivandrum,Non woven reinforcement Tape,1.0
2022,7,Trivandrum,M-60 grade cemetitious grout (Non Shrink),37.5
2022,7,Trivandrum,Cementitious polymer base adhesive confirming to EOTA ETAG 004 (European Technical Approval),46.0
2022,7,Trivandrum,Polypropylene mechanical fastener with plastic pin confirming to EOTA ETAG 014 (European Technical Approval) having dia 10mm & L=200mm,40.0
2022,7,Trivandrum,Moisture cure Polyurethane Foam,802.0
2022,7,Trivandrum,PVC Corner Bead of size 25mmx25mm fixed with glass fibre mesh(100mm x 100mm),120.0
2022,7,Trivandrum,Cementitious polymer base coat confirming to EOTA ETAG 004 (European Technical Approval),54.0
2022,7,Trivandrum,"Fiberglass mesh with alkali-resistant coating having mass per unit area ?145 g/m2, mesh size: 3.9x4.0 mm ±10%",100.0
2022,7,Trivandrum,Bleaching powder,2800.0
2022,7,Trivandrum,Surface box for stop cock,161.0
2022,7,Trivandrum,Surface box for sluice valve,267.0
2022,7,Trivandrum,Surface box for water meter,318.0
2022,7,Trivandrum,C.I. bracket for wash basin and sinks,120.0
2022,7,Trivandrum,8 mm dia C.P. Brass/ S.S. Jet with flexible tube upto 1 metre long with S.S. triangular plate for European type W.C.,270.0
2022,7,Trivandrum,C.P. brass chain with 32 mm dia rubber plug,51.0
2022,7,Trivandrum,C.P.brass chain with 40 mm dia rubber plug,51.0
2022,7,Trivandrum,50mmx50mm hardwood plug,100.0
2022,7,Trivandrum,Clamps and M.S. stays including bolts and nuts for 100 mm pipe,92.0
2022,7,Trivandrum,M.S. Holder bat clamp of approved design for 100 mm S.C.I pipe,40.5
2022,7,Trivandrum,M.S. Holder bat clamp of approved design for 75 mm S.C.I. pipe,37.0
2022,7,Trivandrum,Clamps and M.S. stays including bolts and nuts for 50 mm pipe,47.5
2022,7,Trivandrum,Clamps and M.S.stays including bolts and nuts for 75 mm pipe,51.2
2022,7,Trivandrum,Clearing eye with chain and lid 100 mm dia,55.0
2022,7,Trivandrum,Clearing eye with chain and lid 150 mm dia,64.0
2022,7,Trivandrum,Brass bib-cock-15 mm dia,350.0
2022,7,Trivandrum,Brass bib-cock 20 mm dia,350.0
2022,7,Trivandrum,Brass stop-cock 15 mm dia,325.0
2022,7,Trivandrum,Brass stop-cock 20 mm dia,400.0
2022,7,Trivandrum,Mosquito proof coupling of approved design,65.0
2022,7,Trivandrum,C.I. Cover and frame 300X300 mm inside,640.0
2022,7,Trivandrum,C.I. Cover without frame 300x300 mm inside,647.0
2022,7,Trivandrum,Rectangular cover 455x610 mm with frame (low duty),1907.0
2022,7,Trivandrum,Rectangular cover 455X610 mm with frame (low duty),1271.0
2022,7,Trivandrum,500 mm dia cover with frame (medium duty),6038.0
2022,7,Trivandrum,500 mm dia cover without frame(medium duty),3150.0
2022,7,Trivandrum,"C.I.mouth,brass ferrule 15 mm dia",190.0
2022,7,Trivandrum,"C.I.mouth, brass ferrule 20 mm dia",220.0
2022,7,Trivandrum,"C.I.mouth, brass ferrule 25 mm dia",299.0
2022,7,Trivandrum,Vitreous china foot rests 250x130x30 mm,140.0
2022,7,Trivandrum,C.I. Grating 100x100 mm,55.0
2022,7,Trivandrum,C.I. grating 150x150 mm,74.0
2022,7,Trivandrum,C.I. grating 180x180 mm,90.0
2022,7,Trivandrum,S.C.I. gully or nahani grating 100 mm dia,35.0
2022,7,Trivandrum,Rubber insertions for 80 mm dia pipe joints,25.0
2022,7,Trivandrum,Rubber insertions for 100 mm dia pipe joints,30.0
2022,7,Trivandrum,Rubber insertions for 125 mm dia pip joints,32.0
2022,7,Trivandrum,Rubber insertions for 150 mm dia pipe joints,36.0
2022,7,Trivandrum,Rubber insertions for 200 mm dia pipe joints,40.0
2022,7,Trivandrum,Rubber insertions for 250 mm dia pipe joints,51.0
2022,7,Trivandrum,Rubber insertions for 300 mm dia pipe joints,59.0
2022,7,Trivandrum,Rubber insertions for 350 mm dia pipe joints,64.0
2022,7,Trivandrum,Rubber insertions for 400 mm dia pipe joints,93.0
2022,7,Trivandrum,Rubber insertions for 450 mm dia pipe joints,119.0
2022,7,Trivandrum,Rubber insertions for 500 mm dia pipe joints,140.0
2022,7,Trivandrum,Rubber insertions for 600 mm dia pipe joints,161.0
2022,7,Trivandrum,Mirror of superior make glass 60x45 cm,545.0
2022,7,Trivandrum,vitreous china pedestal for wash basin,1222.0
2022,7,Trivandrum,pig lead,239.0
2022,7,Trivandrum,S &S.C.I. standard specials up to 300 mm dia (heavy class),5050.0
2022,7,Trivandrum,S&S.C.I.standard specials over 300 mm dia (heavy class),5325.0
2022,7,Trivandrum,Flanged C.I. standard specials up to 300 mm dia (heavy class),6992.0
2022,7,Trivandrum,Flanged C.I. standard specials over 300 mm dia (heavy class),7373.0
2022,7,Trivandrum,Casing pipe 100 mm dia,428.0
2022,7,Trivandrum,Flush pipe with union spreaders and clamps all in C.P. Brass for single stall,343.0
2022,7,Trivandrum,Flush pipe with union spreaders and clamps all in C.P. brass for double stall,508.0
2022,7,Trivandrum,Flush pipe with union spreaders and clamps all in C.P. brass for range of three stall,661.0
2022,7,Trivandrum,Flush pipe with union spreaders and clamps all in C.P. brass for range of four stall,763.0
2022,7,Trivandrum,Flush pipe and spreaders G.I. for single set of one squatting plate urinal,225.0
2022,7,Trivandrum,Flush pipe and spreaders G.I. for range of two squatting plates urinal,318.0
2022,7,Trivandrum,Flush pipe and spreaders G.I. for range of three squatting plates urinal,381.0
2022,7,Trivandrum,Flush pipe and spreaders G.I. for range of four squatting plates urinal,496.0
2022,7,Trivandrum,G.I. pipes 15 mm dia,125.0
2022,7,Trivandrum,G.I. pipes 20 mm dia,150.0
2022,7,Trivandrum,G.I. pipes 25 mm dia,200.0
2022,7,Trivandrum,G.I. pipes 32 mm dia,250.0
2022,7,Trivandrum,G.I. pipes 40 mm dia,280.0
2022,7,Trivandrum,G.I pipes 50 mm dia,375.0
2022,7,Trivandrum,G.I. pipes 65 mm dia,475.0
2022,7,Trivandrum,G.I. pipes 80 mm dia,600.0
2022,7,Trivandrum,G.I. back (jam) nuts 25 mm dia,13.0
2022,7,Trivandrum,G.I.back (jam) nuts 65 mm dia,30.0
2022,7,Trivandrum,G.I.tees (equal) 25 mm,59.0
2022,7,Trivandrum,G.I. tees (equal) 65 mm,356.0
2022,7,Trivandrum,G.I. inlet connection,85.0
2022,7,Trivandrum,"S.C.I. soil, waste and vent single socketed pipe 1.80 metres long: 100mm dia",1208.0
2022,7,Trivandrum,"S.C.I. soil, waste and vent single socketed pipe 1.80 metres long:100mm dia",1462.0
2022,7,Trivandrum,S.C.I. Soil waste and vent single socketed pipe .80 metres lon: 150mm dia,2225.0
2022,7,Trivandrum,S.C.I. plain bend 75 mm dia,216.0
2022,7,Trivandrum,S.C.I. plain bend 100 mm dia,445.0
2022,7,Trivandrum,S.C.I. plain bend 150 mm dia,763.0
2022,7,Trivandrum,S.C.I. bend with access door 75 mm dia,254.0
2022,7,Trivandrum,S.C.I. bend with access door 100 mm dia,340.8
2022,7,Trivandrum,S.C.I. Plain single equal junctions 75x75x75 mm dia,374.2
2022,7,Trivandrum,S.C.I. plainsingle equal junctions 100x100x100 mm dia,956.6
2022,7,Trivandrum,S.C.I. single equal junctions75x75x75mm dia with access door,369.1
2022,7,Trivandrum,S.C.I. single equal junctions 100x100x100 mm dia with access door,477.8
2022,7,Trivandrum,S.C.I. plain double equal junctions 75x75x75x75mm dia,461.7
2022,7,Trivandrum,S.C.I. plain double equal junctions 100x100x100x100 mm dia,689.5
2022,7,Trivandrum,S.C.I.double equal junctions 75x75x75x75 mm dia with access door,877.8
2022,7,Trivandrum,S.C.I.double equal junctions 100x100x100x100 mm dia with access door,727.6
2022,7,Trivandrum,Slotted cowl (terminal guard) 75 mm dia,198.6
2022,7,Trivandrum,Slotted cowl (terminal guard) 100 mm dia,261.0
2022,7,Trivandrum,G.I. Union 15 mm nominal bore,75.5
2022,7,Trivandrum,G.I. Union 20 mm nominal bore,106.0
2022,7,Trivandrum,G.I. Union 25 mm nominal bore,119.2
2022,7,Trivandrum,G.I. Union 32 mm nominal bore,162.4
2022,7,Trivandrum,G.I. Union 40 mm nominal bore,277.0
2022,7,Trivandrum,G.I. Union 65 mm nominal bore,572.7
2022,7,Trivandrum,G.I. Union 80 mm nominal bore,646.0
2022,7,Trivandrum,Polyethylene water storage tank with cover and suitable locking arrangemnet,13.0
2022,7,Trivandrum,Sand cast iron S & S single unequal junctions: 100x100x75x75 mm dia,461.0
2022,7,Trivandrum,Sand cast iron S&S single unequal Junction: 100x100x75 mm dia with access dor,501.0
2022,7,Trivandrum,Sand cast iron S&S plain double unequal junction: 100x100x75x75 mm dia,694.7
2022,7,Trivandrum,Sand cast iron S&S double unequal junction: 100x100x75x75xmm dia with access door,697.0
2022,7,Trivandrum,Sand cast iron heel rest bend 75 mm dia,278.1
2022,7,Trivandrum,Sand cast iron heel rest bend 100 mm dia,320.8
2022,7,Trivandrum,S.C.I. Single equal invert branch of required degree75x75x75x75 mm dia,424.0
2022,7,Trivandrum,S.C.I. Single equal invert branch of required degree 100x100x100 mm dia,543.0
2022,7,Trivandrum,S.C.I. double equal invert branch of required degree 75x75x75x75 mm dia,545.0
2022,7,Trivandrum,S.C.I. double equal invert branch of required degree 100x100x100x100 mm dia,768.2
2022,7,Trivandrum,S.C.I. Single unequal invert branch of required degree 100x100x75 mm dia,658.0
2022,7,Trivandrum,S.C.I. double unequal invert branch of required degree 100x100x75x75 mm dia,755.0
2022,7,Trivandrum,S.C.I. door pieces 75 mm dia,366.0
2022,7,Trivandrum,S.C.I.door pieces 100 mm dia,532.0
2022,7,Trivandrum,S.C.I. collar 75 mm dia,151.0
2022,7,Trivandrum,S.C.I. collar 100 mm dia,193.5
2022,7,Trivandrum,Unplasticised P.V.C. connection pipe with brass union 30 cm long 15 mm bore,49.0
2022,7,Trivandrum,Unplasticised P.V.C. connection pipe with brass union 30 cm long 20 mm bore,58.5
2022,7,Trivandrum,Unplasticised P.V.C. connection pipe with brass union 45 cm long 15 mm bore,65.7
2022,7,Trivandrum,Unplasticiesd P.V.C. connection pipe with brass union 45 cm long 20 mm bore,65.5
2022,7,Trivandrum,S.C.I hand pump,842.0
2022,7,Trivandrum,R.C.C. pipes NP2 class 100 mm dia,263.5
2022,7,Trivandrum,R.C.C.pipes NP2 class 150 mm dia,274.6
2022,7,Trivandrum,R.C.C. pipes NP2 class 250 mm dia,339.1
2022,7,Trivandrum,R.C.C. pipes NP2 class 300 mm dia,394.4
2022,7,Trivandrum,R.C.C. pipes NP2 class 450 mm dia,521.8
2022,7,Trivandrum,R.C.C. pipes NP2 class 500 mm dia,763.2
2022,7,Trivandrum,R.C.C. pipes NP2 class 600 mm dia,1191.8
2022,7,Trivandrum,R.C.C. pipes NP2 class 700 mm dia,1359.1
2022,7,Trivandrum,R.C.C. pipes NP2 class 800 mm dia,1524.0
2022,7,Trivandrum,R.C.C. pipes NP2 class 900 mm dia,1654.8
2022,7,Trivandrum,R.C.C. pipes NP2 class 1000 mm dia,2103.2
2022,7,Trivandrum,R.C.C. pipes NP2 class 1100 mm dia,2429.7
2022,7,Trivandrum,R.C.C. pipes NP2 class 1200 mm dia,2452.0
2022,7,Trivandrum,R.C.C. collars NP2 class 100 mm dia,45.4
2022,7,Trivandrum,R.C.C. collars NP2 class 150 mm dia,52.7
2022,7,Trivandrum,R.C.C. collars NP2 class 250 mm dia,68.2
2022,7,Trivandrum,R.C.C. collars NP2 class 300 mm dia,76.6
2022,7,Trivandrum,R.C.C. collars NP2 class 450 mm dia,133.4
2022,7,Trivandrum,R.C.C. collars NP2 class 500 mm dia,152.9
2022,7,Trivandrum,R.C.C. collars NP2 class 600 mm dia,183.75
2022,7,Trivandrum,R.C.C. collars NP2 class 700 mm dia,195.3
2022,7,Trivandrum,R.C.C. Colllars NP2 class 800 mm dia,263.0
2022,7,Trivandrum,R.C.C. collars NP2 class 900 mm dia,310.8
2022,7,Trivandrum,R.C.C. collars NP2 class 1000 mm dia,366.5
2022,7,Trivandrum,R.C.C. collars NP2 class 1100mm dia,393.2
2022,7,Trivandrum,R.C.C. collars NP2 class 1200 mm dia,456.75
2022,7,Trivandrum,RCC pipe 450 mm dia NP -3 spigot,1937.75
2022,7,Trivandrum,RCC pipe 600 mm dia NP- 3 spigot,2584.0
2022,7,Trivandrum,RCC pipe 900 mm dia NP - 3 spigot,4075.57
2022,7,Trivandrum,RCC pipe 1000 mm dia NP -3 spigot,5117.18
2022,7,Trivandrum,RCC pipe 1200 mm dia NP - 3 spigot,6444.9
2022,7,Trivandrum,RCC pipe 1800 mm dia NP- 3 spigot,12209.4
2022,7,Trivandrum,RCC pipe 450 mm dia NP- 4 spigot,2241.75
2022,7,Trivandrum,RCC pipe 600 mm dia NP- 4 spigot,2987.25
2022,7,Trivandrum,RCC pipe 900 mm dia NP- 4 spigot,5940.9
2022,7,Trivandrum,RCC pipe 1000 mm dia NP- 4 spigot,7195.65
2022,7,Trivandrum,RCC pipe 1200 mm dia NP- 4 spigot,8414.7
2022,7,Trivandrum,RCC pipe 1800 mm dia NP- 4 spigot,17633.7
2022,7,Trivandrum,stoneware pipes grade A (60 cm long) 100 mm dia,95.94
2022,7,Trivandrum,Stoneware pipes grade A (60 cm long ) 150 mm dia,198.58
2022,7,Trivandrum,Stoneware pipes grade A (60 cm long)230 mm dia,233.91
2022,7,Trivandrum,Stoneware pipes grade A (60 cm long ) 200 mm dia,292.6
2022,7,Trivandrum,Stoneware pipes grade A (60 cm long ) 300 mm dia,321.47
2022,7,Trivandrum,Fire clay kitchen sink: 600x450x250 mm,1693.02
2022,7,Trivandrum,White vitreous china laboratory sink 450x300x150x mm,1156.0
2022,7,Trivandrum,White vitreous china laboratory sink 600x450x200 mm,2147.76
2022,7,Trivandrum,White plastic seat (solid) with lid C.P. brass hinges and rubber buffers,473.78
2022,7,Trivandrum,Black plastic seat (soild) with lid C.P.brass hinges and rubber buffers,444.53
2022,7,Trivandrum,Shower rose C.P brass for 15 to 20 mm intel 100 mm dia,89.11
2022,7,Trivandrum,Shower rose C.P.brass for 15 to 20 mm intel 150 mm dia,101.88
2022,7,Trivandrum,Dismenteled P or S trap scrap (approx wt 2kg),40.28
2022,7,Trivandrum,Spun yarn,69.01
2022,7,Trivandrum,Strainer brass 40 mm dia 1.5 metre long,794.85
2022,7,Trivandrum,15 mm C.P.brass tap,293.58
2022,7,Trivandrum,C.P.brass toilet paper holder of standard size,253.96
2022,7,Trivandrum,Centrifugally SCI(spun) S & S P or S trap,383.67
2022,7,Trivandrum,C.I. trap for standard urinal with vent arm with operating and other couplings in C.P. brass: 50 mm dia,246.48
2022,7,Trivandrum,C.I. trap for standard urinal with vent arm with operating and other coupling in C.P. brass: 80 mm dia,315.15
2022,7,Trivandrum,C.P. brass trap 40 mm dia,231.84
2022,7,Trivandrum,100 mm S.C.I. trap with vent heel,403.85
2022,7,Trivandrum,100 mm S.C.I. trap with 100 mm inlet and 100 mm outlet,362.56
2022,7,Trivandrum,100 mm S.C.I. trap with 100 mm inlet and 75 mm outlet,279.23
2022,7,Trivandrum,S.W. gully trap type 100x100 mm,119.74
2022,7,Trivandrum,S.W. gully trap type 150x100 mm,169.13
2022,7,Trivandrum,S.W. gully trap P type 180x150 mm,301.05
2022,7,Trivandrum,Vitreous china lipped front urinal,597.96
2022,7,Trivandrum,Vitreous china squatting plate urinal,1103.6
2022,7,Trivandrum,H.P. or L.P. ball valve with polythene floats: 15 mm dia,303.35
2022,7,Trivandrum,H.P. or L.P. ball valve with polythene floats: 20 mm dia,432.33
2022,7,Trivandrum,H.P. or L.P. ball valve with polythene floats: 25 mm dia,421.26
2022,7,Trivandrum,20 mm dia Gunmetal gate valve with wheel,514.47
2022,7,Trivandrum,Brass full way valve with C.I. wheel (screwed end) 25 mm dia,468.48
2022,7,Trivandrum,Brass full way valve with C.I. wheel (screwed end) 32 mm dia,716.08
2022,7,Trivandrum,Brass full way valve with C.I. wheel (screwed end) 40 mm dia,1068.96
2022,7,Trivandrum,Brass full way valve with C.I. wheel (screwed end) 50 mm dia,1329.06
2022,7,Trivandrum,Brass full way valve with C.I. wheel (screwed end) 65 mm dia,1686.87
2022,7,Trivandrum,Brass full way valve with C.I. wheel (screwed end) 80 mm dia,2609.0
2022,7,Trivandrum,Gunmetal non-return valve-horizontal (screwed end ) 25 mm dia,633.42
2022,7,Trivandrum,Gunmetal non-return valve-horizontal (screwed end ) 32 mm dia,969.9
2022,7,Trivandrum,Gunmetal non-return valve-horizontal (screwed end ) 40 mm dia,708.9
2022,7,Trivandrum,Gunmetal non-return valve-horizontal (screwed end ) 50 mm dia,1058.48
2022,7,Trivandrum,Gunmetal non-return valve-horizontal (screwed end ) 65 mm dia,1900.26
2022,7,Trivandrum,Gunmetal non-return valve-horizontal (screwed end ) 80 mm dia,2709.4
2022,7,Trivandrum,C.I.Sluice valve (with caps) class I : 100 mm dia,3056.01
2022,7,Trivandrum,C.I.Sluice valve (with caps) class I : 125 mm dia,3265.02
2022,7,Trivandrum,C.I.Sluice valve (with caps) class  I : 150 mm dia,4586.09
2022,7,Trivandrum,C.I.Sluice valve (with caps) class I : 200 mm dia,9412.56
2022,7,Trivandrum,C.I.Sluice valve (with caps) class I : 250 mm dia,13778.16
2022,7,Trivandrum,C.I.Sluice valve (with caps) class : 300 mm dia,19449.36
2022,7,Trivandrum,Vitreous China flat back wash basin 630x450 mm,918.0
2022,7,Trivandrum,Vitreous China angle back wash basin 600x480 mm,1629.75
2022,7,Trivandrum,Vitreous china angle back wash basin 400x400 mm,711.81
2022,7,Trivandrum,C.P. brass waste 32 mm,122.35
2022,7,Trivandrum,C.P. brass waste 40 mm,143.84
2022,7,Trivandrum,Vitreous china India type w.c. pan size 580 mm,886.19
2022,7,Trivandrum,Vitreous China orrisa type w.c. pan size 580 mm,1628.0
2022,7,Trivandrum,Vitreous china pedestal type wate closet,1356.0
2022,7,Trivandrum,Bolts and nuts 16 mm dia 60 mm long,24.62
2022,7,Trivandrum,Bolts and nuts 16 mm dia 65 mm long,26.19
2022,7,Trivandrum,Bolts and nuts 20 mm dia 65 mm long,26.3
2022,7,Trivandrum,Bolts and nuts 20 mm dia 70 mm long,27.6
2022,7,Trivandrum,Bolts and nuts 20 mm dia 75 mm long,30.12
2022,7,Trivandrum,Bolts and nuts 20 mm dia 80 mm long,30.31
2022,7,Trivandrum,Bolts and nuts 24 mm dia 85 mm long,40.56
2022,7,Trivandrum,Bolts and nuts 24 mm dia 90 mm long,46.35
2022,7,Trivandrum,Bolts and nuts 27 mm dia 100 mm long,48.24
2022,7,Trivandrum,White vitreous china dual purpose closet (Anglo Indian W.C.) suitable for use as squatting pan or European type water closet as per manufacture's specifications,3390.0
2022,7,Trivandrum,"Floor mounted white vitrous china double trap syphonic WC with 10 litre cistern and all fittings, seat cover etc",12881.0
2022,7,Trivandrum,Vitreous china foot rests 250x125x25 mm,135.5
2022,7,Trivandrum,Fly ash,14.05
2022,7,Trivandrum,Common burnt clay F.P.S. (non modular) bricks tile class designation 10,8500.0
2022,7,Trivandrum,Common burnt clay modular bricks class designation 12.5,8300.0
2022,7,Trivandrum,Carriage of Steam coal,0.0
2022,7,Trivandrum,Carriage of Bricks,0.0
2022,7,Trivandrum,Carriage of Stone aggregate below 40 mm nominal size,0.0
2022,7,Trivandrum,Carriage of Coarse sand,0.0
2022,7,Trivandrum,Carriage of Timber,0.0
2022,7,Trivandrum,Carriage of Steel,0.0
2022,7,Trivandrum,Carriage of Stone aggregate 40 mm nominal size and above,0.0
2022,7,Trivandrum,Carriage of Brick tiles,0.0
2022,7,Trivandrum,Carriage of Lime,0.0
2022,7,Trivandrum,Carriage of Cement,0.0
2022,7,Trivandrum,Carriage of Tar bitumen,0.0
2022,7,Trivandrum,Carriage of Soling stone & masonry stone,0.0
2022,7,Trivandrum,Carriage of Stone blocks white & red sand stone & Kota stone slab,0.0
2022,7,Trivandrum,Carriage of S.W. pipes 100 mm dia,0.0
2022,7,Trivandrum,Carriage of S.W. pipes 150 mm dia,0.0
2022,7,Trivandrum,Carriage of S.W. pipes 200 mm dia,0.0
2022,7,Trivandrum,Carriage of S.W. pipes 250 mm dia,0.0
2022,7,Trivandrum,Carriage of S.W. pipes 300 mm dia,0.0
2022,7,Trivandrum,Carriage of Good earth,0.0
2022,7,Trivandrum,Carriage of Dump manure,0.0
2022,7,Trivandrum,Carriage of Brick aggregate,0.0
2022,7,Trivandrum,Carriage of Fine sand (1 part badarpur sand : 2 parts jamuna sand,0.0
2022,7,Trivandrum,Carriage of  Flyash,0.0
2022,7,Trivandrum,Carriage of Rubbish,280.0
2022,7,Trivandrum,Carriage of Moorum,0.0
2022,7,Trivandrum,Carriage of Surkhi,0.0
2022,7,Trivandrum,Carriage of Stone dust,0.0
2022,7,Trivandrum,Carriage of Marble dust and marble chips,0.0
2022,7,Trivandrum,Carriage of G.I. pipes below 100 mm dia,0.0
2022,7,Trivandrum,Carriage of Stainless Steel pipes below 100 mm dia,0.0
2022,7,Trivandrum,Carriage of A.C. Sheet and accessories,0.0
2022,7,Trivandrum,Carriage of  R.C. C pipes 100 mm dia,0.0
2022,7,Trivandrum,Carriage of R.C.C.Pipes 150 mm dia,0.0
2022,7,Trivandrum,Carriage of R.C.C. Pipes 250 mm dia,0.0
2022,7,Trivandrum,Carriage of R.C.C. Pipes 300 mm dia,0.0
2022,7,Trivandrum,Carriage of R.C.C. Pipes 450 & 500 mm dia,0.0
2022,7,Trivandrum,Carriage of G.I. Sheet and accessories,0.0
2022,7,Trivandrum,"Carriage of R.C.C. Pipes 600,700,750 & 800  mm dia",0.0
2022,7,Trivandrum,Carriage of Plaster of paris,0.0
2022,7,Trivandrum,Carriage of Cast iron fittings,0.0
2022,7,Trivandrum,Carriage of Red bajri,0.0
2022,7,Trivandrum,Carriage of Barbed wire,0.0
2022,7,Trivandrum,Carriage of Sludge,0.0
2022,7,Trivandrum,Carriage of Spun iron S & S pipes 100 mm dia,0.0
2022,7,Trivandrum,Carriage of Spun iron S & S pipes 125 mm dia,0.0
2022,7,Trivandrum,Carriage of Spun iron S & S pipes 150 mm dia,0.0
2022,7,Trivandrum,Carriage of Spun iron S & S pipes 200 mm dia,0.0
2022,7,Trivandrum,Carriage of Spun iron S & S pipes 250 mm dia,0.0
2022,7,Trivandrum,Carriage of Spun iron S & S pipes 300 mm dia,0.0
2022,7,Trivandrum,Carriage of Spun iron S & S pipes 350 mm dia,0.0
2022,7,Trivandrum,Carriage of Spun iron S & S pipes 400 mm dia,0.0
2022,7,Trivandrum,Carriage of Spun iron S & S pipes 450 mm dia,0.0
2022,7,Trivandrum,Carriage of Spun iron S & S pipes 500 mm dia,0.0
2022,7,Trivandrum,Carriage of Spun iron S & S pipes 600 mm dia,0.0
2022,7,Trivandrum,Carriage of C.I. pipes 500 mm dia,0.0
2022,7,Trivandrum,Carriage of R.C.C. pipes 900 mm dia,0.0
2022,7,Trivandrum,Carriage of R.C.C. pipes 1000 mm dia,0.0
2022,7,Trivandrum,Carriage of R.C.C. pipes 1100 mm dia,0.0
2022,7,Trivandrum,Carriage of R.C.C. pipes 1200 mm dia,0.0
2022,7,Trivandrum,Carriage of Jamuna sand,0.0
2022,7,Trivandrum,Carriage of R.C.C. pipe above 1200 mm dia and upto 1800 mm dia,0.0
2022,7,Trivandrum,Carriage of Pig lead,0.0
2022,7,Trivandrum,Carriage of Solvent/ Diesel,0.0
2022,7,Trivandrum,Carriage of Ductile iron pipes (K7) 100 mm dia,0.0
2022,7,Trivandrum,Carriage of Cast iron pipes 150 mm dia,0.0
2022,7,Trivandrum,Carriage of Cast iron pipes 200 mm dia,0.0
2022,7,Trivandrum,Carriage of Cast iron pipes 250 mm dia,0.0
2022,7,Trivandrum,Carriage of Cast iron pipes 300 mm dia,0.0
2022,7,Trivandrum,Carriage of Cast iron pipes 350 mm dia,0.0
2022,7,Trivandrum,Carriage of Cast iron pipes 400 mm dia,0.0
2022,7,Trivandrum,Carriage of Cast iron pipes 450 mm dia,0.0
2022,7,Trivandrum,Carriage of Cast iron pipes 500 mm dia,0.0
2022,7,Trivandrum,Carriage of Cast iron pipes 600 mm dia,0.0
2022,7,Trivandrum,Carriage of Cast iron pipes 700 mm dia,0.0
2022,7,Trivandrum,Carriage of Cast iron pipes 800 mm dia,0.0
2022,7,Trivandrum,Carriage of Cast iron pipes 900 mm dia,0.0
2022,7,Trivandrum,Carriage of Cast iron pipes 1000 mm dia,0.0
2022,7,Trivandrum,Carriage of Bamboo Mat corrugated sheets and accessories,0.0
2022,7,Trivandrum,Strips-Aluminium fluted 3.15 mm thick and 150 mm wide,375.0
2022,7,Trivandrum,Strips-Aluminium fluted 3.15 mm thick and 200 mm wide,501.0
2022,7,Trivandrum,1 mm thick Sstainless Steel Cover plate grade 304,362.83
2022,7,Trivandrum,Coupler 16 mm dia,126.08
2022,7,Trivandrum,Coupler 20 mm dia,133.9
2022,7,Trivandrum,Coupler 25 mm dia,186.16
2022,7,Trivandrum,Coupler 28 mm dia,272.75
2022,7,Trivandrum,Coupler 32 mm dia,323.3
2022,7,Trivandrum,Complete Roof Joint of 100 mm,5685.88
2022,7,Trivandrum,Complete Roof Joint of 150 mm,6091.42
2022,7,Trivandrum,Complete Roof Joint of 200 mm,6317.68
2022,7,Trivandrum,Epoxy adhesive,308.76
2022,7,Trivandrum,Floor Joint of 100 mm,5707.23
2022,7,Trivandrum,Floor Joint of 150 mm,6229.8
2022,7,Trivandrum,Floor Joint of 200 mm,6735.48
2022,7,Trivandrum,Float glass sheet of nominal thickness 4 mm (weight not less than 10 kg/sqm),511.48
2022,7,Trivandrum,Float glass sheet of nominla thickness 5.5 mm (weight not less than 13.50 Kg/ sqm),639.63
2022,7,Trivandrum,Float glass sheet of nominal thickness 8 mm (weight not less than 20.00 kg/sqm),926.16
2022,7,Trivandrum,Wall Joint of 100 mm,4476.16
2022,7,Trivandrum,Wall Joint of 150 mm,5147.67
2022,7,Trivandrum,Wall Joint of 200 mm,5149.98
2022,7,Trivandrum,Play wood 5 play with commericila ply on both faces 6 mm thick,467.33
2022,7,Trivandrum,12 mm commercial ply,765.36
2022,7,Trivandrum,18 mm thick block board with commercial ply veneering on both side,1019.7
2022,7,Trivandrum,21 mm thick clear toughened Laminated glass for fins with holes,8449.19
2022,7,Trivandrum,Hollock ballies 125 mm diameter,56.25
2022,7,Trivandrum,"Oxidised mild steel pull bolt lock (locking bolt) of size 85 mm x 42 mm with screws, bolts, nuts and washers complete",67.98
2022,7,Trivandrum,"Brass cupboard lock 6 levers of approved quality, 40 mm size",94.82
2022,7,Trivandrum,"Brass upboard lock 6 levers of approved quality,  50 mm  size",104.55
2022,7,Trivandrum,"Brass cupboard lock 6 levers of approved quality,  65 mm size",111.1
2022,7,Trivandrum,"Brass cupboard lock 6 levers of approved quality,  75 mm size",171.4
2022,7,Trivandrum,Brass hanging type door stopper 150 mm,100.35
2022,7,Trivandrum,Hydraulic door closer bottle type M.S. body with necessary accessories and screw complete,1391.16
2022,7,Trivandrum,Anodised Aluminium hanging type door stopper,38.19
2022,7,Trivandrum,"Anodised Aluminium pull bolt lock (locking bolt) of size 85 mmx42 mm wutg screws, bolts, nuts and washers complete",87.87
2022,7,Trivandrum,Anodised Aluminium Casement stay 250 mm,81.87
2022,7,Trivandrum,Hollock wood in scantling,417.18
2022,7,Trivandrum,"Chromium plated Brass pull bolt lock (locking bolt) of size 85 mmx42 mm with screws, bolts, nuts and washers complete",211.12
2022,7,Trivandrum,Nickeled Chromium Brass cupboard lock 40 mm size,85.43
2022,7,Trivandrum,Nickeled Chromium Brass cupboard lock 50 mm size,99.47
2022,7,Trivandrum,Nickeled Chromium Brass cupboard lock 65 mm size,111.73
2022,7,Trivandrum,Nickeled Chromium Brass cupboard lock 75 mm size,143.14
2022,7,Trivandrum,Ply wood 5 ply with teak ply on both faces 9 mm thick,1290.07
2022,7,Trivandrum,Ply wood 5 ply with teak ply on one faces and commercial ply on another face 9 mm thick,1253.7
2022,7,Trivandrum,Ply wood 75 ply with teak ply on one face and commercial ply on another face 9 mm thick,1311.45
2022,7,Trivandrum,Pre- laminated with decorative lamination on both side exterior Grade - I MDF Board 12 mm thick confirming to IS:14587,1117.2
2022,7,Trivandrum,Pre - laminated with decorative lamination on both side exterior Grade - I MDF Board 18 mm thick confiriming to IS:14587,1353.45
2022,7,Trivandrum,Pre- laminated with decorative lamination side and other side balancing lamination exterior Grade - I MDF Board 25 mm thick confirming to IS: 14587,1593.9
2022,7,Trivandrum,Pre- laminated with decorative lamination side and other side balancing lamination exterior Grade - I MDF Board 12 mm thick Confirming to IS:14587,955.5
2022,7,Trivandrum,Pre-laminated with decorative lamination one side and other side balancing lamination exterior Grade- I MDF Board 18 mm thick confirming to IS:14587,1197.1
2022,7,Trivandrum,PVC edge bending tape 2.00 mm thick,63.0
2022,7,Trivandrum,Pre laminated both side solid foam uPVC profile (45x20mm),198.18
2022,7,Trivandrum,Solid foam uPVC sheet 20mm thick prelaminated on both side,2793.36
2022,7,Trivandrum,PVC edge beading,63.0
2022,7,Trivandrum,Expandable fastner with plastic sleeve,18.16
2022,7,Trivandrum,Cost of Neelgiri/Maxican grass truf sqm,111.5
2022,7,Trivandrum,Extra for selectd planks of second class deodar wood,164.5
2022,7,Trivandrum,Kiln seasoning of timber,1016.93
2022,7,Trivandrum,Hollock wood in planks,528.8
2022,7,Trivandrum,Carben Steel galvanised dash fastner (min 5 micron) of 10 mm dia double threaded 608 grade counter sunk head screw comprising of 10 mm dia polyamide PA 6 grade sleave.  Size 10 mm x 60 mm,352.53
2022,7,Trivandrum,Carben Steel galvanised dash fastner (min 5 micron) of 10 mm dia double threaded 6.8 grade counter sunk head screw comprising of 10 mm dia polyamide PA 6 grade sleave.  Size 10 mm x mm,406.77
2022,7,Trivandrum,Carben Steel galvanised dash fastner ( min 5 micron) of 10 mm dia double threaded 6.8 grade counter sunk head screw comprising of 10 mm dia polyamide PA 6 grade sleave.  Size 10 mm x 120 mm,494.9
2022,7,Trivandrum,"Carben steel galvanised dash fastner (min 5 micron) of 10 mm dia double threaded 6.8 grade sleave, Size 10 mm x 140 mm",610.16
2022,7,Trivandrum,Carben Steel galvanised dash fastner ( min 5 micron) of 10 mm dia double threaded 6.8 grade counter sunk head screw comprising of 10 mm dia polyamide PA 6 grade sleave.  Size 10 mm x 160 mm,779.64
2022,7,Trivandrum,Common burnt clay F.P.S. (non modular) bricks class designation 7.5,8014.54
2022,7,Trivandrum,Common burnt clay F.P.S. (non modular) bricks class designation 5.00,7060.3
2022,7,Trivandrum,"Weather/structural non sage elastomeric PU sealant (600ml Sausage) for joints in RCC/ Brick/ Stone/ Wood/ Ceramic/ Gypsum/ Alluminium work complying to ASTM C920, DIN 18540- F & ISO 11600 incl all taxes",721.34
2022,7,Trivandrum,Structural sealant- 6mm x12 mm,69.02
2022,7,Trivandrum,Spacer tape 6.4 mm thick x 6 mm wide,36.12
2022,7,Trivandrum,Weather Sealant - Non Staining (600 ml),620.88
2022,7,Trivandrum,Weather Sealant - Normal (300 ml),246.54
2022,7,Trivandrum,MS Brackets / Aluminium Alloy Brackets,201.0
2022,7,Trivandrum,Silicon Gasket in kg (Above 50 g/m),753.44
2022,7,Trivandrum,EPDM Gasket in kg(Above 60 g / m),248.24
2022,7,Trivandrum,Anchor Fastner - M10,174.03
2022,7,Trivandrum,SS Bolt with washer of sizes for structural glazing / ACP Cladding,55.52
2022,7,Trivandrum,SS Screws of sizes for structural glazing /ACP Cladding,11.17
2022,7,Trivandrum,Protective Tape,45.7
2022,7,Trivandrum,GI flashing - 1.2 mm thick,89.25
2022,7,Trivandrum,6 mm thick High performance glass,2500.05
2022,7,Trivandrum,6 mm thick clear heat strengthened glass,200.55
2022,7,Trivandrum,ARMS GS HD - TOP HUNG -20,2030.7
2022,7,Trivandrum,Connective Block,54.6
2022,7,Trivandrum,Curtain wall striker,136.5
2022,7,Trivandrum,Adjustable Fastening Pawl,50.4
2022,7,Trivandrum,Corner drive,382.2
2022,7,Trivandrum,Top wedge block,179.55
2022,7,Trivandrum,Glass wool Density 48 kg/m3 with Block Glass Tissue (BGT),300.3
2022,7,Trivandrum,SS Screws - #8x19,15.75
2022,7,Trivandrum,Weather Sealant - DC 789,196.46
2022,7,Trivandrum,Cement Board,338.0
2022,7,Trivandrum,Baker rod,13.28
2022,7,Trivandrum,4 mm thick ACP,1861.65
2022,7,Trivandrum,Fire Stop,730.8
2022,7,Trivandrum,GI/Aluminium Sheet (0.8 mm thick),114.45
2022,7,Trivandrum,"GI Screws of guage 10, length 25 mm for fixing cement fibre board to C Section",10.19
2022,7,Trivandrum,"GI Screws of guage 10, length 45 mm for fixing cement fibre board to C Section",10.23
2022,7,Trivandrum,Vapour barrier,237.28
2022,7,Trivandrum,"Clear toughned interlayed, non-wired fire resistant glass panes of minimum 11 mm thickness (120 minutes fire rating)",33897.5
2022,7,Trivandrum,G.I. U beading of 1.6 mm thick G.I. sheet with ceramic tape,322.0
2022,7,Trivandrum,Ceramic tape 5x20 mm size,555.92
2022,7,Trivandrum,Aluminium Strip 40 mm wide and 2 mm thick,325.42
2022,7,Trivandrum,Truf Paver (500 x 500x 40 mm),1393.19
2022,7,Trivandrum,Ceremic Tiles Pieces for Crazy Flooring,173.87
2022,7,Trivandrum,White marble makrana second quality plain veined stone pieces for crazy flooting,187.43
2022,7,Trivandrum,FS800H Grade Flooring Panel (Size 600 mmx600 mmx32 mm),1016.93
2022,7,Trivandrum,ZInc Electroplated Pedestals - 300 mm,222.8
2022,7,Trivandrum,Zinc Electroplated Pedestals - 450 mm,263.55
2022,7,Trivandrum,Zinc Electroplated Tube stringer,95.55
2022,7,Trivandrum,Machine Screw for Fixing,4.31
2022,7,Trivandrum,8 mm thick granite stone tiles (mirror polished of all shades),1037.4
2022,7,Trivandrum,8 mm thick marble tiles (polished) Raj Nagar,520.8
2022,7,Trivandrum,Stone Aggregate (Single size): 100 mm nominal size,1789.2
2022,7,Trivandrum,Stone Aggregate (single size) : 80 mm nominal size,1901.55
2022,7,Trivandrum,Stone chippings/ screenings 4.75 mm nominla size,2625.0
2022,7,Trivandrum,Stone chippings/ screenings 150 micron nominal size,2625.0
2022,7,Trivandrum,Over burnt (Jhama) Brick Aggregate: 120 mm to 40 mm size,497.7
2022,7,Trivandrum,Over burnt (jhama) Brick Aggregate: 90 mm to 40 mm siize,650.83
2022,7,Trivandrum,Stone chippings/screenings 12.5/13.2 mm nominal size,2261.7
2022,7,Trivandrum,Stone Chippings/ screenings 10/ 11.2 mm nominal size,2261.7
2022,7,Trivandrum,Solvent,86.1
2022,7,Trivandrum,Paving Asphalt VG-10 of approved quality,48216.0
2022,7,Trivandrum,Polyvinyl chloride sheet 400 micron thick,51.45
2022,7,Trivandrum,Stone ware spouts 100 mm dia 60 cm long,51.45
2022,7,Trivandrum,Galvanised steel corrugated sheets,7875.0
2022,7,Trivandrum,Gunmetal non-return valve-vertical (screwed end)25 mm dia,579.24
2022,7,Trivandrum,Gunmetal non-return valve-vertical (screwed end)32 mm dia,710.85
2022,7,Trivandrum,Gunmetal non-return valve-vertical (screwed end) 40 mm dia,1037.4
2022,7,Trivandrum,Gunmetal non-return valve-vertical (screwed end) 50 mm dia,1467.9
2022,7,Trivandrum,Gunmetal non-return valve-vertical (screwed end) 65 mm dia,2586.15
2022,7,Trivandrum,Vitreous china Surgeon type wash basin of size 660x460 mm,1423.8
2022,7,Trivandrum,"600x120 mm glass shelf with anodised aluminium angle frame, C.P. brass brackets and guard rail of standard size",325.5
2022,7,Trivandrum,Vitreous china flat back wash basin 550x400 mm,864.15
2022,7,Trivandrum,Gunmetal non-return valve-verticlal (screwed end) 80 mm dia,3877.65
2022,7,Trivandrum,C.I. sluice valve (with caps) class II : 100 mm dia,3761.1
2022,7,Trivandrum,C.I. sluice valve (with caps) class II : 125 mm dia,4523.4
2022,7,Trivandrum,C.I. sluice valve (with caps) class II : 150 mm dia,5556.6
2022,7,Trivandrum,C.I. sluice valve (with caps) class II : 200 mm dia,11897.55
2022,7,Trivandrum,C.I. sluice valve (with caps) class II : 250 mm dia,19117.35
2022,7,Trivandrum,C.I. sluice valve (with caps) class II : 300 mm dia,23895.9
2022,7,Trivandrum,15 mm Battery Based Sensor Pillar Cock,7524.3
2022,7,Trivandrum,CP Brass Union 40 mm dia,257.25
2022,7,Trivandrum,"C.C.I. (spun) socketed soil, waste and vent pipe 1.80 metres long : 100 mm dia",1627.08
2022,7,Trivandrum,"C.C.I (spun) socketed soil, waste and vent pipe 1.80 meters long : 75 mm dia",1491.49
2022,7,Trivandrum,S.C.I. S&S bends with access door 100 mm dia,406.77
2022,7,Trivandrum,S.C.I. S&S bends with access door 75 mm dia,338.98
2022,7,Trivandrum,S.C.I. S&S bend 100 mm dia,359.31
2022,7,Trivandrum,S.C.I. S&S bend 75 mm dia,264.4
2022,7,Trivandrum,S.C.I. S&S heel rest sanitary  bend 100 mm dia,401.35
2022,7,Trivandrum,S.C.I S&S heel rest sanitary bend 75 mm dia,338.98
2022,7,Trivandrum,S.C.I. S&S single equal junctions 100x100x100 mm,639.98
2022,7,Trivandrum,S.C.I. S&S single equal junctions 75x75x75 mm,447.45
2022,7,Trivandrum,S.C.I. S&S single equal junctions wtih access door 100x100x100 mm,671.17
2022,7,Trivandrum,S.C.I. S&S single equal junctions with access door 75x75x75 mm,505.75
2022,7,Trivandrum,S.C.I. S&S double equal junctions 100x100x100x100 mm,840.66
2022,7,Trivandrum,S.C.I. S&S double equal junctions 75x75x75x75 mm,626.43
2022,7,Trivandrum,S.C.I. S&S double equal junctions with access door 100x100x100x100 mm,833.88
2022,7,Trivandrum,S.C.I. S&S double equal junctions with access door 75x75x75x75 mm,650.83
2022,7,Trivandrum,S.C.I. S&S single unequal junctions 100x100x75 mm,772.86
2022,7,Trivandrum,S.C.I. S&S single unequal junctions with access door 100x100x75 mm,867.78
2022,7,Trivandrum,S.C.I. S&S double unequal junctions 100x100x75x75 mm,1084.72
2022,7,Trivandrum,S.C.I. S&S double unequal junctions with access door 100x100x75x75,1152.52
2022,7,Trivandrum,S.C.I. S&S single equal invert branch of required degree 100x100x100 mm dia,576.26
2022,7,Trivandrum,S.C.I. S&S single equal invert branch of required degree 75x75x75 mm dia,437.96
2022,7,Trivandrum,S.C.I. S&S double equal invert branch of required degree 100x100x100x100 mm dia,718.63
2022,7,Trivandrum,S.C.I. S&S double equal invert branch of required degree 75x75x75x75 mm dia,576.26
2022,7,Trivandrum,S.C.I. S&S single unequal invert branch of required degree 100x100x75 mm dia,738.97
2022,7,Trivandrum,S.C.I. S&S double unequal invert branch of required degree 100x100x75x75xmm dia,983.03
2022,7,Trivandrum,"S.C.I. S&S, 75 mm offsets for 75 mm dia pipe",305.08
2022,7,Trivandrum,"S.C.I. S&S, 150 mm offset for 75 mm dia pipe",386.43
2022,7,Trivandrum,"S.C.I. S&S, 150 mm offset for 100 mm dia pipe",528.8
2022,7,Trivandrum,"S.C.I. S&S, 114 mm offset for 75 mm dia pipe",406.77
2022,7,Trivandrum,"S.C.I. S&S, 114 mm offset for 100 mm dia pipe",519.31
2022,7,Trivandrum,"S.C.I S&S, 152 mm offset for 75 mm dia pipe",485.41
2022,7,Trivandrum,"S.C.I. S&S, 152 mm offset for 100 mm dia pipe",616.93
2022,7,Trivandrum,"S.C.I. S&S, door peeces 100 mm dia",542.36
2022,7,Trivandrum,"S.C.I. S&S, door pieces 75 mm dia",399.99
2022,7,Trivandrum,"S.C.I. S&S, Slotted Cowl (Terminal Guard) 100 mm",357.96
2022,7,Trivandrum,"S.C.I. S&S, Slotted Cowl (Terminal Guard) 75 mm",284.74
2022,7,Trivandrum,"S.C.I. S&S, collars 100 mm",378.3
2022,7,Trivandrum,"S.C.I. S&S, collars 75 mm",230.5
2022,7,Trivandrum,"S.C.I. S&S, 75 mm offset for 75 mm dia pipe",295.59
2022,7,Trivandrum,"S.C.I. S&S, 75 mm offset for mm dia pipe",492.19
2022,7,Trivandrum,Vitreous china toilet paper holder of standard size,194.16
2022,7,Trivandrum,560 mm dia cover with frame (Heavy duty),11295.48
2022,7,Trivandrum,560 mm dia cover without frame (Heavy duty),6307.85
2022,7,Trivandrum,"Galvanized iron (1.6 +/- 0.2 mm) thick reinforcement for small series casement window/ door frame, sash, mulion & small series sliding window frame",92.67
2022,7,Trivandrum,"Galvanized iron (1.6 +/- 0.2mm) thick reinforcement for big series casement window/ door frame, sash mullion & small series sliding window frame",98.49
2022,7,Trivandrum,Galvanized iron (1.6 +/- 0.2mm) thick reinforcement for big series casement door sash,129.15
2022,7,Trivandrum,Galvanized iron (1.6 +/- 0.2mm) thick reinforcement for big series sliding window/ door sash,126.48
2022,7,Trivandrum,G. I fasteners 100 x 8 mm,36.4
2022,7,Trivandrum,Stainless steel (Grade - 304) hollow section round/square tubes,361.22
2022,7,Trivandrum,Stainless steel bolts /square bar and plates,178.89
2022,7,Trivandrum,Pressed steel door fames (mild steel sheet 1.60 mm ) Profile,365.65
2022,7,Trivandrum,Mild steel tubes hot finished welded type,95.88
2022,7,Trivandrum,Mild steel tubes hot finished seamless type,102.5
2022,7,Trivandrum,Mild steel tubes electric resistant or induction butt welded,107.18
2022,7,Trivandrum,Circular C.I. Bok for ceiling fan,88.44
2022,7,Trivandrum,Pulley 40 mm dia,44.08
2022,7,Trivandrum,Aluminium primer,157.08
2022,7,Trivandrum,Red oxide Zinc chromate primer,168.48
2022,7,Trivandrum,Copper acetate,388.13
2022,7,Trivandrum,Hydrochloric acid,51.25
2022,7,Trivandrum,Copper chloride,378.75
2022,7,Trivandrum,Copper nitrate,283.93
2022,7,Trivandrum,Ammonium chloride,33.99
2022,7,Trivandrum,Mobil oil,420.0
2022,7,Trivandrum,ss pipe 304 grades with press fit technology as per JIS 3448 Standard 48.60 mm outer dia,868.18
2022,7,Trivandrum,Coloured inter locking C.C. paver block,660.0
2022,7,Trivandrum,White marble slab Makrana second quality plain veined 18 mm thick,2354.72
2022,7,Trivandrum,Pink marble slab plain 18 mm thick,822.05
2022,7,Trivandrum,Udaypur green marble slab plain 18 mm thick,1009.8
2022,7,Trivandrum,Black Zebra Marble slab plain 18 mm thick,773.76
2022,7,Trivandrum,Sand zone V (jamina),1449.0
2022,7,Trivandrum,Brass 100 mm mortice latch and lock with 6 levers without pair of handles,374.87
2022,7,Trivandrum,Pair Anodised Aluminium lever handles for 100 mm mortice latch and lock,417.46
2022,7,Trivandrum,Vitreous china flat back wash basin 450x300 mm,685.36
2022,7,Trivandrum,Vitreous china 10 litres low level cistern without fittings,1037.92
2022,7,Trivandrum,Vitreous china 10 litres low level cistern with fittings,1719.12
2022,7,Trivandrum,F.P.S. (non modular) clay fly ash bricks class designation 7.5,6850.0
2022,7,Trivandrum,12.5 mm thick tapered edge gypsum plain board,278.24
2022,7,Trivandrum,Galvanised Steel celling section (size 80x26x0.50 mm),62.4
2022,7,Trivandrum,Galvanised Steel perimetre Channel (Size 20x27x30x0.50 mm),46.8
2022,7,Trivandrum,Galvanised Steel intermediate Channel (Size 15x45x15x0.90 mm),64.18
2022,7,Trivandrum,Galvanised Steel angle hanger (Celling angle) (Size 25x10x0.50 mm),37.44
2022,7,Trivandrum,Galvanised Steel connecting clips (2.64 dia and 230 mm long GI wire),13.39
2022,7,Trivandrum,Galvanised Steel soffit cleat (Size 27x37x25x0.60 mm),10.05
2022,7,Trivandrum,Joint filler,42.9
2022,7,Trivandrum,Joint finisher,44.08
2022,7,Trivandrum,Joint tape roll,222.83
2022,7,Trivandrum,Dash fastener/chemical Fastener,27.54
2022,7,Trivandrum,All drive screws (for gypsum board),82.0
2022,7,Trivandrum,Primer (for gypsum board),118.71
2022,7,Trivandrum,Chlorpyriphos 20% E.C. / Lindane 20% E.C.,212.06
2022,7,Trivandrum,Chromium plated brackets (curtain rods),18.4
2022,7,Trivandrum,Acid Proof cement,10233.62
2022,7,Trivandrum,Self tapping pan head nickel coated mild steel screws of size 13 x 3.2 mm,719.36
2022,7,Trivandrum,Fibre joint tape 50 mm wide (90 metre) roll,224.6
2022,7,Trivandrum,M.S. Butt hinges 125x90x4 mm,160.76
2022,7,Trivandrum,12.5 mm thick Fully Perforated gypsum board,1176.26
2022,7,Trivandrum,Galvanised wire mesh of average width of aperture 1.4 and nominal dia. of wire 0.63 mm,341.0
2022,7,Trivandrum,12.5 mm thick tapered edge gypsum fire resistant board,333.0
2022,7,Trivandrum,12.5 mm thick tapered edge gypsum moisture resistant board,375.0
2022,7,Trivandrum,Frosted glass sheet or nominal thickness 4 mm (weighing not less than 10 kg/sqm),624.0
2022,7,Trivandrum,Nickel plated M.S. pipe 25 mm dia.,107.22
2022,7,Trivandrum,Nickel plated M.S. pipe 20 mm dia,97.24
2022,7,Trivandrum,Nickel palted M.S. Brackets for curtain rod 20 mm,17.07
2022,7,Trivandrum,Nickel plated M.S. Bracekts for curtain rod 25 mm,15.9
2022,7,Trivandrum,Oxidised mild steel screws 35 mm,76.97
2022,7,Trivandrum,Mild steel conduit pipe (heavy type) ISI Marked-20 mm dia.,101.3
2022,7,Trivandrum,Mild steel conduit pipe (heavy type) ISI Marked-25 mm dia,100.4
2022,7,Trivandrum,Rolling shutters of 80x0.90 mm laths,1770.0
2022,7,Trivandrum,Rolling shutters of 80x1.2 mm laths,1900.0
2022,7,Trivandrum,Top cover of Rolling shutters 0.90 mm thick,650.0
2022,7,Trivandrum,Top cover of Rolling shutters 1.20 mm thick,761.0
2022,7,Trivandrum,Rawl plug 50 mm (designation 10 nos),20.0
2022,7,Trivandrum,Teak wood lipping of size 25x3 mm in pelmets,35.88
2022,7,Trivandrum,PU Primer,82.0
2022,7,Trivandrum,40 mm (average) PU spray having 40-45 kg/m3 density,582.9
2022,7,Trivandrum,GI wire netting 3/4,36.0
2022,7,Trivandrum,400 G polythene sheet,23.75
2022,7,Trivandrum,Flat pressed 3 layer and graded particle board (medium density) Grade 1 Conforming to IS : 3087-18 mm thick,650.0
2022,7,Trivandrum,Almonium tee channel (heavy duty) with rollers and stop end,67.28
2022,7,Trivandrum,Aluminium hanging floor door stopper with twin rubber & stopper,85.43
2022,7,Trivandrum,Hydraulic door closer tubular type Aluminium section body,1040.18
2022,7,Trivandrum,Oxidised M.S. casement stay (straight peg type) 300 mm not less than 0.33 kg,39.98
2022,7,Trivandrum,Oxidised M.S. casement stay (straight peg type) 250 mm not less than 0.28 kg,41.0
2022,7,Trivandrum,Oxidised M.S. casement stay (straight peg type)200 mm not less than 0.24 kg,26.0
2022,7,Trivandrum,Extra for providing grilled rolling shutters with 8 mm dia M.S. rod,695.0
2022,7,Trivandrum,Chequered precast cement concrete tiles 22 mm thck using marble chips of size 6 mm - light shade using white cement,545.0
2022,7,Trivandrum,White marble Raj Nagar plain 18 mm thick upto 0.50 sqm area,830.22
2022,7,Trivandrum,Wall mounted water closet,8100.0
2022,7,Trivandrum,Adjustable Vetrious China Cistern with fittings,3800.0
2022,7,Trivandrum,White Vetrious China Waterless Urinal,16500.0
2022,7,Trivandrum,Cistern with fittings for Waterless Urinal,3850.0
2022,7,Trivandrum,White Vetrious Urinal,6150.0
2022,7,Trivandrum,"Acid and alkali resistant tiles 300x300 mm size, 10 mm thick",732.0
2022,7,Trivandrum,S.C.I. Tee 150 mm,773.0
2022,7,Trivandrum,Expanded polystyrene type N- Normal,170.0
2022,7,Trivandrum,Expanded polystyrene type - SE,206.27
2022,7,Trivandrum,Stainless steel kitchen sink - with drain board bowl depth 250 mm,6398.37
2022,7,Trivandrum,Stainless steel kitchen sink - with drain board 510x 1040 mm bowl depth 225 mm.,5258.67
2022,7,Trivandrum,Stainless steel kitchen sink - with drain board 510 x 1040 mm bowl,4916.08
2022,7,Trivandrum,Stainless steel kitchen sink - with drain board 510 x 1040 mm bowl depth 178 mm,4294.19
2022,7,Trivandrum,Stainless steel kitchen sink - without drain board 610x510 mm bowl depth 200 mm,3088.8
2022,7,Trivandrum,Stainless steel kitchen sink - without drain board 610x460 mm bowl depth 200 mm,2659.28
2022,7,Trivandrum,Stainless steel kitchen sink - without drain board 470x420 mm bowl depth 178 mm,2159.01
2022,7,Trivandrum,Coloured Orissa pattern W.C. pan 580x440 mm,2481.3
2022,7,Trivandrum,Coloured Pedestal type W.C. pan 580x440 mm (European type),1166.07
2022,7,Trivandrum,Coloured Vitreous china 10 lit. low level cistern,2221.44
2022,7,Trivandrum,Coloured (other than black)solid P.V.C. seat in European W.C. pan,566.17
2022,7,Trivandrum,Circular shape 450 mm dia Mirror with Plastic moulded frame,583.44
2022,7,Trivandrum,Rectangular shape 453x357 mm Mirror with Plastic moulded frame,413.92
2022,7,Trivandrum,Oval shape 450x350 mm (outer dimension) Mirror with Plastic moulded fame,550.16
2022,7,Trivandrum,Rectangular shape 1500x450 mm Mirror with Plastic moulded frame,1027.52
2022,7,Trivandrum,Hard board 6 mm thick,179.92
2022,7,Trivandrum,Semi Rigid PVC waste pipe for sink and wash basin 32 mm dia with length not less than 700 mm i/c PVC waste fittings,44.48
2022,7,Trivandrum,Semi Rigid PVC waste pipe for sink and wash basin 40 mm dia with length not less than 700 mm i/c PVC waste fittings,56.18
2022,7,Trivandrum,Flexible (coil shaped) PVC waste pipe for sink and wash basin 32 mm dia with length not less than 700 mm i/c PVC waste fittings,48.0
2022,7,Trivandrum,Flexible (coil shaped) PVC waste pipe for sink and wash basin 40 mm dia with length not less than 700 mm i/c PVC waste fittings,50.96
2022,7,Trivandrum,Bottle Traop,941.2
2022,7,Trivandrum,CP Brass Single lever telephonic wall mixer of approved make,6100.0
2022,7,Trivandrum,Coloured High density polyethylene/poly propylene 10 lit. (full flush) capacity controlled low level flushing cistern with fittings,755.14
2022,7,Trivandrum,White Vitreous china 10 lit. (full flush) capacity controlled low level flushing cistern with all fittings,1110.1
2022,7,Trivandrum,Coloured Vitreous china 10 lit. (full flush) capacity controlled low level flushing cistern with all fittings,1547.52
2022,7,Trivandrum,S.W. intercepting trap 100 mm dia,246.48
2022,7,Trivandrum,S.W. intercepting trap 150 mm dia,322.4
2022,7,Trivandrum,Rectangular shape 600x 450 mm precast R.C.C. manhole cover with frame - L.D. - 25,941.2
2022,7,Trivandrum,Square shape 450x450 mm precast R.C.C. manhole cover with frame - L.D. -25,1026.48
2022,7,Trivandrum,Circular shape 450 mm dia precast R.C.C. manhole cover with frame L.D. -25,855.92
2022,7,Trivandrum,Rectangular shape 500x500 mm precast R.C.C. manhole cover with frame - M.D.-10,943.28
2022,7,Trivandrum,Circular shape 500 mm dia precast R.C.C. manhole cover with frame - M.D. 1 10,855.92
2022,7,Trivandrum,Circular shape 560 mm dia precast R.C.C.manhole cover with frame - H.D. - 20,1302.08
2022,7,Trivandrum,Circular shape 560 mm thick shutters with frame E.H.D. -35,1579.76
2022,7,Trivandrum,"Factory made 35 mm thick shutters with laminated veneer lumber styles & rails as per TADS 15:1995 and panels of 12 mm thick plain type-I, medium density flat pressed three layer, graded particle board (FPT -I) as per IS:3087 bonded with  BWP type",2258.88
2022,7,Trivandrum,"Factory made 35 mm thick shutters with laminated veneer lumber styles & rails as per TADS 15:1995 and panels of 12 mm thick both sides prelaminated type - I, medium density flat pressed three layer, graded particle board (FPT - I) as per IS:3087 bonded with BWP type synthetic resin adhesive, as per IS:848",2419.04
2022,7,Trivandrum,"Factory made 35 mm thick shutters with laqminated veneer lumber styles & rails as per TADS 15:1995 and panels of 12 mm thick on e side prelaminated type-I, and other side balancing lamination, medium density flat pressed three layer, graded particle board (FPT-I) as per IS: 3087 bonded with BWP type synthetic resin adhesive, as per IS: 848",2620.8
2022,7,Trivandrum,Factory made 30 mm thick shutters with laminated veneer lumbers styles & rails as per TADS 15:1995 and panels of sheet glass using 10 kg/sqm glass panes,2204.8
2022,7,Trivandrum,Factory made 35 mm thck shutters with laminated veneer lumber styles & rails as per TADS 15:1995 and panels of galvanised wire of dia average width of aperture 1.4 mm in both directions with wire of dia 0.63 mm,2198.0
2022,7,Trivandrum,Factory made 30 mm thick shutters with laminated veneer lumber styles & rauks as oer TADS 15:1995 and panels of galvanised wire gauge with average width of aperture 1.4 mm in both direction with wire of dia 0.63 mm,1965.39
2022,7,Trivandrum,"Laminated veneer lumber confirming to TADS 15:1995 manufactured in factory in frames of doors, windows",970.6
2022,7,Trivandrum,Chemical ASTMC- type I,164.32
2022,7,Trivandrum,C.I. pile shoe,66.74
2022,7,Trivandrum,M.S. clamps for pile shoe,63.44
2022,7,Trivandrum,Bentonite,4314.96
2022,7,Trivandrum,Oxidised M.S. safety chain (weighing not less than 450 gms) for door,90.95
2022,7,Trivandrum,"C.I. grating 150 mm dia, weighing not less than 440 gm",46.55
2022,7,Trivandrum,uPVC pipes (working pressure 4 kg /cm2 ) Single socketed pipe 75 mm dia,95.68
2022,7,Trivandrum,uPVC pipes (working pressure 4 Kg / cm2 ) Single socketed pipe 110 mm dia,176.92
2022,7,Trivandrum,uPVC pipes (working pressure 4 kg/cm 2) Rubber  (seal) Ring 75 mm dia,28.42
2022,7,Trivandrum,uPVC pipes (working pressure 4 kg/cm2) Rubber (seal) Ring 110 mm dia,37.18
2022,7,Trivandrum,"uPVC coupler for uPVC drainage pipes 75 ,mm",41.0
2022,7,Trivandrum,uPVC coupler for uPVC drainage pipes 110 mm,73.84
2022,7,Trivandrum,uPVC pushfit coupler (single) 75 mm thick,37.28
2022,7,Trivandrum,uPVC Pushfit coupler (single) 110 mm thick,49.68
2022,7,Trivandrum,uPVC single equal Tee (without door) 75x75x75 mm,67.31
2022,7,Trivandrum,uPVC single equal Tee (without door) 110x110x110 mm,109.55
2022,7,Trivandrum,uPVC single equal Tee (with door) 75x75x75 mm,86.5
2022,7,Trivandrum,uPVC single equal Tee (with door) 110x110x110 mmmm,128.52
2022,7,Trivandrum,"uPVC bend 87.50, 75 mm bend",54.08
2022,7,Trivandrum,"UPVCbend 87.50, 110 mm bend",87.94
2022,7,Trivandrum,UPVC plain shoe 75 mm bend,39.6
2022,7,Trivandrum,UPVC plain shoe 110 mm bend,70.19
2022,7,Trivandrum,UPVC pipe clip 75 mm bend,29.73
2022,7,Trivandrum,UPVC pipe clip 110 mm bend,50.0
2022,7,Trivandrum,Resin bonded Glass wool 16 kg/m3 50 mm thick,149.0
2022,7,Trivandrum,Resin Bonded Glass wool 24 kg/m3 50 mm thick,209.0
2022,7,Trivandrum,Fibre glass tissue reinforcemet type II Grade I,121.0
2022,7,Trivandrum,Precast chequered cement tiles 22 mm thick Dark shade using ordinary cement,400.0
2022,7,Trivandrum,Precast chequered cement tiles 22 mm thick medium shade using 50% white cement 50% ordinary cement,550.0
2022,7,Trivandrum,High Allbedo paint,335.0
2022,7,Trivandrum,Epoxy paint,530.0
2022,7,Trivandrum,Fire retardant paint,400.0
2022,7,Trivandrum,Melamine polish,500.0
2022,7,Trivandrum,Table rubbed polished stone 18 mm thick (75x50 cm) Agaria Marble stone - 18 mm thick,1900.0
2022,7,Trivandrum,Table rubbed polished stone 18 mm thick (75x50cm) Granite stone - 18mm thick,2511.0
2022,7,Trivandrum,Vertical load testing (INITIAL) of pipes in accordance with IS : 2911 (Part - IV) including installation of loading platform and preparation of pile head or construction of test cap and dismantling of test cap after test etc. complete as per specification and up to 50 MT capacity pile,52000.0
2022,7,Trivandrum,Vertical load testing (INITIAL) of piles in accordance with IS : 2911(Part -IV) including installation of loading platform and preparation of pile head or construction of test cap and dismantling of test cap after test etc. compete as per specification & above 50MT and up to 100 MT,73000.0
2022,7,Trivandrum,Vertical load testing (INIGIAL) pf piles in accordance with IS : 2911 (PART-IV) including installation of loading platform and preparation of pile head or construction of test cap and dismantling of test cap after test etc. complete as per specification & group of two ro more up to 50 MT,82000.0
2022,7,Trivandrum,Cyclic vertical load testing of piles in accordance with IS : 2911 (Part-IV) including prepartion of pile head etv. for Single pile above 50 tonne capacity pile and up to 100 tonnecapacity pile,20925.0
2022,7,Trivandrum,Cyclic vertical load testing of piles in accordance with IS : 2911(Part-IV) including preparation of pile head etc. for Single pile above 50 tonne capacity pile and up to 100 tonnecapacity pile,32085.0
2022,7,Trivandrum,Cyclic vertical load testing of piles in accoraance with IS : 2911 ( Part - IV) including preparation of pile head etc. for Group of two piles up to 50 tonne capacity each,41152.0
2022,7,Trivandrum,Lateral load testing of single pile in accordance with IS : 2911 part -IV for detemining safe allowable lateral load load on pile. up to 50 tonne capacity,20925.0
2022,7,Trivandrum,Lateral load testing of single pile in accordance with IS : 2911 part - IV for detemining safe allowable lateral load on pile. Above 50 tonne capacity,32922.0
2022,7,Trivandrum,Hardening compound,56.0
2022,7,Trivandrum,Road Marking paint (spirit based),167.0
2022,7,Trivandrum,Superior quality road marking paint (water based),210.0
2022,7,Trivandrum,C.P.Brass bibcock 15 mm,523.0
2022,7,Trivandrum,C.P. Brass long nose bibcock 15 mm,550.0
2022,7,Trivandrum,C.P. Brass long body bibcock 15 mm,680.0
2022,7,Trivandrum,C.P. Brass stop cock (concealed) 15 mm,700.0
2022,7,Trivandrum,C.P. Brass angle valve 15 mm,400.0
2022,7,Trivandrum,Pressed clay tiles 20 mm thick 250 x 250 mm size,14100.0
2022,7,Trivandrum,Plain ceiling tiles (BWP type phenol formaldehyde synthetic resin bonded) 600x600x12 mm),175.0
2022,7,Trivandrum,Semi perforated ceiling tiles (600x600x12 mm),170.0
2022,7,Trivandrum,25 mm thick particle board,670.0
2022,7,Trivandrum,30 mm thick prelaminated flush door shutter,1186.0
2022,7,Trivandrum,IInd class teak wood lipping 25 mm wide x 12 mm thick,60.0
2022,7,Trivandrum,25 mm thick melamine faced prelaminated three layer particle board,1311.0
2022,7,Trivandrum,Resin Bonded Rockwool 48kg/m3,294.0
2022,7,Trivandrum,Glass wool 50 mm thick,345.0
2022,7,Trivandrum,Waste plastic additive,53613.0
2022,7,Trivandrum,Chemical ASTMC -type II,237.0
2022,7,Trivandrum,"Granite of any colour, 18 mm thick (slab area upto 0.50 sqm)",2300.0
2022,7,Trivandrum,"Granite of any colour,30 mm thick (slab area up to 0.50 sqm)",3150.0
2022,7,Trivandrum,"Granite of any colour, 18 mm thick (slab area above 0.50 sqm)",2790.0
2022,7,Trivandrum,Aluminium T or L Sections,280.0
2022,7,Trivandrum,For flush door shutters Extra for providing teak veneering on one side instead of commercial veneering,476.0
2022,7,Trivandrum,"Expandable fastener with plastic sleeve and M.S.screws, 25 mm long",14.0
2022,7,Trivandrum,"Expandable fastener with plastic sleeve and M.S.screws, 32 mm long",15.0
2022,7,Trivandrum,"Expandable fastener with plastic sleeve and M.S. screws, 40 mm long",19.0
2022,7,Trivandrum,"Expandable fastener with plastic sleeve and M.S. screws, 50 mm long",21.0
2022,7,Trivandrum,Plasticizer / super plasticizer,120.0
2022,7,Trivandrum,wall form panel 1250x500 mm,1465.0
2022,7,Trivandrum,Tie bolt 12 mm dia 100 mm length,70.0
2022,7,Trivandrum,Tie bolt 12 mm dia 150 mm length,84.0
2022,7,Trivandrum,Tie bolt 20 mm dia 150 mm length,105.0
2022,7,Trivandrum,Tile bolt 20 mm dia 225 mm length,125.0
2022,7,Trivandrum,Spring coil 12 mm,22.0
2022,7,Trivandrum,Plastic cone 12 mm dia,25.0
2022,7,Trivandrum,Corner angle 45x45x5 mm 1.50 m long,418.0
2022,7,Trivandrum,100 mm channel shoulder 2.5 m long,1618.0
2022,7,Trivandrum,Double clip (bridge clip),135.0
2022,7,Trivandrum,Single clip,107.0
2022,7,Trivandrum,M.S. Tube 40 mm dia,395.0
2022,7,Trivandrum,Wall form panel 1250x450xmm,1451.0
2022,7,Trivandrum,Corner angle 45x45x5 mm 2.50 long,474.0
2022,7,Trivandrum,Column clamp 450x1070 mm,1702.0
2022,7,Trivandrum,Prop 2 m (2-3.5m),1158.0
2022,7,Trivandrum,Binding wire,110.0
2022,7,Trivandrum,Lock Bar (E 250) - 10 thick MS Plate,101.0
2022,7,Trivandrum,Gun metal cramp,460.0
2022,7,Trivandrum,Stainless steel cramp,479.0
2022,7,Trivandrum,Stainless steel pin,266.0
2022,7,Trivandrum,Adjustable span ESO+SI (2.35-3.40),2650.0
2022,7,Trivandrum,Adjustable telescopic prop 3 m (2.02-3.75m),1674.0
2022,7,Trivandrum,Beam clamp 300-380 mm (450-1070 mm),589.0
2022,7,Trivandrum,Prop 4 m,1632.0
2022,7,Trivandrum,Double coupler,77.0
2022,7,Trivandrum,Cadmium plated full threaded steel screws (30x4 mm dia.),39.0
2022,7,Trivandrum,Aluminium washer 2 mm thick 15 mm dia,14.0
2022,7,Trivandrum,12 mm M.S. 'U' beading,21.0
2022,7,Trivandrum,Plastic encapsulated  M.S. foor rest 30x20x15 cm,160.0
2022,7,Trivandrum,"Flushing Cistern P.V.C. 10 lts capacity (low level) (white) (with fittings, accessories  and flush pipe)",893.0
2022,7,Trivandrum,P.V.C. automatic flushing cistern 5 lts capacity,684.0
2022,7,Trivandrum,P.V.C. Automatic flushing cistern  10 lts capacity,739.0
2022,7,Trivandrum,15 mm C.P. brass tap with elbow operation lever,976.0
2022,7,Trivandrum,White glazed fire clay draining board 600x450x25 mm,767.0
2022,7,Trivandrum,Glass reinforced Gypsum (GRG) board 12.5 mm thick,345.0
2022,7,Trivandrum,Galvanised M.S. sheet 0.5 mm thick pressed channel section of size 50x32 mm,85.0
2022,7,Trivandrum,GFRG Panel of 124 mm thick,1130.0
2022,7,Trivandrum,Galvanised M.S. sheet 0.50 mm thick pressed stud. 48x34x36 mm,105.0
2022,7,Trivandrum,G.I. flush pipe and C.P. brass spreader including C.P. connecting pipe Single lipped urinal,649.0
2022,7,Trivandrum,G.I. flush pipe and C.P. brass spreader including C.P. connecting pipe Range of two lipped urinals,1465.0
2022,7,Trivandrum,G.I. flush pipe and C.P. brass spreader including C.P. connecting pipe Range of three lipped urinals,1744.0
2022,7,Trivandrum,G.I. flush pipe and C.P. brass spreader including C.P. connecting pipe Range of four lipped urinals,2650.0
2022,7,Trivandrum,White vitreous china clay half stall urinal flat back 580x380x350 mm or angle back 450x375x350 mm with waste fittings as per IS: 2556,2500.0
2022,7,Trivandrum,Precast R.C.C. grating with frame 500x450 mm horizontal grating,907.0
2022,7,Trivandrum,Precast R.C.C. grating with frame 450x100 mm vertical grating,453.0
2022,7,Trivandrum,12 mm dia 50 mm long wedge type expanded zinc alloy dash fastener,10.0
2022,7,Trivandrum,3 mm thick translucent white acrylic plastic sheet,795.0
2022,7,Trivandrum,12 mm thick particle board ceiling tile,400.0
2022,7,Trivandrum,Spigot for standard jointing,63.0
2022,7,Trivandrum,"Dash hold fastener 12.5 mm dia, 50 mm long with 6 mm dia bolt",70.0
2022,7,Trivandrum,Anodising 15 microns on aluminium sections,57.0
2022,7,Trivandrum,Neoprene / EPDM rubber gasket,37.0
2022,7,Trivandrum,Anodising 25 microns on aluminium sections,71.0
2022,7,Trivandrum,Powder coating 50 microns on aluminium sections,90.0
2022,7,Trivandrum,Polyester powder coating 50 microns on aluminium sections,98.0
2022,7,Trivandrum,Double action hydraulic floor spring with stainless steel cover plate,2162.0
2022,7,Trivandrum,6 mm dia. G.I adjustable hangers including clips (up to 1.2 m length),39.0
2022,7,Trivandrum,Double action hydraulic floor spring with brass cover plate,2371.0
2022,7,Trivandrum,Base Jack,251.0
2022,7,Trivandrum,Challies,1116.0
2022,7,Trivandrum,Cup locks,112.0
2022,7,Trivandrum,15 mm PTMT bib cock,135.0
2022,7,Trivandrum,15 mm PTMT bib cock with flange (fancy),175.0
2022,7,Trivandrum,15 mm PTMT bib cock long body with flange,185.0
2022,7,Trivandrum,15 mm PTMT bib stop cock (male thread),130.0
2022,7,Trivandrum,20 mm dia. PTMT bib stop cock,190.0
2022,7,Trivandrum,PTMT pillar cock,215.0
2022,7,Trivandrum,PTMT push cock 15 mm dia,126.0
2022,7,Trivandrum,PTMT push cock 12 mm dia 20 mm BSP,112.0
2022,7,Trivandrum,PTMT grating 100 mm dia,65.0
2022,7,Trivandrum,PTMT Pillar cock (fancy) 15 mm foam flow,230.0
2022,7,Trivandrum,125 mm grating with waste hole,85.0
2022,7,Trivandrum,Rectangular type with openable circular lid 150 mm size 18 mm high with 100 mm dia (110 gm),170.0
2022,7,Trivandrum,Double acting air valve 50 mm,5580.0
2022,7,Trivandrum,Double acting air valve 80 mm,7254.0
2022,7,Trivandrum,Double acting air valve 100 mm,9486.0
2022,7,Trivandrum,Water meter (including testing charges) 80 mm,2971.0
2022,7,Trivandrum,Water meter (including testing charges)  150 mm,4603.0
2022,7,Trivandrum,Water meter (including testing charges) 150 mm,6975.0
2022,7,Trivandrum,Water meter (including testing charges) 200 mm,7533.0
2022,7,Trivandrum,Dirt box strainer 80 mm,3920.0
2022,7,Trivandrum,Dirt box strainer 100 mm,6389.0
2022,7,Trivandrum,Dirt box strainer 150 mm,8105.0
2022,7,Trivandrum,Dirt box strainer 200 mm,11509.0
2022,7,Trivandrum,Cat's eye,251.0
2022,7,Trivandrum,"Water stops Serrated with central bulb (225 mm wide, 8-11 mm thick)",579.0
2022,7,Trivandrum,Water stops Dumb bell with central bulb,544.0
2022,7,Trivandrum,Kickers,523.0
2022,7,Trivandrum,Wedge expansion hold fastener 1/4 or 6 mm,19.0
2022,7,Trivandrum,Wedge expansion hold fastener 3/8 or 10 mm,21.0
2022,7,Trivandrum,Wedge expansion hold fastener 1/2,39.0
2022,7,Trivandrum,8 mm thick (mirror polished tiles machine cut edge) Raj Nagar white,697.0
2022,7,Trivandrum,Wheel 75 mm dia. 40 mm wide,91.0
2022,7,Trivandrum,Aluminium single cleat of size 30x32x3 mm,19.0
2022,7,Trivandrum,Aluminium grip strip of 50x12x2 mm,16.0
2022,7,Trivandrum,25 mm thick prelaminated flush door shutter both side decorative,1159.0
2022,7,Trivandrum,Aluminium U beading,309.0
2022,7,Trivandrum,Glass sheet (pin headed ) 4 mm thick,420.0
2022,7,Trivandrum,Raj nagar plain white marble (table rubbed add polished ) 18 mm thick (slab area upto 0.50 sqm),907.0
2022,7,Trivandrum,Raj nagar plain white marble (table rubbed and polished ) 18 mm thick (slab area more than 0.50 sqm),1047.0
2022,7,Trivandrum,Second class deodar teak wood lipping 30 mm wide x 12 mm thick,42.0
2022,7,Trivandrum,Veneered particle board with commercial veneering on both sides 12 mm thick,725.0
2022,7,Trivandrum,"Prelaminated particle board with one side decorative and other side balancing lamination, flat pressed 3 layer & graded (medium density) Grade I, Type II conforming to IS:12823 (exterior grade) 12 mm thick",850.0
2022,7,Trivandrum,"Prelaminated particle board with one side decorative and other side balancing lamination, flat pressed 3 layer & graded (medium density) Grade I, Type II conforming to IS:12823 (exterior grade) 18 mm thick",1000.0
2022,7,Trivandrum,"Prelaminated particle board with one side decorative and other side balancing lamination, flat pressed 3 layer & graded (medium density) Grade I, Type II conforming to IS:12823 (exterior grade) 25 mm thick",1100.0
2022,7,Trivandrum,"Prelaminated particle board with both side decorative lamination, flat pressed 3 layer & grade ( medium density ) Grade I, Type II conforming to IS: 12823 (exterior grade) 12 mm thick",900.0
2022,7,Trivandrum,Oxidised M.S. hinges finished with nickel plating 50 mm (Pver all width),59.0
2022,7,Trivandrum,Oxidised M.S. hinges finished with nickel plating 65 mm (Over all width),75.0
2022,7,Trivandrum,PTMT - Waste Coupling 31/32 mm,80.0
2022,7,Trivandrum,PTMT - Waste Coupling 38/40 mm,110.0
2022,7,Trivandrum,PTMT - Bottle Trap 31/32 mm,448.0
2022,7,Trivandrum,PTMT - Bottle Trap 38/40 mm,481.0
2022,7,Trivandrum,PTMT - Ball Cock 15 mm Complete with Epoxy Coated Aluminium Rod & H.D. Ball,187.0
2022,7,Trivandrum,PTMT - Ball Cock 120 mm Complete with Epoxy Coated Aluminium Rod & H.D. Ball,272.0
2022,7,Trivandrum,PTMT - Ball Cock 25 mm Complete with Epoxy Coated Aluminium Rod & H.D. Ball,582.0
2022,7,Trivandrum,PTMT - Ball Cock 40 mm Complete with Epoxy Coated Aluminium Rod & H.D. Ball,1089.0
2022,7,Trivandrum,PTMT - Ball Cock 50 mm Complete with Epoxy Coated Aluminium Rod & H.D. Ball,1604.0
2022,7,Trivandrum,PTMT - Angle Stope cock with Flange 15 mm,135.0
2022,7,Trivandrum,PTMT - Swiveling shower 15 mm,180.0
2022,7,Trivandrum,PTMT - Liquid Soap Container of 400 ml capacity,202.0
2022,7,Trivandrum,PTMT - Towel Ring 215x200x37 mm,218.0
2022,7,Trivandrum,PTMT - Towel Rail (450 mm),205.0
2022,7,Trivandrum,PTMT - Towel Rail (600 mm),290.0
2022,7,Trivandrum,PTMT - Shelf 450x124x36 mm,360.0
2022,7,Trivandrum,PTMT - Urinal Spreader 15 mm,180.0
2022,7,Trivandrum,PTMT - Soap Dish/Holder 138x102x75 mm,140.0
2022,7,Trivandrum,PTMT - handle 125x34x24 mm,40.0
2022,7,Trivandrum,PTMT - handle150x34x24 mm,47.0
2022,7,Trivandrum,PTMT - butt hinges 75x60x10 mm,68.0
2022,7,Trivandrum,PTMT - butt hinges 100x75x10 mm,78.0
2022,7,Trivandrum,PTMT - Tower bolt 152x42x18 mm,50.0
2022,7,Trivandrum,PTMT - Tower bolt 202x42x18 mm,115.0
2022,7,Trivandrum,PTMT - door catcher 72x42 mm,53.0
2022,7,Trivandrum,Coir veneered board 4 mm thick,450.0
2022,7,Trivandrum,Coir veneered board 6  mm thick,572.0
2022,7,Trivandrum,Coir veneered board 12 mm thick,1008.0
2022,7,Trivandrum,Coir veneered board 18 mm thick,1580.0
2022,7,Trivandrum,Hubless centrifugally cast (spun) iron pipes as per IS 15905 - 100 mm dia (3000 mm length pipe),1023.0
2022,7,Trivandrum,Hubless centrifugally cast (spun) iron pipes as per IS 15905 - 75 mm dia (3000 mm length pipe),837.0
2022,7,Trivandrum,Hubless centrifugally cast (spun) iron plain bend as per IS 15905 - 100 mm dia,342.0
2022,7,Trivandrum,Hubless centrifugally cast (spun) iron plain bend as per IS 15905 - 75 mm dia,240.0
2022,7,Trivandrum,Hubless centrifugally cast (spun) iron double equal plain junction as per IS 15905 - 100x100x100x100 mm dia,745.0
2022,7,Trivandrum,Hubless centrifugally cast (spun) iron double equal plain junction as per IS 15905 - 75x75x75x75 mm dia,400.0
2022,7,Trivandrum,Hubless centrifugally cast (Spun) iron single equal plain junction as per IS 15905 - 100x100x100 mm dia,577.0
2022,7,Trivandrum,Hubless centrifugally cast (Spun) iron single equal plain junction as per IS 15905 - 75x75x75 mm dia,320.0
2022,7,Trivandrum,Hubless centrifugally cast (spun) iron double unequal plain junction as per IS 15905 - 100x100x75x75 mm dia,590.0
2022,7,Trivandrum,Hubless centrifugally cast (Spun) iron single unequal plain junction as per IS 15905 - 100x100x75 mm dia,549.0
2022,7,Trivandrum,Hubless centrifugally cast (spun) irong double equal plain invert branch as per IS 15905 - 100x100x100x100 mm dia,916.0
2022,7,Trivandrum,Hubless centrifugally cast (spun) iron single equal plain invert branch as per 15905 - 100x100x100 mm dia,579.0
2022,7,Trivandrum,Hubless centrifugally cast (spun) iron single equal plain invert branch as per IS 15905 - 75x75x75 mm dia,381.0
2022,7,Trivandrum,Hubless centrifugally cast (Spun) iron single unequal plain invert branch 45 degree as per IS 15905 - 100x100x75 mm dia,632.0
2022,7,Trivandrum,Hubless centrifugally cast (spun) iron 65 mm offset with 100 mm dia pipe as per IS 15905,530.0
2022,7,Trivandrum,Hubless centrifugally cast (Spun) iron 65 mm offset with 75 mm dia pipe as per IS 15905,432.0
2022,7,Trivandrum,Hubless centrifugally cast (Spun) iron 130 mm offset with 100 mm dia pipe per IS 15905,642.0
2022,7,Trivandrum,Hubless centrifugally cast (Spun) iron 130 mm offset with 75 mm dia pipe per IS 15905,456.0
2022,7,Trivandrum,Hubless centrifugally cast (Spun) iron bend with acess door - 100 mm dia as per 15905,423.0
2022,7,Trivandrum,Hubless centrifugally cast (spun) iron terminal guard (slotted cowl) - 100 mm dia as per IS 15905,395.0
2022,7,Trivandrum,Hubless centrifugally cast (spun) iron trap with 100 mm inlet and 100 mm outlet as per IS 15905,786.0
2022,7,Trivandrum,Hubless centrifugally cast (spun) iron trap with 100 mm inlet and 75 mm outlet as per IS 15905,567.0
2022,7,Trivandrum,SS 304 grade shielded coupling with EPDM rubber gasket for 100 mm dia Hubless centrifugally cast (spun) iron,405.0
2022,7,Trivandrum,SS 304 grade shielded coupling with EPDM rubber gasket for 75 mm dia Hubless centrifugally cast (spun) iron,367.0
2022,7,Trivandrum,Ductile Iron class K - 9 pipe Conforming to I.S. 8329 100 mm dia,1116.0
2022,7,Trivandrum,Ductile Iron class K - 9 pipe Conforming to I.S. 8329 150 mm dia,1674.0
2022,7,Trivandrum,Ductile Iron class K - 9 pipe Conforming to I.S. 8329 mm dia,2302.0
2022,7,Trivandrum,Ductile Iron class K - 9 pipe Conforming to I.S. 8329 - 250 mm dia,3208.0
2022,7,Trivandrum,Ductile Iron class K - 9 pipe Conforming to I.S. 8329 - 300 mm dia,3990.0
2022,7,Trivandrum,Ductile Iron class K - 9 pipe Conforming to I.S. 8329 - 350 mm dia,4896.0
2022,7,Trivandrum,Ductile Iron class K - 9 pipe Conforming to I.S. 8329 - 400 mm dia,6277.0
2022,7,Trivandrum,Ductile Iron class K - 9 pipe Conforming to I.S. 8329- 450 mm dia,7254.0
2022,7,Trivandrum,Ductile Iron class K - 9 pipe Conforming to I.S. 8329 - 500 mm dia,9180.0
2022,7,Trivandrum,Ductile Iron class K - 9 pipe Conforming to I.S. 8329 - 600 mm dia,11062.0
2022,7,Trivandrum,Ductile Iron class K - 9 pipe Conforming to I.S. 8329 - 700 mm dia,15345.0
2022,7,Trivandrum,Ductile Iron class K - 9 pipe Conforming to I.S. 8329 - 750 mm dia,16600.0
2022,7,Trivandrum,Ductile Iron class K - 9 pipe Conforming to I.S. 8329 - 800 mm dia,16740.0
2022,7,Trivandrum,Ductile Iron class K - 9 pipe Conforming to I.S. 8329 - 900 mm dia,20227.0
2022,7,Trivandrum,Ductile Iron class K - 9 pipe Conforming to I.S. 8329 -1000 mm dia,22738.0
2022,7,Trivandrum,Rubber Gaskets conforming to I.S. 5382 of S.B.R quality 100 mm dia,42.0
2022,7,Trivandrum,Rubber Gaskets conforming to I.S. 5382 of S.B.R quality  150 mm dia,53.0
2022,7,Trivandrum,Rubber Gaskets conforming to I.S. 5382 of S.B.R quality 200 mm dia,98.0
2022,7,Trivandrum,Rubber Gaskets conforming to I.S. 5382 of S.B.R quality 250  mm dia,109.0
2022,7,Trivandrum,Rubber Gaskets conforming to I.S. 5382 of S.B.R quality 300  mm dia,160.0
2022,7,Trivandrum,Rubber Gaskets conforming to I.S. 5382 of S.B.R quality 350 mm dia,184.0
2022,7,Trivandrum,Rubber Gaskets conforming to I.S. 5382 of S.B.R quality 400  mm dia,335.0
2022,7,Trivandrum,Rubber Gaskets conforming to I.S. 5382 of S.B.R quality 450  mm dia,391.0
2022,7,Trivandrum,Rubber Gaskets conforming to I.S. 5382 of S.B.R quality 500 mm dia,425.0
2022,7,Trivandrum,Rubber Gaskets conforming to I.S. 5382 of S.B.R quality 600 mm dia,530.0
2022,7,Trivandrum,Rubber Gaskets conforming to I.S. 5382 of S.B.R quality 700 mm dia,802.0
2022,7,Trivandrum,Rubber Gaskets conforming to I.S. 5382 of S.B.R quality 750 mm dia,963.0
2022,7,Trivandrum,Rubber Gaskets conforming to I.S. 5382 of S.B.R quality 800 mm dia,1060.0
2022,7,Trivandrum,Rubber Gaskets conforming to I.S. 5382 of S.B.R quality 900 mm dia,1395.0
2022,7,Trivandrum,Rubber Gaskets conforming to I.S. 5382 of S.B.R quality 1000 mm dia,1674.0
2022,7,Trivandrum,Ductile Iron K-12 specials suitable for push on jointing upto 600 mm dia,18135.0
2022,7,Trivandrum,Ductile Iron K-12 specials suitable for push on jointing over 600 mm dia,25110.0
2022,7,Trivandrum,Ductile Iron specials suitable for mechanical jointing as per I.S. 9523 utp 600 mm dia,19111.0
2022,7,Trivandrum,Ductile Iron specials suitable for mechanical jointing as per I.S. 9523 upto 600 mm dia,27412.0
2022,7,Trivandrum,Ductile Iron Pipe Class K-9 flanges and welding 100 mm dia,3041.0
2022,7,Trivandrum,Ductile Iron Pipe Class K-9 flanges and welding 150 mm dia,4882.0
2022,7,Trivandrum,Ductile Iron Pipe Class K-9 flanges and welding 200 mm dia,5733.0
2022,7,Trivandrum,Ductile Iron Pipe Class K-9 flanges and welding 250 mm dia,4778.0
2022,7,Trivandrum,Ductile Iron Pipe Class K-9 flanges and welding 300 mm dia,9709.0
2022,7,Trivandrum,Ductile Iron Pipe Class K-9 flanges and welding 350 mm dia,12276.0
2022,7,Trivandrum,Ductile Iron Pipe Class K-9 flanges and welding 400 mm dia,14801.0
2022,7,Trivandrum,Ductile Iron Pipe Class K-9 flanges and welding 450 mm dia,17996.0
2022,7,Trivandrum,Ductile Iron Pipe Class K-9 flanges and welding 500 mm dia,21064.0
2022,7,Trivandrum,Ductile Iron Pipe Class K-9 flanges and welding 600 mm dia,28779.0
2022,7,Trivandrum,Ductile Iron Pipe Class K-9 flanges and welding 700 mm dia,35712.0
2022,7,Trivandrum,S&S Centrifugally (Spun) C.I. Pipe class LA 100 mm dia,1256.0
2022,7,Trivandrum,S&S Centrifugally (Spun) C.I. Pipe class LA 125 mm dia,1562.0
2022,7,Trivandrum,S&S Centrifugally (Spun) C.I. Pipe class LA 150 mm dia,1883.0
2022,7,Trivandrum,S&S Centrifugally (Spun) C.I. Pipe class LA 200 mm dia,3208.0
2022,7,Trivandrum,S&S Centrifugally (Spun) C.I. Pipe class LA 250 mm dia,4185.0
2022,7,Trivandrum,S&S Centrifugally (Spun) C.I. Pipe class LA 300 mm dia,5650.0
2022,7,Trivandrum,S&S Centrifugally (Spun) C.I. Pipe class LA  350 mm dia,6766.0
2022,7,Trivandrum,S&S Centrifugally (Spun) C.I. Pipe class LA 400 mm dia,8928.0
2022,7,Trivandrum,S&S Centrifugally (Spun) C.I. Pipe class LA 450 mm dia,10811.0
2022,7,Trivandrum,S&S Centrifugally (Spun) C.I. Pipe class LA 500 mm dia,12555.0
2022,7,Trivandrum,S&S Centrifugally (Spun) C.I. Pipe class LA 600 mm dia,17570.0
2022,7,Trivandrum,S&S Centrifugally (Spun) C.I. Pipe specials as per IS 1538 suitable for lead jointing up to 300 mm dia,7700.0
2022,7,Trivandrum,S&S Centrifugally (Spun) C.I. Pipe specials as per IS 1538 suitable for lead jointing over  300 mm dia,11439.0
2022,7,Trivandrum,S&S Centrifugally (Spun) C.I. Pipe specials suitable for mechanical joint as per I.S. 13382 up to 300 mm dia,12555.0
2022,7,Trivandrum,S & S Centrifugally (SPUN) C.I. Pipe Specials suitable for mechanical joint as per IS 13382 over 300 mm dia,13252.0
2022,7,Trivandrum,Screwed double flanged centrifugally cast (spun) C.I Pipe pf Class B confroming to I.S. 1536.- 100 mm dia,1918.0
2022,7,Trivandrum,"Screwed double flanged centrifugally cast (spun) C.I. Pipe of Class B conforming to I.S. 1536, - 150 mm dia",2999.0
2022,7,Trivandrum,Screwed double flanged centrifugally cast (spun) C.I. Pipe of Class B conforming to I.S. 1536 - 200 mm dia,4743.0
2022,7,Trivandrum,"Screwed double flanged centrifugally cast (spun) C.I. Pipe of Class B conforming to I.S. 1536, - 250 mm dia",5719.0
2022,7,Trivandrum,"Screwed double flanged centrifugally cast (spun) C.I. Pipe of Class B conforming to I.S. 1536, - 300 mm dia",7310.0
2022,7,Trivandrum,"Screwed double flanged centrifugally cast (spun) C.I. Pipe of Class B conforming to I.S. 1536, - 350 mm dia",9207.0
2022,7,Trivandrum,"Screwed double flanged centrifugally cast (spun) C.I. Pipe of Class B conforming to I.S. 1536, - 400 mm dia",11927.0
2022,7,Trivandrum,"Screwed double flanged centrifugally cast (spun) C.I. Pipe of Class B conforming to I.S. 1536, - 450 mm dia",15205.0
2022,7,Trivandrum,"Screwed double flanged centrifugally cast (spun) C.I. Pipe of Class B conforming to I.S. 1536, - 500 mm dia",18916.0
2022,7,Trivandrum,"Screwed double flanged centrifugally cast (spun) C.I. Pipe of Class B conforming to I.S. 1536, - 600 mm dia",26226.0
2022,7,Trivandrum,Ductile Iron Class K- 7 pipe conforming to I.S.8329 - 100 mm dia,1100.0
2022,7,Trivandrum,Ductile Iron Class K - 7 pipe conforming to I.S. 8329 - 150 mm dia,1562.0
2022,7,Trivandrum,Ductile Iron Class K - 7 pipe conforming to I.S. 8329 - 200 mm dia,2162.0
2022,7,Trivandrum,Ductile Iron Class K - 7 pipe conforming to I.S. 8329 - 250 mm dia,2929.0
2022,7,Trivandrum,Ductile Iron Class K - 7 pipe conforming to I.S. 8329 - 300 mm dia,4045.0
2022,7,Trivandrum,Ductile Iron Class K - 7 pipe conforming to I.S. 8329 - 350 mm dia,4806.0
2022,7,Trivandrum,Ductile Iron Class K - 7 pipe conforming to I.S. 8329 - 400 mm dia,5601.0
2022,7,Trivandrum,Ductile Iron Class K - 7 pipe conforming to I.S. 8329 - 450 mm dia,6768.0
2022,7,Trivandrum,Ductile Iron Class K - 7 pipe conforming to I.S. 8329 - 500 mm dia,8000.0
2022,7,Trivandrum,Ductile Iron Class K - 7 pipe conforming to I.S. 8329 - 600 mm dia,10435.0
2022,7,Trivandrum,Ductile Iron Class K - 7 pipe conforming to I.S. 8329 - 700 mm dia,13410.0
2022,7,Trivandrum,Ductile Iron Class K - 7 pipe conforming to I.S. 8329 - 800 mm dia,16879.0
2022,7,Trivandrum,Ductile Iron Class K - 7 pipe conforming to I.S. 8329 - 900 mm dia,22418.0
2022,7,Trivandrum,Ductile Iron Class K - 7 pipe conforming to I.S. 8329 - 1000 mm dia,23760.0
2022,7,Trivandrum,Extruded burnt flyash clay sewer bricks conforming to I.S. 4885,7533.0
2022,7,Trivandrum,Fly ash lime bricks (FALG Bricks) conforming to I.S. 12894,6556.0
2022,7,Trivandrum,Calcium Silicate Bricks machine moulded confirming to I.S. 4139,6975.0
2022,7,Trivandrum,Modified Bitumen Refinery produced CRMB - 55,57055.0
2022,7,Trivandrum,Modified Bitumen Refinery produced CRMB - 60,56916.0
2022,7,Trivandrum,M.S. Pipe 150 mm dia casing pipe,1479.0
2022,7,Trivandrum,M.S. pipe 200 mm dia casing pipe,1813.0
2022,7,Trivandrum,PVC blind pipe 150 mm dia as per IS: 12818,697.0
2022,7,Trivandrum,PVC blind pipe 200 mm dia as pe IS: 12818,1046.0
2022,7,Trivandrum,M.S. cap 150 mm dia,223.0
2022,7,Trivandrum,M.S. cap 200 mm dia,279.0
2022,7,Trivandrum,M.S. bail plug 150 mm dia,279.0
2022,7,Trivandrum,M.S. bail plug 200 mm dia,307.0
2022,7,Trivandrum,PVC slotted pipe 150 mm dia as per IS: 12818,628.0
2022,7,Trivandrum,PVC slotted pipe 200 mm dia as per IS: 12818,976.0
2022,7,Trivandrum,Boulder 50 mm to 200 mm,980.0
2022,7,Trivandrum,Gravel 5 mm to 10 mm,976.0
2022,7,Trivandrum,Gravel 1.5 mm to 2 mm,907.0
2022,7,Trivandrum,Gravel 3 mm to 6 mm,949.0
2022,7,Trivandrum,M.S. pipe 100 mm dia casing pipe,1074.0
2022,7,Trivandrum,uPVC blind pipe 100 mm dia as per IS: 12818,502.0
2022,7,Trivandrum,uPVC slotted pipe 100 mm dia as per IS: 12818,530.0
2022,7,Trivandrum,M.S. cap 100 mm dia,181.0
2022,7,Trivandrum,M.S. bail plug 100 mm dia,223.0
2022,7,Trivandrum,Precast R.C.C. perforated slab,1116.0
2022,7,Trivandrum,Water supply tanker of 5000 litre capacity,1116.0
2022,7,Trivandrum,M.S. socket 100 mm dia,251.0
2022,7,Trivandrum,M.S. socket 150 mm dia,307.0
2022,7,Trivandrum,M.S. socket 200 mm dia,391.0
2022,7,Trivandrum,Stone cleaning chemical approved by ASI,230.0
2022,7,Trivandrum,Water epellent chemical approved by ASI,2214.0
2022,7,Trivandrum,Stone surface strengthening chemical approved by ASI,1423.0
2022,7,Trivandrum,Turpentine oil,100.0
2022,7,Trivandrum,Liquid Amonia 5%,224.0
2022,7,Trivandrum,Pea Gravel,1046.0
2022,7,Trivandrum,Coloured inter locking C.C. paver Block,621.0
2022,7,Trivandrum,Stone size 10x10x7.50cm,15.0
2022,7,Trivandrum,Sodium pentachlorophenate,879.0
2022,7,Trivandrum,Concrete paver block of grade M-30 made of C&D waste (60mm thickness),430.0
2022,7,Trivandrum,"Ceramic Glazed Tiles Ist quality minimum thickness 5 mm in all colours shades and designs except burgundy, bottle green black",350.0
2022,7,Trivandrum,"Ceramic Glazed Tiles Ist quality 300 x 300 mm in all shades and designs of White, Ivory, grey, Fume Red brown etc.",350.0
2022,7,Trivandrum,"Ceramic Glazed Tiles Ist quality 300 x 300 mm in all shades designs except White, Ivory, Fume Red Brown etc.",420.0
2022,7,Trivandrum,"Rectified - Ceramic Glazed Tiles Ist quality 300 x 300 mm or more in all shades designs White, Ivory, Grey, Fume Red Brown etc",753.0
2022,7,Trivandrum,Salem Stainless steel AISI - 304 (18/8) Orrisa pattern W.C. pan 724 mm x 578 mm,5301.0
2022,7,Trivandrum,Salem Stainless steel AISI - 304 (18/8) Round basin 405 mm X 355 mm,2000.0
2022,7,Trivandrum,Salem Stainless steel AISI - 304 (18/8) Wash basin 530 mm X 345 mm,2200.0
2022,7,Trivandrum,Centrifugally cast (spun) iron S&S 100 mm inlet and 100 mm outlet,609.0
2022,7,Trivandrum,Centrifugally cast (spun) iron S & S 100 mm inlet and 75 mm outlet,651.0
2022,7,Trivandrum,Agaria White marble slab plain 18 mm thick,1350.0
2022,7,Trivandrum,P.T.M.T. Grating square Slit 150 mm,110.0
2022,7,Trivandrum,P.T.M.T. Urinal cock 15 mm dia,170.0
2022,7,Trivandrum,P.T.M.T. Bib cock with nozzle 15 mm,215.0
2022,7,Trivandrum,P.T.M.T. Stop cock (concealed ) 15 mm,220.0
2022,7,Trivandrum,15 mm nominal bore and 30 cm length PVC connection pipe with P.T.M.T. Nuts,46.0
2022,7,Trivandrum,15 mm nominal bore and 45 cm length PVC connection pipe with P.T.M.T. Nuts,66.0
2022,7,Trivandrum,P.T.M.T. extension nipple 15 mm,50.0
2022,7,Trivandrum,P.T.M.T. extension nipple 20 mm,62.0
2022,7,Trivandrum,P.T.M.T. extension nipple 25 mm,90.0
2022,7,Trivandrum,Tactile tile,1356.0
2022,7,Trivandrum,Matt finished vitrified tile 100x100 x16 mm,1356.0
2022,7,Trivandrum,Vitrified tile,725.0
2022,7,Trivandrum,Modular common burnt clay bricks of class designation 7.5,9000.0
2022,7,Trivandrum,Machine moulded perforated common burnt clay FPS (non modular) bricks of class designation 12.5,7800.0
2022,7,Trivandrum,Machine moulded common burnt clay modular perforated bricks of class designation 12.5,7800.0
2022,7,Trivandrum,Machine moulded common burnt clay FPS (non modular) bricks of class designation 12.5,9500.0
2022,7,Trivandrum,Machine moulded common burnt clay tile bricks of class designation 12.5,6975.0
2022,7,Trivandrum,Chemical Rust Remover,279.0
2022,7,Trivandrum,Hire charges of Drill machine upto 30 mm dia,220.0
2022,7,Trivandrum,Epoxy,800.0
2022,7,Trivandrum,SBR Polymer,265.0
2022,7,Trivandrum,Woven PVC Cloth,37.0
2022,7,Trivandrum,Hire charges of sand blasting equipment,575.0
2022,7,Trivandrum,Hire charges of compressure,875.0
2022,7,Trivandrum,25 mm thick cement concrete shotcrete(guniting) with compressor,144.0
2022,7,Trivandrum,50 mm thick cement concrete shotcrete (guniting) with compressor,223.0
2022,7,Trivandrum,75 mm thick cement concrete shotcrete (guniting) with compressor,372.0
2022,7,Trivandrum,Adhesive chemical,55.0
2022,7,Trivandrum,Bit of drilling machine for Hole upto 30 mm dia,685.0
2022,7,Trivandrum,"GI injection nipple 12mm dia, 75mm long",56.0
2022,7,Trivandrum,Blowing compressed air for cleaning holes upto 30mm dia,14.0
2022,7,Trivandrum,"L shaped 100mm long, 10mm dia mild steel shear key",93.0
2022,7,Trivandrum,Welding charges of shear key to existing reinforcement,4.65
2022,7,Trivandrum,Acrylic Polymer chemical for cracks,85.0
2022,7,Trivandrum,"Hire charges of Plant and machinery, it can inject - 350 Kg/day",350.0
2022,7,Trivandrum,Shear loops (6mm dia GI wire rope) (For vertical joints) 6 nos on each side,256.0
2022,7,Trivandrum,dowel tubes (Corrugated GI pipes 50 to 80mm dia) (For horizontal joints),160.0
2022,7,Trivandrum,Hooks for lifting (Alloy steel) having 2.5 tonne capacity,335.0
2022,7,Trivandrum,Factory made EPS light weight composite sandwitched wall/roof panel (50mm thick) having core material of EPS granule balls/beads (conforming to IS 4671:1984 and shall have density not less than 15kg per cum). The outer face on both sides of the panels will be non asbestos fiber cement board confirming to IS 14862:2000 or Calcium silicate board confirming to EN 14306:2009 of 5mm thick each.,990.0
2022,7,Trivandrum,Factory made EPS light weight composite sandwitched wall/roof panel (60mm thick) having core material of EPS granule balls/beads (conforming to IS 4671:1984 and shall have density not less than 15kg per cum). The outer face on both sides of the panels will be non asbestos fiber cement board confirming to IS 14862:2000 or Calcium silicate board confirming to EN 14306:2009 of 5mm thick each,1140.0
2022,7,Trivandrum,Factory made EPS light weight composite sandwitched wall/roof panel (75mm thick) having core material of EPS granule balls/beads (conforming to IS 4671:1984 and shall have density not less than 15kg per cum). The outer face on both sides of the panels will be non asbestos fiber cement board confirming to IS 14862:2000 or Calcium,1398.0
2022,7,Trivandrum,Factory made EPS light weight composite sandwitched wall/roof panel (90mm thick) having core material of EPS granule balls/beads (conforming to IS 4671:1984 and shall have density not less than 15kg per cum). The outer face on both sides of the panels will be non asbestos fiber cement board confirming to IS 14862:2000 or Calcium silicate board confirming to EN 14306:2009 of 5mm thick each,1695.0
2022,7,Trivandrum,Factory made EPS light weight composite sandwitched wall/roof panel (100mm thick) having core material of EPS granule balls/beads (conforming to IS 4671:1984 and shall have density not less than 15kg per cum). The outer face on both sides of the panels will be non asbestos fiber cement board confirming to IS 14862:2000 or Calcium silicate board confirming to EN 14306:2009 of 5mm thick each,2030.0
2022,7,Trivandrum,"24 mm thick Factory made shutters with styles, rails and panels of PVC extruded sections in white, grey or wooden finish",2999.0
2022,7,Trivandrum,"30 mm thick Factory made shutters with styles, rails and panels of PVC extruded sections in white, grey or wooden finish",3139.0
2022,7,Trivandrum,Factory made PVC rigid foam panelled shutter i/c carriage,2999.0
2022,7,Trivandrum,Factory made PVC rigid foam panelled shutter as per IS: 4020 i/c  carriage,3557.0
2022,7,Trivandrum,Factory made PVC rigid foam sheet 1 mm thick,260.0
2022,7,Trivandrum,Factory made PVC rigid foam sheet 5 mm thick,883.0
2022,7,Trivandrum,Factory made prelaminated PVC rigid foam sheet 5 mm thick,1051.0
2022,7,Trivandrum,"48 mm X40 mmX1.5 mm thick Factory made door frame of PVC extruded sections in white, grey or wooden finish",209.0
2022,7,Trivandrum,Factory made door frame PVC extruded sheet i/c  carriage,488.0
2022,7,Trivandrum,Adhesive solvent cement,232.0
2022,7,Trivandrum,"Factory made EPS Core wallpanel/ roof panel sandwiched between two Engineered welded wire fabric mesh of 3 mm dia G.I. wire mesh, with 50 mm pitch in both the directions, kept at 120-135 mm gap and interconnected by the zig zag G.I. wire of 3 mm dia at alternate row by welding",2316.0
2022,7,Trivandrum,Factory made door frame size 50x47 mm with wall thickness 5 mm made of single piece extruded profile,683.0
2022,7,Trivandrum,Expanded poly ethylene Foam sheet 4 mm thick of Density 40Kg/m3,23.0
2022,7,Trivandrum,High Density expanded poly ethylene (EPE) foam 1mm thick,14.0
2022,7,Trivandrum,Fire rated door frame made with 1.6 mm thick G.I sheet (120 minutes fire rating),1334.0
2022,7,Trivandrum,Fire rated door shutter made with 1.6 mm thick G.I sheet (120 minutes fire rating) including hinges (without glass panels),7021.0
2022,7,Trivandrum,GI sheet 0.8 mm thick confirming to IS 277:1992,100.0
2022,7,Trivandrum,"Factory made EPS Core wall panel /roof panel sandwiched between two Engineered welded wire fabric mesh of 3 mm dia G.I. wire mesh, with 50 mm pitch in both the directions, connected by G.I. wire of 3mm dia at alternate row by welding",805.0
2022,7,Trivandrum,Bamboo wood Tile flooring 14mm thick of minimum size 1800mm X 130 mm,5301.0
2022,7,Trivandrum,Bamboo wood Quarter round 18 mm thick of size 1900mm x 18 mm,177.0
2022,7,Trivandrum,Bamboo wood door reducer 14 mm thick of size 1900 mm x 44mm,386.0
2022,7,Trivandrum,Bamboo wood skirting 14mm thick of size 1900mm x 85 mm,456.0
2022,7,Trivandrum,Bamboo wood tile wall cladding 10mm thick of size 1900mm x 135mm,4738.0
2022,7,Trivandrum,Bamboo wood T-mold 14mm thick of size 1900mm x 44mm,386.0
2022,7,Trivandrum,Bamboo wood Threshold 14mm thick of size 1900mm x 44mm,386.0
2022,7,Trivandrum,Bamboo wood shutter of doors,2530.0
2022,7,Trivandrum,Bamboo wood panelling (10mm thick),2530.0
2022,7,Trivandrum,Superior class Bamboo wood door frame 65 mm thick,2530.0
2022,7,Trivandrum,"Aluminium sheets Grade 5052, 4 mm thick for wall panel/deck panel/ WRB panel/ Kicker panels/ door closing panels (for form work)",11937.0
2022,7,Trivandrum,"Aluminium sheed Grad 5052, 4 mm thick for Internal corner/ Columns corners / (for Form work)",15414.0
2022,7,Trivandrum,"Aluminium sheets Grade 5052, 4 mm thick for Mid Soldier/ End soldier (For form work)",44933.0
2022,7,Trivandrum,External corner 2050 mm,1967.0
2022,7,Trivandrum,External corner 825 mm,795.0
2022,7,Trivandrum,Soldier tie 370 mm,386.0
2022,7,Trivandrum,Adjustable prop-2.0x2.0 m,1516.0
2022,7,Trivandrum,Pin -50,23.0
2022,7,Trivandrum,Pin - 127,74.0
2022,7,Trivandrum,Wedge,19.0
2022,7,Trivandrum,Wall tie -150 (355 mm,65.0
2022,7,Trivandrum,Polythene Sleeve 90x150 mm,4.65
2022,7,Trivandrum,Polythene Rool - 150 mm long,9.0
2022,7,Trivandrum,Vertical soldier - 1100 mm,493.0
2022,7,Trivandrum,Wall attchyed bracket 600x100 mm,1316.0
2022,7,Trivandrum,Allignment Pipe - 3.00 Mtr.,1348.0
2022,7,Trivandrum,Allignment Bracket,632.0
2022,7,Trivandrum,Tie rod fr bracket - 500 mm,153.0
2022,7,Trivandrum,Anchor wing nut  100 mm,84.0
2022,7,Trivandrum,Debit Pin - 250 mm,79.0
2022,7,Trivandrum,PVC pipe - 20 mm -150 mm long,87.0
2022,7,Trivandrum,PVC cone,9.0
2022,7,Trivandrum,Bold+Nut - 16 x 80 mm,42.0
2022,7,Trivandrum,"Flat washer 16, 3 mm thick",9.0
2022,7,Trivandrum,Bolt +Nut - 16 x30 mm,23.0
2022,7,Trivandrum,Door spacer 45x45x5 -1135mm long,479.0
2022,7,Trivandrum,Door spacer 45x45x5x-985 mm  long,429.0
2022,7,Trivandrum,Powder coated M.S. butt hinges 100 mm X58 mm X 1.9 mm,167.0
2022,7,Trivandrum,SS ball bearing of sizw 100x89x3 mm,612.0
2022,7,Trivandrum,Zinc alloy (white powder coated ) 3D hinges for uPVC door,618.0
2022,7,Trivandrum,"Zinc alloy (white powder coated ) handles with zinc plated mild steel multi point locking having transmission gear, cylinder with keeps and one side key for uPVC casement door",3200.0
2022,7,Trivandrum,Zinc alloy (white powder coated) handles along with zinc plated mild steel multi point locking having transmission gear with keeps for uPVC sliding window,1920.0
2022,7,Trivandrum,Zinc alloy (white powder coated) handles with key along with zinc plated mild steel multi point locking having transmission gear with keeps for uPVC sliding door,1614.0
2022,7,Trivandrum,uPVC extruded (Small series) casement window frame size 47x50mm,349.0
2022,7,Trivandrum,uPVC extruded (small series) casement window sash/window mullion size 47x68mm,377.0
2022,7,Trivandrum,uPVC extruded glazing bead of appropriate dimension for small series casement window sash,126.0
2022,7,Trivandrum,u PVC extruded (Big series) casement window frame size 67x60mm,502.0
2022,7,Trivandrum,u PVC extruded (Big series) casement door frame size 67x60mm,521.0
2022,7,Trivandrum,uPVC extruded (big series) casement window sash/window mullion/ door mullion size 67x80 mm,595.0
2022,7,Trivandrum,uPVC extruded (big series) casement door sash size 67x11 mm,772.0
2022,7,Trivandrum,uPVC extruded glazing bead of appropriate dimension for big series casemtne window/door sash,158.0
2022,7,Trivandrum,uPVC extruded glazing bead of appropriate dimension for small series sliding window sash,79.0
2022,7,Trivandrum,uPVC extruded glazing bead of appropriate dimension for big series of sliding window/ door sash,116.0
2022,7,Trivandrum,uPVC extruded (small series) 2 track sliding window frame size 52x44mm,377.0
2022,7,Trivandrum,uPVC extruded (big series) 2 track sliding window /door frame size 67x50 mm,516.0
2022,7,Trivandrum,uPVC extruded (Small series) 3 track sliding window frame size 92x44 mm,516.0
2022,7,Trivandrum,uPVC extruded (big series) 3 track sliding window/door frame size 116x45 mm,719.0
2022,7,Trivandrum,uPVc extruded (small series) 2 track sliding window sash/ 3 track sliding window sash size 32x60 mm,353.0
2022,7,Trivandrum,uPVC extruded (Big series) 2 track sliding window sash size 46x62 mm,437.0
2022,7,Trivandrum,uPVC extruded (big series) 3 track sliding window sash size 46x62 mm,437.0
2022,7,Trivandrum,uPVC extruded interlock of appropriate dimension for small series sliding window sash,107.0
2022,7,Trivandrum,uPVC extruded interlock of appropriate dimension for small series sliding window/ door sash,121.0
2022,7,Trivandrum,uPVC extruded inline adaptor or appropriate dimension for big series sliding window/door sash,121.0
2022,7,Trivandrum,uPVC extruded 2 track sliding door sash/ 3 track sliding door sash (Big series) size 46x82 mm,475.0
2022,7,Trivandrum,Bamboo Mat corrugated sheets 3.5 to 4mm thick conforming to IS 15476:2004,3592.0
2022,7,Trivandrum,Bamboo Mat Ridge cap 3.5 to 4mm thick conforming to IS 15476:2004,3486.0
2022,7,Trivandrum,3mm thick Bamboo Mat Board conforming to IS 13958:1994,2047.0
2022,7,Trivandrum,4mm thick Bamboo Mat Board conforming to IS 13958:1994,2358.0
2022,7,Trivandrum,6mm thick Bamboo Mat Board conforming to IS 13958:1994,2846.0
2022,7,Trivandrum,9mm thick Bamboo Mat Board conforming to IS 13958:1994,3646.0
2022,7,Trivandrum,12mm thick Bamboo Mat Board conforming to IS 13958:1994,4224.0
2022,7,Trivandrum,A.P.P. modified polymeric felt (two layers) 1.5 mm thick,111.0
2022,7,Trivandrum,A.P.P. modified polymeric felt (two layers) 2 mm thick,139.0
2022,7,Trivandrum,A.P.P. modified 2 mm thick membrane reinforced with glass fibre matt,232.0
2022,7,Trivandrum,A.P.P. modified 3 mm thick membrane reinforced with glass fibre matt,288.0
2022,7,Trivandrum,A.P. Modified 3 mm thick membrane reinforced with polyester matt,344.0
2022,7,Trivandrum,Bitumen primer for bitumen membrane,116.0
2022,7,Trivandrum,Geotextile 120 gram per sqm membrane,51.0
2022,7,Trivandrum,Stainless steel screws 50 mm,400.0
2022,7,Trivandrum,Stainless steel screws 40 mm,220.0
2022,7,Trivandrum,Stainless steel screws 30 mm,160.0
2022,7,Trivandrum,Stainless steel screws 20 mm,120.0
2022,7,Trivandrum,Stainless steel  butt hinges 125x64x1.9 mm IS: 12817 marked,350.0
2022,7,Trivandrum,Stainless steel  butt hinges 100x58x1.9 mm IS : 12817 marked,320.0
2022,7,Trivandrum,Stainless steel  butt hinges 75x47x1.8 mm IS : 12817 marked,200.0
2022,7,Trivandrum,Stainless steel butt hinges 50x37x1.5 mm IS : 12817 marked,180.0
2022,7,Trivandrum,Stainless steel butt hinges (heavy weight) 125x64x2.5 mm IS: 12817 marked,470.0
2022,7,Trivandrum,Stainless steel butt hinges (heavy weight) 100x60x2.5 mm IS : 12817 marked,330.0
2022,7,Trivandrum,Stainless steel butt hinges (heavy weight) 75x50x2.5 mm IS : 12817 marked,280.0
2022,7,Trivandrum,M.S. heavy weight butt hinges 125x90x4.0 mm IS : 1341 marked,480.0
2022,7,Trivandrum,M.S. heavy weight butt hinges 100x75x3.5 mm IS: 1341 marked,360.0
2022,7,Trivandrum,M.S. heavy weight butt hinges 75x60x3.1 mm IS : 1341 marked,220.0
2022,7,Trivandrum,M.S. heavy weight butt hinges 50x40xx2.5 mm IS : 1341 marked,120.0
2022,7,Trivandrum,Concealed zinc coated hinges 19-20 mm thick with mounting plate,563.0
2022,7,Trivandrum,1216 mm PE-AL-PE Composite pressure pipe,135.0
2022,7,Trivandrum,1620 mm PE-AL-PE Composite pressure pipe,177.0
2022,7,Trivandrum,2025 mm PE-AL-PE Composite pressure pipe,223.0
2022,7,Trivandrum,2532 mm PE-AL-PE Composite pressure pipe,288.0
2022,7,Trivandrum,3240 mm PE-AL-PE Composite pressure pipe,474.0
2022,7,Trivandrum,4050 mm PE-AL-PE Composite pressure pipe,525.0
2022,7,Trivandrum,PPR Union 20 mm,64.5
2022,7,Trivandrum,PPR Union 25 mm,130.0
2022,7,Trivandrum,PPR Union 32 mm,183.5
2022,7,Trivandrum,PPR Union 40 mm,247.0
2022,7,Trivandrum,PPR Union 50 mm,471.5
2022,7,Trivandrum,PPR Union 63 mm,646.0
2022,7,Trivandrum,PPR Union 75 mm,1246.0
2022,7,Trivandrum,Water for jetting/ blowback,2106.0
2022,7,Trivandrum,Polymer modified cementation coating,191.0
2022,7,Trivandrum,Fibre glass cloth,60.0
2022,7,Trivandrum,Multi surface paint,386.0
2022,7,Trivandrum,Acrylic exterior paint,280.0
2022,7,Trivandrum,Premium Arcylic exterior paint l,375.0
2022,7,Trivandrum,Textured exterior paint,345.0
2022,7,Trivandrum,Primer for cement paint,130.0
2022,7,Trivandrum,Special primer (C.W),116.0
2022,7,Trivandrum,Metal Primer (U.G.),180.0
2022,7,Trivandrum,Fibre reinforced elastomeric liquid water proofing membrane,2020.0
2022,7,Trivandrum,Cementitious water proofing coating with elastic polymers,410.0
2022,7,Trivandrum,Acrylic modified resin based texture,100.0
2022,7,Trivandrum,40 mm long S S screws with plastic rawl plugs,60.0
2022,7,Trivandrum,Galavanised MS 8 mm outer diameter M-6 dash fastener 50 mm long,42.03
2022,7,Trivandrum,ZMB 60/equivalent,142.37
2022,7,Trivandrum,ZMB thinner,277.96
2022,7,Trivandrum,Zycoprime / equivalent,284.74
2022,7,Trivandrum,Zycosil / equivalent,2440.62
2022,7,Trivandrum,Elastobar / equivalent,406.77
2022,7,Trivandrum,"Mineral fibre beveled tegular edged ceiling tiles 595x595 mm, 16 mm thick",1125.4
2022,7,Trivandrum,"Mineral fibre beveled tegular edged ceiliing tiles 595x595mm, 16 mm thick with bio-block conforming to ISO 5 (class 100) specifications",1247.43
2022,7,Trivandrum,"Mineral fiber beveled tegular edged ceiling tiles 595x595mm, 20 mm thick",1410.14
2022,7,Trivandrum,"G.I main runner 15x32 mm of 3000 mm length, 0.33 thick",250.84
2022,7,Trivandrum,"G.I cross-T 15x32 mm of 1200 mm length, 0.33 mm thick",105.76
2022,7,Trivandrum,"G.I. cross Tee 15X32mm of 600mm length, 0.33 mm thick",40.0
2022,7,Trivandrum,G.I hanger rod 6mm dia fully threaded upto 1000 mm length,45.0
2022,7,Trivandrum,Stainless steel U Channel of size (50x25x2 mm),265.0
2022,7,Trivandrum,Non staining water resistant clear silicon,70.0
2022,7,Trivandrum,Extruded polystrene rigid insulation board 50mm thick,712.0
2022,7,Trivandrum,"Expanded Polystyrene insulation board 120 mm thick confirming to IS 4671-1984, Fire retardant property self-extinguishing type as per EN 13501-1",1084.72
2022,7,Trivandrum,"15 mm thick, light weight, integral densified micro look edged, false ceiling tiles of size 595x595 mm",1000.0
2022,7,Trivandrum,"15 mm thick, light weight, fully perforated square/butt edge integral densified, false ceiling tile of size 595x595 mm",1220.0
2022,7,Trivandrum,Galavanised MS hanger rod 6 mm dia MS fullly threaded up to 1000 mm length,60.0
2022,7,Trivandrum,Powder coated steel section main-T ceiling sections 15x42x0.40 mm (3000 mm long),390.0
2022,7,Trivandrum,Galavanised mild steel perimeter wall angle 22x19x0.40 mm (3000 mm long),210.0
2022,7,Trivandrum,Powder coated Galvanised Iron intermediate cross-T section 15x42x0.40 mm (1200 mm long,170.0
2022,7,Trivandrum,Powder coated galvanised iron intermediate cross-T section 15x42x0.40 mm (600 mm long),70.0
2022,7,Trivandrum,GI Main T ceiling section 30x25x0.3 mm (3 metre long),250.0
2022,7,Trivandrum,GI Perimeter wall angle 25x25x0.4 mm (3 metre long),210.0
2022,7,Trivandrum,GI Intermediate cross T section 25x25x0.3 mm (1.2 metre long),96.6
2022,7,Trivandrum,GI Intermediate cross T section 25x25x0.3 mm (0.6 metre long),45.5
2022,7,Trivandrum,Crates made of MEsh type 10x12 (D=100mm) Zinc coated (Mash wire diameter 3.00 mm),257.0
2022,7,Trivandrum,Crates made of Mesh type 10x12 (D=100mm)Zn+PVC coated Mesh wire diameter 2.70/2.70 mm (ID/OD),298.0
2022,7,Trivandrum,Crates made of Mesh type 10x12(D=100mm) Zn+10% Al alloy + PVC coated. Mesh wire diameter 2.70/3.70 mm (ID/OD),393.0
2022,7,Trivandrum,Cold form light gauge Steel C-section of thickness 0.75 mm i/c zink coating/sliting etc,176.0
2022,7,Trivandrum,Wastage of cold form light guage steel,28.0
2022,7,Trivandrum,12 mm thick micro tegular edge semi perforated GRG (Glass Fibre Reinforcemtn Gypsum) false ceiling tiles of size 595x595 mm,692.0
2022,7,Trivandrum,12 mm thick micro tegular edge fully perforated GRG (Glass Fibre Reinforcemtn Gypsum) false ceiling tiles of size 595x595 mm,814.0
2022,7,Trivandrum,10 mm thick square edge fully perforated GRG (Glass Fibre Reinforcemtn Gypsum) false ceiling tiles of size 595x595 mm,1020.0
2022,7,Trivandrum,Galvanized iron intermediate cross-T section 15x32x0.33 mm (600 mm long),58.0
2022,7,Trivandrum,Galvanised MS hanger road 6 mm dia MS fully threaded upto 1000 mm length,45.0
2022,7,Trivandrum,Calcium Silicate tegular edged celling tiles 595x595 mm and 15 mm thick,1110.0
2022,7,Trivandrum,Galvanised Steel main Tee ceiling section Size 24 x 38 x 0.33 mm ( 3 metre long),190.0
2022,7,Trivandrum,Galvanised Steel perimeter wall Angle Size 24 x 24 0.40 mm (3.00 metre long),150.0
2022,7,Trivandrum,Galvanised Steel intermediate cross T section Size 24 x 25 x 0.33 mm (1.2 metre long),90.0
2022,7,Trivandrum,Galvanised Steel intermediate cross T Section 24 x 25 x 0.33 (0.6 metre long),40.0
2022,7,Trivandrum,Galvanised Steel soffit cleat size 25x35x1.60 mm,4.0
2022,7,Trivandrum,Wooden screws with plastic rawl plugs 35x8 mm,2.0
2022,7,Trivandrum,Galvanised MS 8mm outer diameter M-6 dash fastener 25 mm long,55.0
2022,7,Trivandrum,GI Metal Tile Clip in Plain Beveled edge global white colour tiles of size 600x600 mm and 0.5 mm thick,917.94
2022,7,Trivandrum,GI Metal Tile Clip in Perforated Beveled edge global white colour tiles of size 600x600 mm and 0.5 mm thick,1060.31
2022,7,Trivandrum,GI Metal Tile Lay- in Plain Tegular  edge global white color tiles of Size 595x595 mm and 0.5 mm thick,829.81
2022,7,Trivandrum,GI Metal Tile Lay-in Perforated Tegular edge global white color tiles of Size 595x595 mm and 0.5 mm thick,969.47
2022,7,Trivandrum,PVC Laminated Gypsum Tiles (square edge) of Size 595x595 mm and 12.5 mm thick,1193.19
2022,7,Trivandrum,Gypsum Tiles Fully Perforated Square edge of Size 595x595 mm and 12.5 mm thick,800.0
2022,7,Trivandrum,Spring T-section 24x34x0.45 mm (3.00 meter long),257.62
2022,7,Trivandrum,C Wall angle section 20x30x20x0.50 mm (3.00 meter long),190.0
2022,7,Trivandrum,Main C Carrier Size 10x38x10x0.70 mm (3.00 meter long),260.0
2022,7,Trivandrum,Spring T-connector,35.0
2022,7,Trivandrum,C Carrier Connector,20.0
2022,7,Trivandrum,C Suspension Clip,20.0
2022,7,Trivandrum,Wire Coupling Clip,12.0
2022,7,Trivandrum,Main T ceiling sections 24x38x0.3 mm (3 metre long),185.0
2022,7,Trivandrum,Perimeter wall angle 24x24x0.3 mm ( 3 metre long),130.0
2022,7,Trivandrum,Intermediate cross T-Section 24x25x0.3 mm (1.2 mtr long),80.0
2022,7,Trivandrum,Intermediate cross - T Section 24x25x0.3 mm (0.6 mtr. long),50.0
2022,7,Trivandrum,Hanger rod 4 mm thick,45.0
2022,7,Trivandrum,Adjustment clip 85x30x0.8 mm,10.0
2022,7,Trivandrum,Soffit cleat (Size 27x37x25x1.60 mm),7.0
2022,7,Trivandrum,Dash fastener 6 mm dia 50 mm long,10.0
2022,7,Trivandrum,Galvanised MS L-shaped level adjuster of size 85x25x2 mm,20.0
2022,7,Trivandrum,Vitrified floor tile 50x50 cm,780.0
2022,7,Trivandrum,Vitrified floor tile 60x60 cm,950.0
2022,7,Trivandrum,Vitrifies floor tile 80x80 cm,1315.0
2022,7,Trivandrum,Vitrified floor tile 100x100 cm,1885.0
2022,7,Trivandrum,Border tiles 200x75 mm size,50.0
2022,7,Trivandrum,Poly propylene- Random - Co - Polymer (PPR) pipes PN-16 (SDR 7.4) - 20 mm Outer dia,58.67
2022,7,Trivandrum,Poly propylene- Random - Co - Polymer (PPR) pipes PN-16 (SDR 7.4) -25 mm Outer dia,90.57
2022,7,Trivandrum,Poly propylene- Random - Co - Polymer (PPR) pipes PN-16 (SDR 7.4) - 25 mm Outer dia,145.72
2022,7,Trivandrum,Poly propylene- Random - Co - Polymer (PPR) pipes PN-16 (SDR 7.4) - 40 mm Outer dia,218.39
2022,7,Trivandrum,Poly propylene- Random - Co - Polymer (PPR) pipes PN-10 (SDR 11) - 50 mm Outer dia,341.99
2022,7,Trivandrum,Poly propylene- Random - Co - Polymer (PPR) pipes PN-10 (SDR 11) - 63 mm Outer dia,382.0
2022,7,Trivandrum,Poly propylene- Random - Co - Polymer (PPR) pipes PN-10 (SDR 11) - 75 mm Outer dia,567.01
2022,7,Trivandrum,Poly propylene- Random - Co - Polymer (PPR) pipes PN-10 (SDR 11) - 90 mm Outer dia,810.33
2022,7,Trivandrum,Poly propylene- Random - Co - Polymer (PPR) pipes PN-10 (SDR 11) - 110 mm Outer dia,1201.1
2022,7,Trivandrum,Poly propylene- Random - Co - Polymer (PPR) pipes PN-10 (SDR 11) - 160 mm Outer dia,3467.44
2022,7,Trivandrum,Chlorinated Polyvinyl - Chloride (CPVC) pipe 15 mm outer dia,95.0
2022,7,Trivandrum,Chlorinated Polyvinyl - Chloride (CPVC) pipe 20 mm outer dia,140.0
2022,7,Trivandrum,Chlorinated Polyvinyl - Chloride (CPVC) pipe 25 mm outer dia,190.0
2022,7,Trivandrum,Chlorinated Polyvinyl - chloride (CPVC) pipe 32 mm outer dia,285.0
2022,7,Trivandrum,Chlorinated Polyvinyl - chloride (CPVC) pipe 40 mm outer dia,390.0
2022,7,Trivandrum,Chlorinated Polyvinyl - chloride (CPVC) pipe 50 mm outer dia,660.0
2022,7,Trivandrum,Chlorinated Polyvinyl - chloride (CPVC) pipe 62.5 inner dia,1075.64
2022,7,Trivandrum,Chlorinated Polyvinyl - chloride (CPVC) pipe 75 mm inner dia,1398.0
2022,7,Trivandrum,Chlorinated Polyvinyl - chloride (CPVC) pipe 100 inner dia,1988.77
2022,7,Trivandrum,Chlorinated Polyvinyl - chloride (CPVC) pipe 150 mm inner dia,4264.51
2022,7,Trivandrum,Silicon sealant,300.0
2022,7,Trivandrum,Stainless steal screws 30 x 4 mm,65.0
2022,7,Trivandrum,Hermetically sealed double glazed unit made with 6 mm thick clear float glass both side having 12 mm air gap,3100.0
2022,7,Trivandrum,Stainless steel (SS 304 grade) adjustable friction window stay 205 x 19 mm,233.21
2022,7,Trivandrum,Stainless steel (S S 304 grade) adjustable friction window stay 255 x 19 mm,301.01
2022,7,Trivandrum,Stainless steel (S S 304 grade) adjustable friction window stay 355 x 19 mm,375.0
2022,7,Trivandrum,Stainless steel (S S 304 grade) adjustable friction window stay 510x 19 mm,850.0
2022,7,Trivandrum,Stainless steel (S S 304 grade) adjustable friction window stay 710x 19 mm,1325.0
2022,7,Trivandrum,Masking Tape,10.0
2022,7,Trivandrum,Autoclaved aerated cement (AAC) blocks,3150.0
2022,7,Trivandrum,Gypsum pannel 666 X 500 X 100 mm siz,860.0
2022,7,Trivandrum,Bonding plaster for Gypsum panel,50.0
2022,7,Trivandrum,Precast C&D waste concrete block,34100.89
2022,7,Trivandrum,Water proof ply 12 mm thick,1300.0
2022,7,Trivandrum,Aluminium casement window fastener (Anodised AC 15 ),70.0
2022,7,Trivandrum,Aluminium casement window fastener (powder coated ),75.0
2022,7,Trivandrum,Aluminium casement window fastener ( polyester powder coated),75.0
2022,7,Trivandrum,Aluminium round shape handle (anodised AC 15),120.0
2022,7,Trivandrum,Aluminium round shape handle (powder coated),140.0
2022,7,Trivandrum,Aluminium round shape handle (polyester powder  coated),160.0
2022,7,Trivandrum,Stainless steel screws 25 mm x 4 mm,60.0
2022,7,Trivandrum,UV stabilised 2 mm thick plain FRP sheet,915.0
2022,7,Trivandrum,UV stabilised 2 mm thick corrugated FRP sheet,1050.0
2022,7,Trivandrum,Mangalore ridge tiles 20 mm thick,40.0
2022,7,Trivandrum,Mangalore tiles 20 mm thcik,16.0
2022,7,Trivandrum,Precoated glavanished iron profile sheet 0.50 mm TCT,540.0
2022,7,Trivandrum,Precoated galvanised steel plain ridges,540.0
2022,7,Trivandrum,Precoated galvanised steel flashings / aprons,575.0
2022,7,Trivandrum,Precoated galvanised steel gutter,705.0
2022,7,Trivandrum,Precoted galvanised steel north light curves,740.0
2022,7,Trivandrum,Precoated galvanised steel barge board,790.0
2022,7,Trivandrum,Precoated galvanish steel crimp curve,820.0
2022,7,Trivandrum,I mm thick 35 mm wide bright finished stainless steel piano hinges,120.0
2022,7,Trivandrum,Eposy Grout,860.0
2022,7,Trivandrum,Red sand stone gang saw cut 30 mm thick,700.0
2022,7,Trivandrum,White sand stone gang saw cut 30 mm thick,950.0
2022,7,Trivandrum,Delineator,680.0
2022,7,Trivandrum,Precast C.C. Kerb stone M-25,8400.0
2022,7,Trivandrum,Thermoplastic paint,120.0
2022,7,Trivandrum,Glass beads,110.0
2022,7,Trivandrum,"Interlocking C.C. paver block (60 mm thick, M-30)",640.0
2022,7,Trivandrum,High intensity retro- reflective sheet,2450.0
2022,7,Trivandrum,Punched tape concertina coil 600 m dia . 10 m openable length( Total length 90 m),1300.0
2022,7,Trivandrum,RBT reinforced barbed wire,20.0
2022,7,Trivandrum,Turn buckle and strengthening bolt,55.0
2022,7,Trivandrum,Precast pavement slab 450 x 450 x 50 mm (M- 30),110.0
2022,7,Trivandrum,Chain link fabric fencing mesh of size 50x50 mm made of G.I. wire of dia 4 mm,500.0
2022,7,Trivandrum,Chain link fabric fencing mesh of size 50x50 mm made of G.I. wire of dia dia 4 mm. PVC coated to outer dia 5 mm,540.0
2022,7,Trivandrum,Chain link fabric fencing mesh of size 25x25 mm made of G.I. wire of dia 3 mm,590.0
2022,7,Trivandrum,"Stainless steel cramps (weight 260 grams) with nuts, bolts and washer for dry stone cladding",140.0
2022,7,Trivandrum,8 mm thick tapered edge ccalcium silicate board,600.0
2022,7,Trivandrum,10 mm thick calcium silicate board,650.0
2022,7,Trivandrum,SS pipe 304 grades with press fit technology as per JIS 3448 standard 48.60 mm outer dia,940.0
2022,7,Trivandrum,Coupling/Socket fittings for 15.88 mm outer dia SS pipe,85.0
2022,7,Trivandrum,Telescopic drawer channels 300 mm long,290.0
2022,7,Trivandrum,Stainless steel roller for sliding arrangement in racks/cupboards/cabinets shutter,30.0
2022,7,Trivandrum,"50 mmx42 mmx2 mm thick Factory made door frame of PVC extruded sections in white, grey or wooden finish",270.0
2022,7,Trivandrum,25 mm thick factory made PVC flush door shutter i/c carriage,4000.0
2022,7,Trivandrum,Factory made glass reinforced plastic door frame 90x45 mm i/c carriage,520.0
2022,7,Trivandrum,30 mm thick factory made glass fiber reinforced plastic panel door shutter i/c carriage,3400.0
2022,7,Trivandrum,30 mm thick factory made solid PVC profile panelled door single pipece extruded profile decorative finish (wood grain printed on both side),2900.0
2022,7,Trivandrum,Factory made solid PVC door frame 60 x  32 mm i/c carriage,450.0
2022,7,Trivandrum,28 mm factory made solid PVC panel door shutter i/c carriage,2800.0
2022,7,Trivandrum,30 mm thick factory made solid PVC profile panelled door single pipece extruded profile non decorative finish,3100.0
2022,7,Trivandrum,Fiber glass reinforced plastic chajja,4100.0
2022,7,Trivandrum,Magnetic catcher triple strip vertical type,45.0
2022,7,Trivandrum,Magnetic catcher double strip horizontal type,35.0
2022,7,Trivandrum,100 mm mortice lock with 6 levers for aluminium door,560.0
2022,7,Trivandrum,12.5 mm thick Glass fibre reinforced Gypsum board,265.0
2022,7,Trivandrum,2nd class teak wood lipping/ moulded beading or Taj beading of size 18x5 mm,45.0
2022,7,Trivandrum,Ceiling sections 0.55 mm thick having a knurled web of 51.55 mm and two flanges of 26 mm each with lips of 10.55 mm,80.0
2022,7,Trivandrum,Perimeter channel having one flange of 20 mm and another flange of 30 mm with thickness of 0.55 mm and web of length 27 mm,45.0
2022,7,Trivandrum,Nylon sleeve & wooden screws ( 40 mm),4.0
2022,7,Trivandrum,Counter sunk ribbed head screw 25,130.0
2022,7,Trivandrum,12 mm thick marine plywood conforning IS: 710,1220.0
2022,7,Trivandrum,12 mm thick fire retardant plywood conforming to IS: 5509,1575.0
2022,7,Trivandrum,1.5 mm thick decorative laminated sheet,950.0
2022,7,Trivandrum,1.0 mm thick decorative laminated sheet,580.0
2022,7,Trivandrum,30 mm thick factory made glass  fiber reinforced pllastic flush door shutte i/c carriage,2900.0
2022,7,Trivandrum,High polymer modified quickset tile adhesive,32.0
2022,7,Trivandrum,"Synthetic polyster traingular fibre of length 12 mm, effective diameter 10.40 microns and specific gravity of 1.34 to 1.40",500.0
2022,7,Trivandrum,"Synthetic ployster triangular fibre of length 6 mm, effective diameter 10-40 microns and specific gravity of 1.34 to 1.40",500.0
2022,7,Trivandrum,P.V.C. Single piece extruded door frame of profile size 50 mm x 47 mm with wall thickness of 5 mm,425.0
2022,7,Trivandrum,35 mm thick factory made solid panel PVC door shutter of single piece extruded profile non decorative finished (Matt finished),3260.0
2022,7,Trivandrum,35 mm thick factory made solid panel PVC door shutter of single piece extruded profile decorative finished  (Wood grain finished),4000.0
2022,7,Trivandrum,Stainless Steel wire guage (Grade-304) aperture 1.4 mm and 0.50 mm dia wire,1500.0
2022,7,Trivandrum,Facrory made door frame fire rated (60 minutes) made with 16 SWG G.I. Sheet of section 143 mm x 57 mm duly filled with vermuculite based concrete mix,1500.0
2022,7,Trivandrum,Fire rated door shuttere made with 16 SWG G.I. sheet (60 minutes) without panel,7150.0
2022,7,Trivandrum,Fire seal Putty,760.0
2022,7,Trivandrum,Clear fire resistant glass panes 6 mm thick (60 minutes),29155.0
2022,7,Trivandrum,G.I.U beading 16 SWG G.I. sheet (zinc coating >120gm/m2) with ceramic tape of suitable thickness and fire resistant primer coating,400.0
2022,7,Trivandrum,Matrix Mineral Board,85.0
2022,7,Trivandrum,Panic Bar / latch (Double point),7050.0
2022,7,Trivandrum,65 mm x 55 mm x 2 mm thick Factory made door frame of PVC extruded section in white grey or wooden finish,482.0
2022,7,Trivandrum,"37 mm thick Factory made shutter with style, rails and panels of PVC extruded section in white or grey finish i/c carriage",3254.0
2022,7,Trivandrum,"75 mm x 53 mm x 2.0 mm thick Factory made door frame of PVC extruded section in white, grey or wooden finish",542.0
2022,7,Trivandrum,"37 mm thick Factory made fusion welded shutter with style, rails and panels of PVC extruded section in wooden finish",3525.0
2022,7,Trivandrum,Zinc alloy (white powder coated) touch lock with hook for wire mesh shutter,230.0
2022,7,Trivandrum,Zinc alloy (white powder coated) casement handle for uPVC windows,210.0
2022,7,Trivandrum,Zinc alloy (white powder coated) Touch Lock for uPVC windows  for uPVC windows,265.0
2022,7,Trivandrum,Zinc alloy rollers for uPVC windows,65.0
2022,7,Trivandrum,Zinc alloy rollers for uPVC door,170.0
2022,7,Trivandrum,Zinc alloy (white powder coated ) casement lock for uPVC windows,190.0
2022,7,Trivandrum,Stainless steel friction hinge of size 200 mm x 19 x 1.9 mm for uPVC windows,360.0
2022,7,Trivandrum,Stainless steel friction hinge of size 250 mm x 19 x 1.9 mm for uPVC windows,450.0
2022,7,Trivandrum,Stainless steel friction hinge of size 300 mm x 19 x 1.9 mm for uPVC windows,540.0
2022,7,Trivandrum,Stainless steel friction hinge of size 350 mm x 19 x 1.9 mm for uPVC windows,630.0
2022,7,Trivandrum,Stainless steel friction hinge of size 400 mm x 19 x 1.9 mm for uPVC windows,700.0
2022,7,Trivandrum,Of fire resistance both integrity and radiation control (EW 60) and minimum 20 minutes of insulation (EI 20),30600.0
2022,7,Trivandrum,Scaffolding net made of high density polyethylene UV stabilized having density 100gm/ sqm.,40.0
2022,7,Trivandrum,Aluminium Track on bottom rail for uPVC window,50.0
2022,7,Trivandrum,Wool Pine for uPVC window,40.0
2022,7,Trivandrum,Aluminium Grill,600.0
2022,7,Trivandrum,Steel Galvanised tubular reinforcement for uPVC door/ window,82.0
2022,7,Trivandrum,Stainless Steel dash fastener of 8 mm dia and 75 mm long bolt,25.0
2022,7,Trivandrum,GI Fastener 100x8 mm,20.0
2022,7,Trivandrum,Toughened glass 12 mm thickness,2950.0
2022,7,Trivandrum,SS pipe 304 grades with press fit technology as per JIS 3448 standard 15.88 mm outer dia,265.0
2022,7,Trivandrum,SS pipe 304 grades with press fit technology as per JIS 3448 standard 22.22 mm outer dia,400.0
2022,7,Trivandrum,SS pipe 304 grades with press fit technology as per JIS 3448 standard 28.58 mm outer dia,475.0
2022,7,Trivandrum,SS pipe 304 grades with press fit technology as per JIS 3448 standard 34.00 mm outer dia,650.0
2022,7,Trivandrum,SS pipe 304 grades with press fit technology as per JIS 3448 standard 42.70 mm outer dia,820.0
2022,7,Trivandrum,8 mm thick Calcium silicate perforated tiles of size 595 x595 mm,1200.0
2022,7,Trivandrum,"Interlocking C.C. paver block (80 mm thick, M-30)",750.0
2022,7,Trivandrum,Coupling/Socket fittings for 22.22 mm outer dia SS pipe,130.0
2022,7,Trivandrum,Coupling/Socket fittings for 28.58 mm outer dia SS pipe,160.0
2022,7,Trivandrum,Coupling/Socket fittings for 34.00 mm outer dia SS pipe,320.0
2022,7,Trivandrum,Coupling/Socket fittings for 42.70 mm outer dia SS pipe,420.0
2022,7,Trivandrum,Coupling/Socket fittings for 48.60 mm outer dia SS pipe,600.0
2022,7,Trivandrum,Reducer for 22.22 mm X 15.88 mm outer Dia SS pipe,160.0
2022,7,Trivandrum,Reducer for 28.58 mm X 15.88 mm outer Dia SS pipe,185.0
2022,7,Trivandrum,Reducer for 28.58 mm X 22.22 mm outer Dia SS pipe,210.0
2022,7,Trivandrum,Reducer for 34.00 mm X 15.88 mm outer Dia SS pipe,275.0
2022,7,Trivandrum,Reducer for 34.00 mm X 22.22 mm outer Dia SS pipe,275.0
2022,7,Trivandrum,Reducer for 34.00 mm X 28.58 mm outer Dia SS pipe,370.0
2022,7,Trivandrum,Reducer for 42.70 mm X 15.88 mm outer Dia SS pipe,505.0
2022,7,Trivandrum,Reducer for 42.70 mm X 22.22 mm outer Dia SS pipe,510.0
2022,7,Trivandrum,Reducer for 42.70 mm X 28.58 mm outer Dia SS pipe,515.0
2022,7,Trivandrum,Reducer for 42.70 mm X 34.00 mm outer Dia SS pipe,650.0
2022,7,Trivandrum,Reducer for 48.60 mm X 22.22 mm outer Dia SS pipe,655.0
2022,7,Trivandrum,Reducer for 48.60 mm X 28.58 mm outer Dia SS pipe,660.0
2022,7,Trivandrum,Reducer for 48.60 mm X 34.00 mm outer Dia SS pipe,680.0
2022,7,Trivandrum,Reducer for48.60 mm X 42.70 mm outer Dia SS pipe,685.0
2022,7,Trivandrum,Slip Coupling / Socket 15.88 mm outer dia SS pipe,190.0
2022,7,Trivandrum,Slip Coupling / Socket 22.22 mm outer dia SS pipe,275.0
2022,7,Trivandrum,Slip Coupling / Socket 28.58 mm outer dia SS pipe,350.0
2022,7,Trivandrum,Slip Coupling / Socket 34.00 mm outer dia SS pipe,515.0
2022,7,Trivandrum,Slip Coupling / Socket 42.70 mm outer dia SS pipe,685.0
2022,7,Trivandrum,Slip Coupling / Socket 48.60 mm outer dia SS pipe,815.0
2022,7,Trivandrum,Elbow 90o for 15.88 mm outer dia SS pipe,140.0
2022,7,Trivandrum,Elbow 90o for 22.22 mm outer dia SS pipe,210.0
2022,7,Trivandrum,Elbow 90o for 28.58 mm outer dia SS pipe,290.0
2022,7,Trivandrum,Elbow 90o for 34.00 mm outer dia SS pipe,570.0
2022,7,Trivandrum,Elbow 90o for 42.70 mm outer dia SS pipe,840.0
2022,7,Trivandrum,Elbow 90o for 48.60 mm outer dia SS pipe,890.0
2022,7,Trivandrum,Reducing Elbow 90o for 22.22 mm X 15.88 mm outer dia SS pipe,180.0
2022,7,Trivandrum,Reducing Elbow 90o for 28.58 mm X 15.88 mm outer dia SS pipe,315.0
2022,7,Trivandrum,Reducing Elbow 90o for 28.58 mm X 22.22 mm outer dia SS pipe,320.0
2022,7,Trivandrum,Reducing Elbow 90o for 34.00 mm X 22.22 mm outer dia SS pipe,475.0
2022,7,Trivandrum,Reducing Elbow 90o for 34.00 mm X 28.58 mm outer dia SS pipe,535.0
2022,7,Trivandrum,Reducing Elbow 90o for 42.70 mm X 34.00 mm outer dia SS pipe,715.0
2022,7,Trivandrum,Equal Tee for 15.88 mm outer dia SS pipe,265.0
2022,7,Trivandrum,Equal Tee for 22.22 mm outer dia SS pipe,370.0
2022,7,Trivandrum,Equal Tee for 28.58 mm outer dia SS pipe,470.0
2022,7,Trivandrum,Equal Tee for 34.00 mm outer dia SS pipe,950.0
2022,7,Trivandrum,Equal Tee for 42.70 mm outer dia SS pipe,1260.0
2022,7,Trivandrum,Equal Tee for 48.60 mm outer dia SS pipe,1575.0
2022,7,Trivandrum,Reducing Tee for 22.22 mm X 15.88 mm outer dia SS pipe,315.0
2022,7,Trivandrum,Reducing Tee for 28.58 mm X 15.88 mm outer dia SS pipe,420.0
2022,7,Trivandrum,Reducing Tee for 28.58 mm X 22.22 mm outer dia SS pipe,440.0
2022,7,Trivandrum,Reducing Tee for 34.00 mm X 15.88 mm outer dia SS pipe,750.0
2022,7,Trivandrum,Reducing Tee for 34.00 mm X 22.22 mm outer dia SS pipe,755.0
2022,7,Trivandrum,Reducing Tee for 34.00 mm X 28.58 mm outer dia SS pipe,840.0
2022,7,Trivandrum,Reducing Tee for 42.70 mm X 15.88 mm outer dia SS pipe,1260.0
2022,7,Trivandrum,Reducing Tee for 42.70 mm X 22.22 mm outer dia SS pipe,1265.0
2022,7,Trivandrum,Reducing Tee for 42.70 mm X 28.58 mm outer dia SS pipe,1300.0
2022,7,Trivandrum,Reducing Tee for 42.70 mm X 34.00 mm outer dia SS pipe,1315.0
2022,7,Trivandrum,Reducing Tee for 48.60 mm X 15.88 mm outer dia SS pipe,1350.0
2022,7,Trivandrum,Reducing Tee for 48.60 mm X 22.22 mm outer dia SS pipe,1355.0
2022,7,Trivandrum,Reducing Tee for 48.60 mm X 28.58 mm outer dia SS pipe,1360.0
2022,7,Trivandrum,Reducing Tee for 48.60mm X 34.00 mm outer dia SS pipe,1400.0
2022,7,Trivandrum,Reducing Tee for 48.60mm X 42.70mm outer dia SS pipe,1410.0
2022,7,Trivandrum,Male thread Tee for 15.88 mm outer dia X 15 mm nominal dia threaded,515.0
2022,7,Trivandrum,Male thread Tee for 22.22 mm outer dia X 15 mm nominal dia threaded,600.0
2022,7,Trivandrum,Male thread Tee for 22.22 mm outer dia X 20 mm nominal dia threaded,675.0
2022,7,Trivandrum,Male thread Tee for 28.58 mm outer dia X 15 mm nominal dia threaded,700.0
2022,7,Trivandrum,Male thread Tee for 28.58 mm outer dia X 20 mm nominal dia threaded,860.0
2022,7,Trivandrum,Male thread Tee for 34.00 mm outer dia X 15 mm nominal dia threaded,1000.0
2022,7,Trivandrum,Male thread Tee for 34.00 mm outer dia X 20 mm nominal dia threaded,1050.0
2022,7,Trivandrum,Male thread Tee for 34.00 mm outer dia X 25 mm nominal dia threaded,1470.0
2022,7,Trivandrum,Male thread Tee for 34.00 mm outer dia X 32 mm nominal dia threaded,1680.0
2022,7,Trivandrum,Male thread Tee for 42.70 mm outer dia X 15 mm nominal dia threaded,1420.0
2022,7,Trivandrum,Male thread Tee for 42.70 mm outer dia X 20 mm nominal dia threaded,1575.0
2022,7,Trivandrum,Male thread Tee for 42.70 mm outer dia X 25 mm nominal dia threaded,1750.0
2022,7,Trivandrum,Male thread Tee for 42.70 mm outer dia X 32 mm nominal dia threaded,2100.0
2022,7,Trivandrum,Male thread Tee for 42.70 mm outer dia X 40 mm nominal dia threaded,2415.0
2022,7,Trivandrum,Male thread Tee for 48.60 mm outer dia X 15 mm nominal dia threaded,1575.0
2022,7,Trivandrum,Male thread Tee for 48.60 mm outer dia X 20 mm nominal dia threaded,1600.0
2022,7,Trivandrum,Male thread Tee for 48.60 mm outer dia X 25 mm nominal dia threaded,1800.0
2022,7,Trivandrum,Male thread Tee for 48.60 mm outer dia X 32 mm nominal dia threaded,2300.0
2022,7,Trivandrum,Male thread Tee for 48.60 mm outer dia X 40 mm nominal dia threaded,2600.0
2022,7,Trivandrum,Male thread Tee for 48.60 mm outer dia X 50 mm nominal dia threaded,3200.0
2022,7,Trivandrum,Female thread Tee for 15.88 mm outer dia X 15 mm nominal dia threaded,525.0
2022,7,Trivandrum,Female thread Tee for 22.22 mm outer dia X 15 mm nominal dia threaded,600.0
2022,7,Trivandrum,Female thread Tee for 22.22 mm outer dia X 20 mm nominal dia threaded,650.0
2022,7,Trivandrum,Female thread Tee for 28.58 mm outer dia X 15 mm nominal dia threaded,790.0
2022,7,Trivandrum,Female thread Tee for 28.58 mm outer dia X 20 mm nominal dia threaded,795.0
2022,7,Trivandrum,Female thread Tee for 28.58 mm outer dia X 25 mm nominal dia threaded,860.0
2022,7,Trivandrum,Female thread Tee for 34.00 mm outer dia X 15 mm nominal dia threaded,1175.0
2022,7,Trivandrum,Female thread Tee for 34.00 mm outer dia X 20 mm nominal dia threaded,1200.0
2022,7,Trivandrum,Female thread Tee for 34.00 mm outer dia X 25 mm nominal dia threaded,1365.0
2022,7,Trivandrum,Female thread Tee for 34.00 mm outer dia X 32 mm nominal dia threaded,1565.0
2022,7,Trivandrum,Female thread Tee for 42.70 mm outer dia X 15 mm nominal dia threaded,1575.0
2022,7,Trivandrum,Female thread Tee for 42.70 mm outer dia X 20 mm nominal dia threaded,1600.0
2022,7,Trivandrum,Female thread Tee for 42.70 mm outer dia X 25 mm nominal dia threaded,1785.0
2022,7,Trivandrum,Female thread Tee for 42.70 mm outer dia X 32 mm nominal dia threaded,1800.0
2022,7,Trivandrum,Female thread Tee for 42.70 mm outer dia X 40 mm nominal dia threaded,1900.0
2022,7,Trivandrum,Female thread Tee for 48.60 mm outer dia X 15 mm nominal dia threaded,1800.0
2022,7,Trivandrum,Female thread Tee for 48.60 mm outer dia X 20 mm nominal dia threaded,1860.0
2022,7,Trivandrum,Female thread Tee for 48.60 mm outer dia X 25 mm nominal dia threaded,1900.0
2022,7,Trivandrum,Female thread Tee for 48.60 mm outer dia X 32 mm nominal dia threaded,1950.0
2022,7,Trivandrum,Female thread Tee for 48.60 mm outer dia X 40 mm nominal dia threaded,2000.0
2022,7,Trivandrum,Female thread Tee for 48.60 mm outer dia X 50 mm nominal dia threaded,2400.0
2022,7,Trivandrum,Female threaded Connector/Adapter for 15.88 mm outer dia X 15 mm nominal threaded,230.0
2022,7,Trivandrum,Female threaded Connector/Adapter for 22.22 mm outer dia X 15 mm nominal threaded,365.0
2022,7,Trivandrum,Female threaded Connector/Adapter for 22.22 mm outer dia X 20 mm nominal threaded,380.0
2022,7,Trivandrum,Female threaded Connector/Adapter for 28.58 mm outer dia X 15 mm nominal threaded,420.0
2022,7,Trivandrum,Female threaded Connector/Adapter for 28.58 mm outer dia X 20 mm nominal threaded,425.0
2022,7,Trivandrum,Female threaded Connector/Adapter for 28.58 mm outer dia X 25 mm nominal threaded,525.0
2022,7,Trivandrum,Female threaded Connector/Adapter for 34.00 mm outer dia X 25 mm nominal threaded,650.0
2022,7,Trivandrum,Female threaded Connector/Adapter for 34.00 mm outer dia X 32 mm nominal threaded,850.0
2022,7,Trivandrum,Female threaded Connector/Adapter for 42.70 mm outer dia X 32 mm nominal threaded,900.0
2022,7,Trivandrum,Female threaded Connector/Adapter for 42.70 mm outer dia X 40 mm nominal threaded,1100.0
2022,7,Trivandrum,Female threaded Connector/Adapter for 48.60 mm outer dia X 40 mm nominal threaded,1200.0
2022,7,Trivandrum,Female threaded Connector/Adapter for 48.60 mm outer dia X 50 mm nominal threaded,1450.0
2022,7,Trivandrum,Male threaded Connector/Adapter for 15.88 mm outer dia X 15 mm nominal threaded,290.0
2022,7,Trivandrum,Male threaded Connector/Adapter for 22.22 mm outer dia X 15 mm nominal threaded,360.0
2022,7,Trivandrum,Male threaded Connector/Adapter for 22.22 mm outer dia X 20 mm nominal threaded,380.0
2022,7,Trivandrum,Male threaded Connector/Adapter for 28.58 mm outer dia X 20 mm nominal threaded,495.0
2022,7,Trivandrum,Male threaded Connector/Adapter for 28.58 mm outer dia X 25 mm nominal threaded,500.0
2022,7,Trivandrum,Male threaded Connector/Adapter for 34.00 mm outer dia X 25 mm nominal threaded,740.0
2022,7,Trivandrum,Male threaded Connector/Adapter for 34.00 mm outer dia X 32 mm nominal threaded,920.0
2022,7,Trivandrum,Male threaded Connector/Adapter for 42.70 mm outer dia X 32 mm nominal threaded,970.0
2022,7,Trivandrum,Male threaded Connector/Adapter for 42.70 mm outer dia X 40 mm nominal threaded,1000.0
2022,7,Trivandrum,Male threaded Connector/Adapter for 48.60 mm outer dia X 40 mm nominal threaded,1300.0
2022,7,Trivandrum,Male threaded Connector/Adapter for 48.60 mm outer dia X 50 mm nominal threaded,1800.0
2022,7,Trivandrum,Valve Connector for 15.88 mm outer dia X 15 mm nominal dia threaded,400.0
2022,7,Trivandrum,Valve Connector for 22.22 mm outer dia X 15 mm nominal dia threaded,470.0
2022,7,Trivandrum,Valve Connector for 22.22 mm outer dia X 20 mm nominal dia threaded,510.0
2022,7,Trivandrum,Valve Connector for 28.58 mm outer dia X 25 mm nominal dia threaded,750.0
2022,7,Trivandrum,Valve Connector for 34.00 mm outer dia X 32 mm nominal dia threaded,1150.0
2022,7,Trivandrum,Valve Connector for 42.70 mm outer dia X 40 mm nominal dia threaded,1500.0
2022,7,Trivandrum,Valve Connector for 48.60 mm outer dia X 50 mm nominal dia threaded,1960.0
2022,7,Trivandrum,Female Threaded Elbow 90o for 15.88 mm outer dia X 15 mm nominal dia threaded,350.0
2022,7,Trivandrum,Female Threaded Elbow 90o for 22.22 mm outer dia X 15 mm nominal dia threaded,470.0
2022,7,Trivandrum,Female Threaded Elbow 90o for 22.22 mm outer dia X 20 mm nominal dia threaded,490.0
2022,7,Trivandrum,Female Threaded Elbow 90o for 28.58 mm outer dia X 25 mm nominal dia threaded,650.0
2022,7,Trivandrum,Female Threaded Elbow 90o for 34.00 mm outer dia X 32 mm nominal dia threaded,1240.0
2022,7,Trivandrum,Female Threaded Elbow 90o for 42.70 mm outer dia X 32 mm nominal dia threaded,1500.0
2022,7,Trivandrum,Female Threaded Elbow 90o for 42.70 mm outer dia X40 mm nominal dia threaded,1600.0
2022,7,Trivandrum,Female Threaded Elbow 90o for 48.60 mm outer dia X 40 mm nominal dia threaded,1800.0
2022,7,Trivandrum,Female Threaded Elbow 90o for 48.60 mm outer dia X 50 mm nominal dia threaded,2100.0
2022,7,Trivandrum,Male Threaded Elbow 90o for 15.88 mm outer dia X 15 mm nominal dia threaded,410.0
2022,7,Trivandrum,Male Threaded Elbow 90o for 22.22 mm outer dia X 15 mm nominal dia threaded,470.0
2022,7,Trivandrum,Male Threaded Elbow 90o for 22.22 mm outer dia X 20 mm nominal dia threaded,490.0
2022,7,Trivandrum,Male Threaded Elbow 90o for 28.58 mm outer dia X 25 mm nominal dia threaded,615.0
2022,7,Trivandrum,MaleThreaded Elbow 90o for 34.00 mm outer dia X 25 mm nominal dia threaded,1000.0
2022,7,Trivandrum,Male Threaded Elbow 90o for 34.00 mm outer dia X 32 mm nominal dia threaded,1250.0
2022,7,Trivandrum,Male Threaded Elbow 90o for 42.70 mm outer dia X 32 mm nominal dia threaded,1600.0
2022,7,Trivandrum,Male Threaded Elbow 90o for 42.70 mm outer dia X40 mm nominal dia threaded,1725.0
2022,7,Trivandrum,Male Threaded Elbow 90o for 48.60 mm outer dia X 40 mm nominal dia threaded,1920.0
2022,7,Trivandrum,Male Threaded Elbow 90o for 48.60 mm outer dia X 50 mm nominal dia threaded,2300.0
2022,7,Trivandrum,Cap for 15.88 mm outer dia pipe,75.0
2022,7,Trivandrum,Cap for 22.22 mm outer dia pipe,110.0
2022,7,Trivandrum,Cap for 28.58 mm outer dia pipe,150.0
2022,7,Trivandrum,Cap for 34.00 mm outer dia pipe,300.0
2022,7,Trivandrum,Cap for 42.70 mm outer dia pipe,450.0
2022,7,Trivandrum,Cap for 48.60 mm outer dia pipe,550.0
2022,7,Trivandrum,Pipe Bridge for 15.88 mm outer dia pipe,460.0
2022,7,Trivandrum,Pipe Bridge for 28.58 mm outer dia pipe,680.0
2022,7,Trivandrum,4 Point facade glass bracket,5500.0
2022,7,Trivandrum,2 Point facade glass bracket,2500.0
2022,7,Trivandrum,1 Point facade glass bracket,2100.0
2022,7,Trivandrum,Flate head bolt,870.0
2022,7,Trivandrum,400 fin plate at top,11100.0
2022,7,Trivandrum,Micro Silica,65.0
2022,7,Trivandrum,Stop end tubes for diaphragmwall 600 mm dia.,10.0
2022,7,Trivandrum,Driving end tubes for diaphragm wall 600 mm dia.,130.0
2022,7,Trivandrum,Bi-Axial Extruded GeoGrid of Minimum Tensile Strength 15 kN/m in the longitudinal and transverse direction,180.0
2022,7,Trivandrum,Bi-Axial Extruded GeoGrid of Minimum Tensile Strength 20 kN/m in the longitudinal and transverse direction,180.0
2022,7,Trivandrum,Bi-Axial Extruded GeoGrid of Minimum Tensile Strength 30 kN/m in the longitudinal and transverse direction,300.0
2022,7,Trivandrum,Bi-Axial Extruded GeoGrid of Minimum Tensile Strength 40 kN/m in the longitudinal and transverse direction,465.0
2022,7,Trivandrum,"Geosynthetic drainage with two filtering nonwoven geotextiles having a ""W"" configuration as longitudinal parallel channels.  Minimum thickness to be 7.2 mm, with two filtering UV stabilized polypropylene nonwoven geotextile of minimum thickness of 0.75mm having pores of 150 micron and tensile strength of 8.0 kN/m and having plane flow capacity of 2.1 L/(m.s) at hydraulic gradient of 1.0 & 20kPa pressure tensile strength of 18kN/m with mass per unit area of 740 gsm",990.0
2022,7,Trivandrum,"Geosynthetic drainage composite havign thermobonding a draining core -HDPE geonet comprise to two set of parallel overlyed ribs integrally connected to have a rhomboidal shape with polyethylene film and a non woven geotextile having mass per unit are 130g/m2 and tensile strength of 8.0 kN/m having a plane flow capacity of 0.7 L/(m.s) at hydraulic gradient of 1.0 & 20 kPa pressure and tensile stength of 13.5 kN/m, with mass per unit are of 830 gsm",1200.0
2022,7,Trivandrum,Synthetic Geogrid having Ultimate tensile strength - 100kN/m,450.0
2022,7,Trivandrum,Synthetic Geogrid Ultimate tensile strength - 150kN/m,450.0
2022,7,Trivandrum,Synthetic Geogrid Ultimate tensile strength - 200kN/m,520.0
2022,7,Trivandrum,Synthetic Geogrid Ultimate tensile strength - 250kN/m,570.0
2022,7,Trivandrum,Synthetic Geogrid Ultimate tensile strength - 300kN/m,600.0
2022,7,Trivandrum,Synthetic Geogrid Ultimate tensile strength - 350kN/m,650.0
2022,7,Trivandrum,Synthetic Geogrid Ultimate tensile strength - 400kN/m,700.0
2022,7,Trivandrum,Synthetic Geogrid Ultimate tensile strength - 500kN/m,850.0
2022,7,Trivandrum,Synthetic Geogrid Ultimate tensile strength - 600kN/m,890.0
2022,7,Trivandrum,Synthetic Geogrid Ultimate tensile strength - 700kN/m,1150.0
2022,7,Trivandrum,Synthetic Geogrid Ultimate tensile strength - 800kN/m,1200.0
2022,7,Trivandrum,Synthetic Geogrid Ultimate tensile strength - 900kN/m,1400.0
2022,7,Trivandrum,Synthetic Geogrid Ultimate tensile strength - 1000kN/m,1700.0
2022,7,Trivandrum,Synthetic Geogrid Ultimate tensile strength - 1100kN/m,1750.0
2022,7,Trivandrum,Synthetic Geogrid Ultimate tensile strength - 1200kN/m,1800.0
2022,7,Trivandrum,"Aluminium profile industrial troughed sheet of alloy 31500/31000/40800, conforming to IS 1254, IS 737,IS 2676, 0.71 mm thick, the profile detail width 1044/920 mm, cover width 1000/875 mm",1300.0
2022,7,Trivandrum,"Aluminium profile industrial troughed sheet of Alloy 31500/31000/40800 conforming to IS 1254, IS 737, IS 2676, 0.91 mm thick, the profile detail width 1044/920 mm, cover width 1000/875 mm",1450.0
2022,7,Trivandrum,C.P Brass Centre Hole basin mixer with cast spout,2300.0
2022,7,Trivandrum,C.P. Brass Centre Hole Basin Mixer With Cast Spout ( Kigston/Marc/Prima/ Parko/ Hindware,3.0
2022,7,Trivandrum,Petrol,107.7
2022,7,Trivandrum,Carriage,0.0
2022,7,Trivandrum,Carriage and sundries,0.0
2022,7,Trivandrum,Sundries,2.5
2022,7,Trivandrum,Neelgiri grass turf with earth 50mm To 60mm thicknes,200.0
2022,7,Trivandrum,Mexican grass turf with earth 50mm To 60mm thickness,205.0
2022,7,Trivandrum,Rolling or ramming of ground turf (Grass,20.0
2022,7,Trivandrum,Selection No.1 grass turf with earth 50mm To 60mm thickness,70.0
2022,7,Trivandrum,Bermuda Grass or Doob Grass,42.0
2022,7,Trivandrum,Floral foam brick (premium quality/High density) (1 Box containing 20 bricks,820.0
2022,7,Trivandrum,"River Pabbles size of 2"" to 2.50"" dia in natural colour",565.0
2022,7,Trivandrum,Selection No.1 grass at site fresh & from weeds,72.0
2022,7,Trivandrum,PVC Hexagonal net (Tuflex or equivalent,135.0
2022,7,Trivandrum,Bamboo 18 to 20cm grith and 90 cm Height,65.0
2022,7,Trivandrum,"Providing of Aglaonema Parrot Jungle plant (three in one), having ht. 30 cm and above with 20 to 25 leaves, well developed, fresh & healthy in 25 cm size of Earthen pot / Plastic pot.",117.0
2022,7,Trivandrum,"Providing of Aglaonema dove variety Plant, having ht. 30 cm to 45 cm with 8 to 10 leaves, well developed, fresh and healthy in 25 cm size of Earthen pot / Plastic pot.",117.0
2022,7,Trivandrum,"Providing of Aglaonema Pseudo bractatum plants, having ht. 30 cm and above with 3 to 4 suckers & 20 to 25 leaves, well developed, fresh and healthy in 25 cm size of Earthen pot / Plastic pot.",122.0
2022,7,Trivandrum,"Providing of Aglaonema Snow White hybrid plant (three in one), having ht. 30 cm & above with 6 to 8 leaves, bright colour, well developed, fresh and healthy in 25 cm size of Earthen pot / Plastic pot. (Specimen Plant).",117.0
2022,7,Trivandrum,"Providing of Aglaonema Silver Queen plant, having ht. 30 cm to 45 cm. with 12 to 15 leaves, multi suckers, well developed, fresh and healthy in 25 cm size of Earthen pot / Plastic pot.",245.0
2022,7,Trivandrum,"Providing of Aglaonema Ernesto Plant (three in one), having ht. 45 cm & above with 12 to 15 leaves,well developed, fresh and healthy in 25 cm size of Earthen pot / Plastic pot.",185.0
2022,7,Trivandrum,"Providing of Aglaonema marentifolium variety plant, having ht. 23 cm to 30 cm with 8 to 10 leaves, well developed, fresh and healthy with colourfull leaves in 20 cm size of Earthen pot / Plastic pot.",172.0
2022,7,Trivandrum,"Providing of Aglaonema Modestum plant, having ht. 23 cm to 30 cm with 3 to 4 suckers & 15 to 20 leaves,well developed, fresh and healthy in 25 cm size of Earthen pot / Plastic pot.",117.0
2022,7,Trivandrum,"Providing of Aglaonema nitida plant, having ht. 30 cm to 45 cm with 8 to 10 leaves, well developed, fersh and healthy with attractive leaves in 25 cm size of Earthen pot / Plastic pot.",122.0
2022,7,Trivandrum,"Providing of Araucaria cookie plant, having ht. 60 cm to 75 cm, straight, well developed, fresh and healthy with lush green leaves from bottom to top in 20 cm size of Earthen pot / Plastic pot.",210.0
2022,7,Trivandrum,"Providing of Araucaria cookie plant, having ht. 75 cm to 90 cm, straight, well developed, fresh and healthy with lush green leaves from bottom to top in 25 cm size of Earthen pot / Plastic pot.",345.0
2022,7,Trivandrum,"Providing of Araucaria cookii plant, having ht.1.20 m to 1.35 m, straight, well developed, fresh and healthy with lush green leaves from bottom to top in 25 cm size of Earthen pot / Plastic pot.",510.0
2022,7,Trivandrum,"Providing of Araucaria cookii plant, having ht.1.80 m to 1.95 m, straight, well developed, fresh and healthy with lush green leaves from bottom to top in 30 cm size of Earthen pot / Plastic pot.",680.0
2022,7,Trivandrum,"Providing of Areca Palm plant, having ht. 90 cm to 1.20 m with 4 to 5 suckers, well developed, fresh and healthy with lush green foliage in 20 cm size of Earthen pot / Plastic pot.",245.0
2022,7,Trivandrum,"Providing of Areca Palm plant, having ht. 1.20 m to 1.50 m with 5 to 6 suckers, well developed, fresh and healthy with lush green foliage in 25 cm size of Earthen pot / Plastic pot",295.0
2022,7,Trivandrum,"Providing of Areca palm plant, having ht. 1.50 m to 1.80 m with 6 to 8 suckers, well developed, fresh and healthy with lush green foliage in 25 cm size of Earthen pot / Plastic pot.",345.0
2022,7,Trivandrum,"Providing of Areca Palm plant, having ht. 1.80 m to 2.10 m with 8 to 10 suckers, well developed, fresh and healthy with lush green foliage in 30 cm size of Earthen pot / Plastic pot.",390.0
2022,7,Trivandrum,"Providing of Areca Palm plant, having ht. 2.40 m to 2.70 m with 12 to 14 suckers, well developed, fresh and healthy with lush green foliage in 35 cm size of Bucket type cement pots",617.0
2022,7,Trivandrum,"Providing of Brassia Varigated plant, having ht. 30 cm, well developed with fresh and healthy foliage in 20 cm size of Earthen pot / Plastic pot",157.0
2022,7,Trivandrum,"Providing of Brassia Varigated plant, having ht. 30 cm to 45 cm, well developed with fresh and healthy foliage in 25 cm size of Earthen pot / Plastic pot.",222.0
2022,7,Trivandrum,"Providing of Chamaedorea elegans palm plant, having ht. 60 cm to 75 cm, well developed with fresh and healthy leaves in 25 cm size of Earthen pot / Plastic pot",227.0
2022,7,Trivandrum,"Providing of Croton Challanger variety plant, having ht. 30cm and above, well developed with full of fresh and healthy leaves in 20 cm size of Earthen pot / Plastic pot",117.0
2022,7,Trivandrum,"Providing of Croton baby golden variety plant, having ht.30 cm and above, well developed with full of fresh and healthy leaves in 20 cm size of Earthen pot / Plastic pot.",117.0
2022,7,Trivandrum,"Providing of Croton Baby Golden Punctatumaureum plant, having ht. 23 cm to 30 cm, well developed with fresh and healthy foliage in 15 cm size of Earthen pot / Plastic po",112.0
2022,7,Trivandrum,"Providing of Croton Golden plant, having ht. 45 cm to 60 cm with 2 to 3 branches, well developed, fresh and healthy foliage in 25 cm size of Earthen pot / Plastic pot.",117.0
2022,7,Trivandrum,"Providing of Croton Baby Golden plant (three in one), having ht. 30cm, multi brancheses, well developed with fresh and healthy foliage in 25 cm size of Earthen pot / Plastic pot.",117.0
2022,7,Trivandrum,"Providing of Croton golden (Broad Leaves) plant, having ht. 60 cm to 75 cm with 3 to 4 brancheses, well developed, fresh and healthy leaves in 25 cm size of Earthen pot / Plastic pot",117.0
2022,7,Trivandrum,"Providing of Croton Golden specimen plant, having ht. 90 cm to 1.05 cm with 5 to 6 branches, well developed, fresh and healthy foliage in 30 cm size of Earthen pot / Plastic pot.",227.0
2022,7,Trivandrum,"Providing of Croton Duck foot (Elite) plant, having ht. 45 cm and above with 3 to 4 branches, well developed, fresh and healthy leaves in 25 cm size of Earthen pot / Plastic pot.",227.0
2022,7,Trivandrum,"Providing of Croton Duck Foot (Elite) plant, having ht. 60 cm to 75 cm with 4 to 5 branches, well developed, fresh and healthy colourfull leaves in 25 cm size of Earthen pot / Plastic pot.",425.0
2022,7,Trivandrum,"Providing of Croton petra Banglore variety plant, having ht 45 cm & above, well develooped with fresh and healthy leaves in 20 cm size of Earthen pot / Plastic pot.",227.0
2022,7,Trivandrum,"Providing of Croton petra plant, having ht. 45 cm & above with 2 to 3 branches, well developed, fresh and healthy leaves in 25 cm size of Earthen pot / Plastic pot.",227.0
2022,7,Trivandrum,"Providing of Croton petra Bangalore variety plant, having ht. 60 cm to 75 cm with 4 to 6 branches, well developed, fresh and healthy colourfull leaves in 25 cm size of Earthen pot / Plastic pot.",507.0
2022,7,Trivandrum,"Providing of Speciman Croton Petra Banglore variety plant, having ht. 60 cm to 75 cm with 4 to 6 branches, well developed, fresh & healthy foliage approximately 60-65 leaves in 30 cm size of Earthen pot / Plastic pot.",668.0
2022,7,Trivandrum,"Providing of Diffenbachia Tropicsnow plant, having ht. 60 cm & above with 8 - 10 leaves, well developed, fresh & healthy in 25 cm size of Earthen pot / Plastic pot",117.0
2022,7,Trivandrum,"Providing of Diffenbachia mosaic plant, having ht. 30cm to 45 cm with 1012 leaves, well developed, fresh and healthy in 25 cm size of Earthen pot / Plastic pot.",117.0
2022,7,Trivandrum,"Providing of Dieffenbachia (Meaclata) plant, having ht. 45 cm to 60 cm with 5 and above leaves, well developed, fresh and healthy & attractive varigated foliage in 25 cm size of Earthen pot / Plastic pot.",200.0
2022,7,Trivandrum,"Providing of Dracaena Song of india plant (three in one), having ht. 30 cm and above, multibranched, well developed with fresh and healthy leaves in 25 cm size of Earthen pot / Plastic pot.",152.0
2022,7,Trivandrum,"Providing of Dracaena song of India specimen plant (three in one), having ht. 60 cm & above, well developed, fresh and healthy with good foliage in 25 cm size of Earthen pot / Plastic pot.",188.0
2022,7,Trivandrum,"Providing of Draceana Song of India Green plant (three in one), having ht. 30 cm, well developed, fresh & healthy, lush green foliage from bottom to top in 20 cm size of Earthen pot / Plastic pot.",117.0
2022,7,Trivandrum,"Providing of Dracaena Kedarnath plant, having ht. 30 cm & above, well developed with good colourful foliage in 20 cm size of Earthen pot / Plastic pot",67.0
2022,7,Trivandrum,"Providing of Dracaena margineta plant, having ht. 30 cm to 45 cm with colourfull leaves, fresh and healthy in 20 cm size of Earthen pot / Plastic pot",83.0
2022,7,Trivandrum,"Providing of Dracaena mahatma plant, having ht. 30 cm to 45 cm, well developed, fresh and healthy foliage in 20 cm size of Earthen pot / Plastic pot.",83.0
2022,7,Trivandrum,"Providing of Dracaena rosea plant, having ht. 30 cm & above with 8 to10 leaves, well developed, fresh and healthy in 20 cm size of Earthen pot / Plastic pot.",67.0
2022,7,Trivandrum,"Providing of Dracaena victoria plant, having ht. 30 cm & above, well developed with full of leaves, fresh and healthy in 25 cm size of Earthen pot / Plastic pot.",93.0
2022,7,Trivandrum,"Providing of Dracaena fragrans�Massangeana�� plant, having ht. 30 cm & above with full of leaves, well developed, fresh and healthy in 25 cm size of Earthen pot / Plastic pot.",93.0
2022,7,Trivandrum,"Providing of Draceana waranickii plant, having ht. 30 cm to 45 cm. with good colour foliage, well developed, fresh and healthy in 20 cm size of Earthen pot / Plastic pot",93.0
2022,7,Trivandrum,"Providing of Livistona palm plant, having ht. 30 cm to 45 cm, well developed with 5 to 6 leaves, fresh & healthy foliage in 25 cm size of Earthen pot / Plastic pot.",93.0
2022,7,Trivandrum,"Providing of Livistona palm plant, having ht. 60 cm to 75 cm, well developed with 8 to 10 leaves, fresh & healthy foliage in 30 cm size of Earthen pot / Plastic pot.",224.0
2022,7,Trivandrum,"Providing of Monestaria plant mounted on moss stick 90 cm ht., 2 to 3 plant in one pot well developed with fresh & healthy foliage in 25 cm size of Earthen pot / Plastic pot.",282.0
2022,7,Trivandrum,"Providing of Money Plant Broad Leaves mounted on moss stick 90 cm ht., 3 to 4 plants in each pot, well developed with full of fresh & healthy leaves in size of 25 cm Top dia x 18 cm Bottom dia x 25 cm Perpendicular height Earthen pot / Plastic pot.",227.0
2022,7,Trivandrum,"Providing of Money Plant Broad Leaves mounted on moss stick 1.20 m ht., 5 to 6 plants in each pot, well developed with full of fresh & healthy leaves in size of 25 cm Top dia x 18 cm Bottom dia x 25 cm Perpendicular height Earthen pot / Plastic pot.",258.0
2022,7,Trivandrum,"Providing of Money Plant Golden leaves mounted on moss stick 90cm ht., having 3 plants at equal distance, well developed with full of fresh, shinning and healthy leaves from bottom to top in 25 cm size of Earthen pot / Plastic pot.",227.0
2022,7,Trivandrum,"Providing of Philodendron Burgundy plant mounted on moss stick 90 cm ht., well developed with full of fresh & healthy leaves from bottom to top in 25 cm size of Earthen pot / Plastic pot.",282.0
2022,7,Trivandrum,"Providing of Philodendron emrald red colour plant, mounted on moss stick 90 cm ht., having 3 plants placed at equal distance, well developed with full of fresh & healthy leaves in 25 cm size of Earthen pot / Plastic pot.",558.0
2022,7,Trivandrum,"Providing of Philodendron Envy plant, mounted on moss stick 90 cm ht., well developed with full of fresh & healthy leaves in 30 cm size of Earthen pot / Plastic pot.",612.0
2022,7,Trivandrum,"Providing of Philodendron Oxicodium plant, mounted on moss stick 90 cm ht., having 3 plants placed at equal distance, well developed with full of fresh & healthy leaves in 25 cm size of Earthen pot / Plastic pot.",227.0
2022,7,Trivandrum,"Providing of Philodendron Oxicodium Golden Colour plant, Mounted on moss stick 90 cm ht., having 3 plants placed at equal distance, well developed with full of fresh & healthy leaves in 25 cm Top dia x 18 cm Bottom dia x 25 cm Perpendicular height Earthen pot / Plastic pot.",227.0
2022,7,Trivandrum,"Providing of Philodendron Oxicodium Golden Colour plant, Mounted on moss stick 1.20 m ht., having 3 to 4 plants placed at equal distance, well developed with full of fresh & healthy leaves in 25 cm size of Earthen pot / Plastic pot.",258.0
2022,7,Trivandrum,"Providing of Philodendron Oxicodium plant, mounted on moss stick 1.20 m ht., having 3 plants placed at equal distance, well developed with full of fresh & healthy leaves in 25 cm size of Earthen pot / Plastic pot.",283.0
2022,7,Trivandrum,"Providing of Philodendron sellum plant, having ht. 30 cm to 45 cm with 8 to 10 leaves, well devleoped, fresh and healthy foliage in 25 cm size of Earthen pot / Plastic pot",283.0
2022,7,Trivandrum,"Providing of Philodendron sellum plant, having ht. 45 cm to 60 cm with 12 to 16 leaves, well developed, fresh and healthy foliage in 30 cm size of Earthen pot / Plastic pot.",283.0
2022,7,Trivandrum,"Providing of Philodendron ceylon gold plant, having ht. 30 cm to 45 cm with 8 to10 leaves, well developed, fresh & healthy bright colour leaves in 15 cm size of Earthen pot / Plastic pot.",283.0
2022,7,Trivandrum,"Providing of Philodendron moonlight plant, having ht. 30 cm to 45 cm with 10 to 12 leaves, well developed, fresh & healthy bright colour leaves in 25 cm size of Earthen pot / Plastic pot.",312.0
2022,7,Trivandrum,"Providing of Phoenix palm plant, having ht. 75 cm to 90 cm with 10 to 15 or more leaves, well developed, fresh and healthy in 25 cm size of Earthen pot / Plastic pot.",341.0
2022,7,Trivandrum,"Providing of Raphis palm plant, having ht. 45 cm to 60 cm with 5 to 7 suckers, well developed, full of fresh and healthy leaves in 25 cm size of Earthen pot / Plastic pot.",337.0
2022,7,Trivandrum,"Providing of Raphis palm plant, having ht. 75 cm to 90 cm with 12 to 15 equal suckers, well developed, full of fresh & healthy leaves from bottom to top in 25 cm size Earthen pot / Plastic pot.",802.0
2022,7,Trivandrum,"Providing of Raphis Palm plant, having ht. 75 cm to 90 cm with 15 to 18 equal suckers, well developed, full of fresh and healthy leaves from bottom to top in 35 cm PVC Pots/C.Pots.",990.0
2022,7,Trivandrum,"Providing of Raphis palm specimen plant, having ht. 1.50 m to 1.65 m with 40 to 50 lush green suckers, well developed, fresh & healthy foliage leaves in 40 cm size of Earthen Pot / Chali / Tray.",1435.0
2022,7,Trivandrum,"Providing of Ceporthia Palm plant, having ht. 90cm to 1.20 m with 6-8 suckers, well developed, fresh and healthy lush green leaves from bottom to top in 20 cm size of Earthen pot / Plastic pot.",507.0
2022,7,Trivandrum,"Providing of Ceporthia Palm plant, having ht. 1.20 m. to 1.50 m. with 8-10 suckers, well developed, fresh and healthy lush green leaves from bottom to top in 25 cm size of Earthen pot / Plastic pot.",608.0
2022,7,Trivandrum,"Providing of Ceporthia Palm plant, having ht. 1.50 m to 1.80 m with 12-15 suckers, well developed, fresh and healthy lush green leaves from bottom to top in 30 cm size of Earthen pot / Plastic pot.",775.0
2022,7,Trivandrum,"Providing of Sanchezia nobilis plant, having ht. 30 cm & above, well developed with fresh & healthy foliage in 20 cm size of Earthen pot / Plastic pot.",78.0
2022,7,Trivandrum,"Providing of Schefflera high colour plant, having ht. 23 cm to 30 cm, well developed with fresh & healthy foliage in 20 cm size of Earthen pot / Plastic pot.",57.0
2022,7,Trivandrum,"Providing ofSchefflera high colour plant (three in one), having ht. 23 cm to 30 cm, well developed with fresh and healthy foliage in 25 cm size of Earthen pot / Plastic pot.",168.0
2022,7,Trivandrum,"Providing of Schefflera Green plant (three in one), mounted on moss stick 90 cm, well developed with full of fresh & healthy leaves from bottom to top with rich foliage in 25 cm size of Earthen pot / Plastic pot.",312.0
2022,7,Trivandrum,"Providing of Schieflera Verigated plant, mounted on moss stick 90 cm ht., 3 to 4 plants placed in each pot at equal distance, well developed with full of fresh & healthy bright leaves from bottom to top in 25 cm size of Earthen pot / Plastic pot.",387.0
2022,7,Trivandrum,"Providing of Syngonium golden plant, mounted on moss stick 90 cm ht., 3 to 4 plants placed in each pot at equal distance, well developed with full of fresh & healthy leaves from bottom to top in 25 cm size of Earthen pot / Plastic pot.",198.0
2022,7,Trivandrum,"Providing of Syngonium Verigated plant, mounted on moss stick 90 cm ht., 3 to 4 plants placed in each pot at equal distance, well developed with full of fresh & healthy leaves from bottom to top in 25 cm size of Earthen pot / Plastic pot",244.0
2022,7,Trivandrum,Providing Plant Allyssum white in full bloom well developed fresh & healthy Plant in 20 cm Earthen Pot/Plastic Pot.,97.0
2022,7,Trivandrum,Providing Plant Anemone hybrid (3 in one) variety well developed with fresh & healthy Flower in full bloom in 25 cm Earthen Pot/Plastic Pot.,112.0
2022,7,Trivandrum,Providing Plant Antirrhinum Hybrid Dwarf variety (3 in one) well developed with fresh & healthy Flower multi branch in full bloom in 25 cm Earthen Pot/Plastic Pot.,335.0
2022,7,Trivandrum,"Providing Plant Antirrhinum Hybrid dwarf variety, specimen (8-10 plants) with fresh & healthy foliage in full bloom well developed in 35 cm Earthen Tray/Challi Pot",662.0
2022,7,Trivandrum,"Providing Plant Antirrhinum variety, well developed, fresh & healthy multi branched 30 to 45 cm ht, in full bloom with stacking in 30 cm Earthen Pot/Plastic Pot.",334.0
2022,7,Trivandrum,Providing Plant Asiatic lilly hybrid variety (3 in one) plants in each pot having in full bloom 3 to 5 flowers 30 to 45 cm ht. well developed in 25 cm Earthen Pot/Plastic Pot,243.0
2022,7,Trivandrum,"Providing Plant Aster Hybrid variety in different colour, well developed with fresh & healthy foliage in full bloom 23 to 30 cm ht., in 20 cm Earthen Pot/Plastic Pot.",135.0
2022,7,Trivandrum,"Providing Plant Bigonia rex having 15 to 23 cm ht., well developed with fresh & healthy foliage with 10 to 12 flowers in bloom in 20 cm Earthen Pot/Plastic Pot.",135.0
2022,7,Trivandrum,Providing Plant Brachycome well developed with fresh & healthy foliage with 100 to 120 flowers stacking with green painted bamboo stick in 25 cm Earthen Pot/Plastic Pot.,177.0
2022,7,Trivandrum,Providing Plant Calceolaria hybrid variety in full bloom well developed with fresh & healthy foliage in 20 cm Earthen Pot/Plastic Pot.,177.0
2022,7,Trivandrum,Providing Plant Calendula double variety well developed with fresh & healthy foliage in full bloom in 20 cm Earthen Pot/Plastic Pot.,112.0
2022,7,Trivandrum,"Providing Plant Chrysenthemum double variety, well developed, having 45 to 60 cm ht., with 6 and above flowers with half blooming condition, fresh and healthy with bamboo stacking in 25 cm Earthen Pot",177.0
2022,7,Trivandrum,"Providing Plant Chrysenthemum single variety in different colour well developed having 45 to 60 cm ht., minimum 100 and above half bloom flowers open well stacked with bamboo stick having three layer tiding by thread fresh and healthy foliage in 25 cm Earthen Pot",225.0
2022,7,Trivandrum,"Providing Plant Chrysenthemum single named variety in different colour well developed, having 45 to 60 cm ht., minimum 150 and above half bloom flowers well stacked with bamboo stick having three layer tiding by thread fresh and healthy foliage in 30 cm Earthen Pot",225.0
2022,7,Trivandrum,Providing Plant Cineraria dwarf in different colour with fresh & healthy foliage well developed in 20 cm Earthen Pot/Plastic Pot,112.0
2022,7,Trivandrum,Providing Plant Cineraria Hybrid dwarf variety in different colour well developed with fresh & healthy foliage in bloom in 25 cm Earthen Pot/Plastic Pot.,112.0
2022,7,Trivandrum,"Providing Plant Cinereria long 45 to 60 cm ht., 8 to 10 branch with full bloom specimen plant with green painted stacking in 30 cm Earthen Pot/Plastic Pot",225.0
2022,7,Trivandrum,"Providing Plant Clarkia well developed with fresh & healthy foliage, 5 to 6 branch in full bloom with stacking in 25 cm Earthen Pot/Plastic Pot",225.0
2022,7,Trivandrum,"Providing Plant Clianthus well developed,with fresh & healthy foliage in bloom 30 to 45 cm ht., with stacking in 25 cm Earthen Pot/Plastic Pot.",168.0
2022,7,Trivandrum,Providing Plant Coleus broad leaves having 3 to 4 branches equal well developed with fresh & healthy foliage in different colour in 25 cm Earthen Pot/Plastic Pot.,85.0
2022,7,Trivandrum,Providing Plant Coleus broad leaves having 5 to 6 branches equal well developed with fresh & healthy foliage in different colour in 25 cm Earthen Pot/Plastic Pot.,112.0
2022,7,Trivandrum,Providing Plant Cyclemen hybrid variety fresh & healthy in full bloom well developed in 25 cm Earthen Pot/Plastic Pot.,333.0
2022,7,Trivandrum,Providing Plant Cyclemen hybrid variety specimen 5-6 plants fresh & healthy in full bloom well developed in 35 cm Earthen Tray/ Nand.,1255.0
2022,7,Trivandrum,"Providing Plant Dahlia double kenya variety in different colour well developed with 3 to 4 flowers in half bloom, good foliage stacked with Green painted Bamboo sticks, 45 to 60 cm height in 25 cm Earthen Pot/Plastic Pot",138.0
2022,7,Trivandrum,Providing Plant Dahlia single in different colour with fresh & healthy foliage well developed with 6 to 8 half blooming buds in 20 cm Earthen Pot/Plastic Pot.,57.0
2022,7,Trivandrum,Providing Plant Daisy well developed with fresh & healthy foliage in full bloom in 20 cm Earthen Pot/Plastic Pot.,57.0
2022,7,Trivandrum,Providing Plant Dianthus dwarf in different colour fresh & healthy bloom in 20 cm Earthen Pot/Plastic Pot.,57.0
2022,7,Trivandrum,Providing Plant Dianthus dwarf specimen 6-8 plants with fresh & healthy foliage in full bloom well developed in 35 cm Earthen Tray/Nand,555.0
2022,7,Trivandrum,"Providing Plant Dianthus in different colour well developed with fresh & healthy foliage 30 cm ht., in full bloom with stacking in 25 cm Earthen Pot/Plastic Pot.",112.0
2022,7,Trivandrum,"Providing Plant Fressia hybrid 6 to 8 plants in full bloom, with fresh and healthy flower and foliage stacked with Green painted bamboo sticks in 25 cm Earthen Pot/Plastic Pot.",172.0
2022,7,Trivandrum,Providing Plant Gazania hybrid in different colour well developed with fresh & healthy foliage with full bloom in 25 cm Earthen Pot/Plastic Pot,87.0
2022,7,Trivandrum,"Providing Plant Geranium double variety having 30 cm ht., in different colour well developed with fresh & healthy foliage (3 in one) well",168.0
2022,7,Trivandrum,"Providing Plant Gerbera Hybrid, well developed, with fresh and healthy foliage, fully blooms in 25 cm Earthen Pot/Plastic Pot.",112.0
2022,7,Trivandrum,Providing Plant Helianthus different colour with full bloom (3 in one) fresh & healthy in 25 cm Earthen Pot/Plastic Pot. well developed,285.0
2022,7,Trivandrum,Providing Plant Impatiens in different colour well developed fresh and healthy (3 in one) well bloomed in 25 cm Earthen Pot/Plastic Pot.,167.0
2022,7,Trivandrum,Providing Plant Marigold jaffri dwarf in different colour well developed with fresh & healthy foliage with 12 to 15 flowers in full bloom specimen plant 23 to 30 cm ht. in 20 cm Earthen Pot/Plastic Pot.,57.0
2022,7,Trivandrum,Providing Plant Marigold jaffri orange/yellow/Russet colour well developed with fresh & healthy foliage with 40 to 50 flowers in bloom specimen plant 60 to 75 cm ht in 25 cm Earthen Pot/Plastic Pot.,202.0
2022,7,Trivandrum,Providing Plant Marigold jaffri french orange/yellow/Russet colour well developed with fresh & healthy foliage with 60 to 75 flowers in bloom specimen plant 60 to 75 cm ht in 30 cm Earthen Pot/Plastic Pot.,144.0
2022,7,Trivandrum,Providing Plant Kalanchoe Hybrid variety in different colour well developed with fresh & healthy foliage in full bloom in 20 cm Earthen pot/Plastic Pot.,112.0
2022,7,Trivandrum,"Providing Plant Marigold(Tagetes) inca hybrid different colour having 30 cm and above ht., with 6 to 8 flowers in bloom & blooming condition, well developed pot should be fully covered with fresh and healthy, foliage and flowers in 20 cm Earthen Pot/Plastic Pot.",87.0
2022,7,Trivandrum,Providing Plant Mimulus multi branching bushy plant in different colour well developed fresh & healthy in full bloom in 20 cm Earthen Pot in 20 cm Earthen Pot/Plastic Pot.,112.0
2022,7,Trivandrum,Providing Plant Missbranthemum in different colour well developed with fresh & healthy foliage in full bloom in 20 cm Earthen Pot/Plastic Pot.,57.0
2022,7,Trivandrum,Providing Plant Nemasia well developed with fresh & healthy with good attractive foliage full blooming in 20 cm Earthen Pot/Plastic Pot.,87.0
2022,7,Trivandrum,Providing Plant Nasturtium in different colour well developed with fresh & healthy foliage with full bloom in 25 cm Earthen Pot in 20 cm Earthen Pot/Plastic Pot.,87.0
2022,7,Trivandrum,Providing Plant Ornamental Kale Hybrid variety in full bloom with fresh & healthy foliage well developed in 25 cm Earthen Pot in 20 cm Earthen Pot/Plastic Pot.,87.0
2022,7,Trivandrum,Providing Plant Pansy Hybrid Sakata in different colour specimen 6-8 plants with fresh & healthy foliage in full bloom well developed in 35 cm Earthen Tray/ Nand,502.0
2022,7,Trivandrum,Providing Plant Pansy Hybrid Sakata well developed with fresh & healthy foliage with 3 to 4 flower in bloom in 20 cm Earthen Pot/Plastic Pot.,502.0
2022,7,Trivandrum,Providing Plant Pansy hybrid sakata in different colour with fresh & healthy foliage well developed in 15 cm Earthen Pot/Plastic Pot.,47.0
2022,7,Trivandrum,Providing Plant Petunia hybrid different colour single well developed in full bloom in 20 cm Earthen/Plastic Pot.,85.0
2022,7,Trivandrum,Providing Plant Petunia hybrid different variety in different colour well developed with fresh and healthy foliage in full bloom in 25 cm Earthen Pot/Plastic Pot.,112.0
2022,7,Trivandrum,Providing Plant Petunia hybrid in different colour with fresh & healthy foliage well developed in 15 cm Earthen Pot/Plastic Pot,57.0
2022,7,Trivandrum,Providing Plant Petunia hybrid well developed with fresh & healthy foliage in full bloom 6-8 plants in 35 cm Earthen Tray/Nand,502.0
2022,7,Trivandrum,"Providing Plant Phlox in different colour well developed with fresh & healthy foliage 30 cm ht., in full bloom with stacking in 25 cm Earthen Pot/Plastic Pot.",82.0
2022,7,Trivandrum,"Providing Plant Poincettia Dwarf variety different colour well developed 23 to 30 cm ht., 3 to 4 branch full bloom with fresh & healthy foliage in 15 cm Earthen Pot/Plastic Pot.",203.0
2022,7,Trivandrum,"Providing Plant Poincettia dwarf multi head, having upto 30 cm ht., with 3 to 4 branches with fully different coloured top with fresh & healthy foliage well developed in 20 cm Earthen Pot/Plastic Pot.",225.0
2022,7,Trivandrum,Providing Plant Primula Hybrid variety specimen 5-6 plants in each Pot with fresh & healthy foliage in full bloom different colour well developed in 35 cm Earthen Tray/ Nand,667.0
2022,7,Trivandrum,Providing Plant Primula Hybrid variety well developed with fresh & healthy foliage with full bloom in 25 cm Earthen Pot/Plastic Pot.,144.0
2022,7,Trivandrum,Providing Plant Primula Hybrid variety well developed with fresh & healthy foliage with full bloom in 25 cm Earthen Pot/Plastic Pot,782.0
2022,7,Trivandrum,Providing Plant Ranunculus Hybrid variety well developed with fresh & healthy foliage with 2-3 flower in bloom in 25 cm Earthen Pot/Plastic Pot.,172.0
2022,7,Trivandrum,Providing Plant Salvia dwarf variety with fresh & healthy foliage well developed multi branching in blooming stage in 15 cm Earthen Pot/Plastic Pot.,57.0
2022,7,Trivandrum,Providing Plant Salvia ht. 45 to 60 cm multi branches stacking with bamboo stick specimen plants type with full bloom well developed in 30 cm Earthen Pot/Plastic Pot,112.0
2022,7,Trivandrum,Providing Plant Salvia ht. 45 to 60 cm multi branches stacking with bamboo stick specimen plants type with full bloom well developed in 25 cm Earthen Pot/Plastic Pot.,144.0
2022,7,Trivandrum,"Providing Plant Salvia red Hybrid dwarf variety having 15 cm to 23 cm ht., well developed with fresh & healthy foliage in bloom in 20 cm Earthen Pot/Plastic Pot.",75.0
2022,7,Trivandrum,"Providing Plant Salvia red Hybrid dwarf variety having 15 to 23 cm ht., specimen 6 plants with fresh & healthy foliage in full bloom well developed in 35 cm Earthen Tray/ Nand",445.0
2022,7,Trivandrum,"Providing Plant Star of Bethlem (Chinchi - Rinchi), 5 to 6 plant in each Pot full bloom, with fresh and healthy foliage flower in 25 cm Earthen Pot/Plastic Pot.",527.0
2022,7,Trivandrum,"Providing Plant Stock Double Blue non-branching having 30 to 45 cm ht., with full bloom, well developed in 20 cm Earthen Pot/Plastic Pot.",88.0
2022,7,Trivandrum,Providing Plant Stock double white colour dwarf variety with fresh and healthy foliage with bloom in 20 cm Earthen Pot/Plastic Pot.,112.0
2022,7,Trivandrum,Providing Plant Celosia well developed fresh & healthy 20 to 25 cm ht. (attractive) multi branching at blooming stage in 20 cm Earthen Pot/Plastic Pot.,87.0
2022,7,Trivandrum,Providing Plant Cladium Hybrid variety 3 to 4 plants well developed with fresh & healthy foliage 30 to 45 cm ht. in different colour 25 cm Earthen Pot/Plastic Pot.,112.0
2022,7,Trivandrum,Providing Plant Cockscomb well developed fresh & healthy 20 to 25 cm ht. attractive colours fully bloomed in 20 cm Earthen Pot/Plastic Pot.,57.0
2022,7,Trivandrum,Providing Plant Cosmos well developed fresh & healthy 20 to 25 cm ht. attractive colours multi branching at blooming stage in 20 cm Earthen Pot/Plastic Pot.,57.0
2022,7,Trivandrum,Providing Plant Gaillardia double hybrid variety well developed 30 to 45 cm ht 20 to 30 fresh & healthy flower with green painted bamboo stick in 25 cm Earthen Pot/Plastic Pot.,112.0
2022,7,Trivandrum,Providing Plant Gamphrina well developed fresh & healthy 30 to 45 cm ht. bushy plant 15 & above flower in 25 cm Earthen Pot/Plastic Pot.,72.0
2022,7,Trivandrum,Providing Plant Kochia well developed fresh & healthy 30 to 45 cm ht. lush green well shaped in 25 cm Earthen Pot/Plastic Pot.,57.0
2022,7,Trivandrum,Providing Plant Kochia well developed fresh & healthy 20 to 25 cm ht. lush green well shaped in 20 cm Earthen Pot/Plastic Pot.,67.0
2022,7,Trivandrum,Providing Plant Portulaka hybrid in different colour with bloom well developed fresh & healthy in 20 cm Earthen Pot/Plastic Pot.,112.0
2022,7,Trivandrum,Providing Plant Sunflower hybrid well developed 15 to 20 cm ht. with fresh & healthy foliage at blooming stage in 20 cm Earthen Pot/Plastic Pot.,57.0
2022,7,Trivandrum,Providing Plant Sunflower single well developed 8 to 10 half bloom buds multi branched in fresh & healthy full stacked with green painted bamboo stick stacking in 25 cm Earthen Pot/Plastic Pot.,112.0
2022,7,Trivandrum,Providing Plant Tapioca variegated (Manihot esculenta) well developed fresh & healthy 30 to 45 cm ht. in bright colour foliage in 25 cm Earthen Pot/Plastic Pot.,557.0
2022,7,Trivandrum,Providing Plant Vinca different colour 6 to 8 well developed branch in full bloom stacked with green painted Bamboo stick in 25 cm Earthen Pot/Plastic Pot.,77.0
2022,7,Trivandrum,Providing Plant Vinca different colour fresh & healthy 23 to 30 cm ht. with bloom multi branchy in 20 cm Earthen Pot/Plastic Pot.,57.0
2022,7,Trivandrum,Providing Plant Vinca Hybrid in different colour fresh & healthy 20 to 25 cm ht. with bloom in 20 cm Earthen Pot/Plastic Pot.,47.0
2022,7,Trivandrum,Providing Plant Zinnia hybrid double in different colour well developed fresh & healthy 30 to 45 cm ht. (3 to 4 plants in each pot) full bloom in 25 cm Earthen Pot/Plastic Pot.,112.0
2022,7,Trivandrum,"Providing Plant Budded Rose (H.T. variety) 3 to 4 healthy branch 30 cm and above ht. well developed with one and above flower plant in 20 cm Earthen Pot,",47.0
2022,7,Trivandrum,"Providing Plant Creeper Rose variety 3 to 4 healthy branch 60 cm and above ht. well developed with one and above flowers in 25 cm Earthen Pot,",112.0
2022,7,Trivandrum,Providing Plant Standard Rose (H.T. variety) 3 to 4 healthy branch 90 cm and above ht. well developed with one and above flowers in 25 cm Earthen Pot,225.0
2022,7,Trivandrum,"Acalypha Different colour well developed, fresh & healthy with good foliage, multi branch 30 to 45 cm ht. plant in 20 cm size of Earthen Pot/ Plastic",53.0
2022,7,Trivandrum,"Acalypha green well developed, fresh & healthy with good foliage, multi branch 30 to 45 cm ht. plant in 20 cm size Earthen Pot/ Plastic",53.0
2022,7,Trivandrum,Acalypha red well developed with fresh & healthy 30 to 45 cm ht. plant in 20 cm size Earthen Pot/ Plastic Pot,57.0
2022,7,Trivandrum,Acalypha twisted well developed with fresh & healthy 30 cm ht. plant in 20 cm size Earthen Pot/ Plastic Pot,63.0
2022,7,Trivandrum,Adenium Obesum grafted well developed with fresh & healthy 30 to 60 cm ht. plant in 25 cm size Earthen Pot/ Plastic Pot,392.0
2022,7,Trivandrum,Adenium Obesum well developed with fresh & healthy 4 to 5 branch 60 to 75 cm ht. plant in 40 cm size Earthen Pot/ Plastic Pot,612.0
2022,7,Trivandrum,Bamboo Buddha valley with fresh & healthy 3 to 4 suckers having 75 to 90 cm ht. plant in 25 cm size Earthen Pot/ Plastic Pot,282.0
2022,7,Trivandrum,"Bamboo Buddha vally variety with umbrella shape plant having 120 to 135 ht. plant with fresh & healthy foliage well developed in 40 cm Cement pot multy branch, bushy plant",828.0
2022,7,Trivandrum,Bamboo Buddha Valley with fresh & healthy 5 to 6 suckers 1.80 m to 2.10m ht umbrella type plant well developed in 50 cm Cement Pot,1657.0
2022,7,Trivandrum,Bird of paradise well developed with fresh & healthy 90 to 120 cm ht in 30 cm Earthen Pot/ Plastic Pot,557.0
2022,7,Trivandrum,"Bismarkia Palm 115 to 180 cm ht. plant, well developed 12 and above good color fresh and healthy leaves in 40 cm Cement Pot.",1657.0
2022,7,Trivandrum,"Bougainvillea named variety, Sobhra, Thima, Marry palmar, Cherry Blossom etc. well developed with fresh & healthy bushy plant in full bloom 75 to 90 cm ht. plant in 40 cm Cement Pot",507.0
2022,7,Trivandrum,Cycus circinallis well developed with fresh & healthy 35 to 40 lush green leaves in 40 cm Cement Pot,3162.0
2022,7,Trivandrum,"Cycus revoluta in 35 cm challi, specimen plant, having 30 to 40 with fresh and healthy, leaves having 25cm to 30cm circumfrance of base stem well developed",1657.0
2022,7,Trivandrum,"Cycus revoluta specimen plant, having 45 to 50 fresh and healthy, leaves having 30cm to 35cm circumfrance of base stem well developed in 40 cm challi,",2425.0
2022,7,Trivandrum,"Cyprus Golden 30 to 45 cm ht. plant well developed good Golden colour foliage, Conial Shape in 25 cm Earthen Pots",388.0
2022,7,Trivandrum,Cyprus golden well shaped developed with good colored foliage fresh & healthy 60 to 75 cm ht in 30 cm Earthen Pot,557.0
2022,7,Trivandrum,"Cyprus Golden Conical Shape 150 to 165 cm ht. plant, with fresh and healthy Golden colour foliage in 35cm Cement Pot",1048.0
2022,7,Trivandrum,"Euphorbia milli hybrid variety with multi branch, full bloom, with fresh and healthy well developed having 30 to 45 cm ht. plant in 35 cm Cement Pots",782.0
2022,7,Trivandrum,Ficus black vivion piller Topairy (sylinder type) well developed with fresh & healthy 180 to 210 cm ht in 40 cm Cement Pot,2755.0
2022,7,Trivandrum,Ficus Long Island Topairy well developed with fresh & healthy 5 to 6 ball specific size and shape 120 to 150 cm ht in 40 cm Cement Pot,1988.0
2022,7,Trivandrum,Ficus Nuda Topairy well developed with fresh & healthy 5 to 6 big ball specific size and shape 180to 210cm ht in 40 cm Cement Pot,2755.0
2022,7,Trivandrum,Ficus Nuda well developed with fresh & healthy foliage 45 to 60cm spread 75 to 90 cm ht. plant bushy plant in 35 cm Cement Pot,667.0
2022,7,Trivandrum,Ficus Retusa Topairy well developed with fresh & healthy 5 to 6 big ball specific size and shape 180 to 210cm ht in 40 cm Cement Pot,3310.0
2022,7,Trivandrum,"Ficus resnold well developed fresh & healthy foliage 60 to 75 cm spread 105 to 120 cm ht. plant, Bushy plant in 35 cm Cement Pot",578.0
2022,7,Trivandrum,Ficus resnold piller type Topairy well developed with fresh & healthy 210 to 240 cm ht in 40 cm Cement Pot,3912.0
2022,7,Trivandrum,Ficus resnold Topairy well developed with fresh & healthy 6 to 7 big ball specific size 210 to 240 cm ht in 45 cm Cement Pot,3010.0
2022,7,Trivandrum,"Ficus Starlight with fresh, healthy and attractive foliage 45 to 60 cm spread 75 to 90 cm ht. plant, specimen bushy plant,in 35 cm Cement Pot",557.0
2022,7,Trivandrum,Fishtail palm well developed with fresh & healthy foliage leaves of ht 210 to 240cm Specimen plant in 35 cm Cement Pot,557.0
2022,7,Trivandrum,Foxtail palm well developed with fresh & healthy foliage of ht. plant 210 to 240 cm in big 40 cm Cement Pot,1112.0
2022,7,Trivandrum,Furcaira variegated well developed with fresh & healthy foliage 8 to 10 leaves in 30 cm Earthen Pot,557.0
2022,7,Trivandrum,Furcaria Variegated hybrid well developed with fresh & healthy foliage 20 and above attractive leaves in 35 cm Cement Pot,603.0
2022,7,Trivandrum,Golden Bottle brush Topairy well developed with fresh & healthy foliage 5 to 6 big ball 115 to 180 cm ht in 40 cm Cement Pot,603.0
2022,7,Trivandrum,Zamia palm well developed with fresh & healthy leaves 90 cm ht in 35 cm cement pot,1325.0
2022,7,Trivandrum,Latania Rubra Palm well developed with fresh & healthy foliage 150 to 180 cm ht. plant with 6 to 7 leaves in big 35 cm Cement Pot,1582.0
2022,7,Trivandrum,Mascarena palm well developed with fresh & healthy foliage leaves 150 to 180 cm ht in 35 cm Cement Pot,2957.0
2022,7,Trivandrum,Phoenix roebelenii palm well developed having 20 to 25 fresh & healthy leaves 90 to 105 cm ht. plant in 30 cm Cement Pot,830.0
2022,7,Trivandrum,"Topairy plant of Ficus Nuda well developed with fresh & healthy foliage from Top to Bottom with single piller 75 to 90 cm spread, 195 to 210 cm ht. plant in 35 cm Cement Tray /Cement Pot",1982.0
2022,7,Trivandrum,"Topairy plant of Ficus Panda well developed with fresh & healthy foliage with 3 to 4 Ball and 60 to 75 cm spread each Ball, 135 to 150 cm ht. plant, in 35 cm Cement Tray /Cement Pot",1657.0
2022,7,Trivandrum,Topiary plant Casuarina plant fresh & healthy having 5 to 6 specific shape and size ball well developed 195 to 210 cm ht. plant in 40 cm Cement Pot,1712.0
2022,7,Trivandrum,Traveller palm well developed with fresh & healthy foliage 120 to 150 cm ht. plant in 35 cm Cement Pot,782.0
2022,7,Trivandrum,Travellar palm well developed with fresh & healthy leaves foliage 210 to 240 cm ht specimen plant in 40 cm Cement Pot,1545.0
2022,7,Trivandrum,Washingtonia filifera palm well developed 90 to 105 cm ht. plant having 5 to 6 straight fresh and healthy leaves in 35 cm Cement Pot,727.0
2022,7,Trivandrum,"Alpinia Variegated (three in one) plant having ht. 30 cm and above, with fresh and healthy variegated foliage in 25 cm size of Earthen Pot / Plastic Pot.",172.0
2022,7,Trivandrum,"Alternanthera species plant of height 15 cm to 20 cm, full of branches and foliage in 15 cm size of Earthen Pot / Plastic Pot.",30.0
2022,7,Trivandrum,"Asparagus marrie plant, well developed 15 to 20 leaves, full of branches and foliage in 25 cm size of Earthen Pot / Plastic Pot.",87.0
2022,7,Trivandrum,"Topairy plant of Ficus Bush King well developed with fresh & healthy foliage from Top to Bottom with single piller 60 to 75 cm spread, 210 to 225 cm ht. plant, in 35 cm Cement Tray/Cement Pot",1657.0
2022,7,Trivandrum,"Aspidistra plant, having 10 to 15 leaves well developed with fresh & healthy in 25 cm size of Earthen Pot / Plastic Pot.",87.0
2022,7,Trivandrum,Clerodendron inerme plant having ht. 25 cm to 32 cm multi branched in 20 cm size of Earthen Pot / Plastic Pot.,57.0
2022,7,Trivandrum,Clerodendron inerme plant of ht. 30 cm to 40 cm multi branched in 25 cm size of Earthen Pot / Plastic Pot.,87.0
2022,7,Trivandrum,"Chlorophytum (Green) plant, full of leafy suckers in 20 cm size of Earthen Pot / Plastic Pot.",57.0
2022,7,Trivandrum,"Chlorophytum-variegated plant, full of leafy suckers in 15 cm size of Earthen Pot / Plastic Pot.",57.0
2022,7,Trivandrum,Cuphea chinensis plant of ht. 30-45 cm full of branches and healthy foliage in 25 cm size of Earthen Pot / Plastic Pot.,57.0
2022,7,Trivandrum,"Dianella variegated plant, with 3 to 4 variegated leaves in 20 cm size of Earthen Pot / Plastic Pot.",57.0
2022,7,Trivandrum,"Duranta Golden plant, having ht.15 to 20 cm bushty shape plant with fresh and healthy leaves in 20 cm size of Earthen Pot / Plastic Pot.",87.0
2022,7,Trivandrum,"Euphorbia milli hybrid variety plant, having ht.30 cm to 45 cm with multi branch, full bloom, fresh and healthy leaves in 20 cm size of Earthen Pot / Plastic Pot.",112.0
2022,7,Trivandrum,"Euphorbia milli hybrid variety plant, having ht. 30 cm to 45 cm with multi branch, full bloom, fresh and healthy leaves in 30 cm size of Earthen Pot / Plastic Pot.",137.0
2022,7,Trivandrum,"Ipomea (Golden leaves) plant,with fresh and healthy leaves in 15 cm size of Earthen Pot / Plastic Pot.",30.0
2022,7,Trivandrum,"Iresine herbstii plant, of height 20-30 cm. full of branches well developed in 15 cm size of Earthen Pot / Plastic Pot.",47.0
2022,7,Trivandrum,"Iresine herbstii plant, of height 20-30 cm., full of branches well developed in 20 cm size of Earthen Pot / Plastic Pot.",57.0
2022,7,Trivandrum,Juniperus prostrata plant with 5 to 6 latral branches and green foliage in 20 cm size of Earthen Pot / Plastic Pot.,57.0
2022,7,Trivandrum,"Ophiopogon plant, Green/Black full of leaves in 20 cm size of Earthen Pot / Plastic Pot.",57.0
2022,7,Trivandrum,"Ophiopogon jaburan (variegated ) plant, full of variegated leaves in 15 cm size of Earthen Pot / Plastic Pot",57.0
2022,7,Trivandrum,"Ophiopogon jaburan ( variegated ) plant,full of variegated leaves in 20 cm Earthen Pot/Plastic Pot",87.0
2022,7,Trivandrum,Portulacaria afra (Jade plant) with 5 to 6 branches in 20 cm size of Earthen Pot / Plastic Pot,47.0
2022,7,Trivandrum,"Schflera green plant, having 3 to 4 branch, ht. 30 to 45 cm well developed with fresh & healthy in 20 cm size of Earthen Pot/Plastic Pot.",52.0
2022,7,Trivandrum,Setcreasea purpurea full of variegated leaves in 20 cm size of Earthen Pot/Plastic Pot.,57.0
2022,7,Trivandrum,Syngonium (Butterfly) variegated with 2-3 suckers healthy foliage in Earthen Pot/Plastic Pot of size 20 cm.,47.0
2022,7,Trivandrum,Syngonium golden of height 30-45 cm. with 2-3 suckers healthy foliage in Earthen Pot/Plastic Pot of size 20 cm.,45.0
2022,7,Trivandrum,"Syngonium miniature dwarf plant, having height 30-45 cm. with 2-3 suckers healthy foliage in Earthen Pot/Plastic Pot of size 20 cm.",63.0
2022,7,Trivandrum,"Syngonium variegated plant,of height 30-45 cm. with 2-3 suckers healthy foliage in Earthen Pot/Plastic Pot of size 20 cm.",57.0
2022,7,Trivandrum,"Tradiscantia plant, full of leaves in Earthen Pot/Plastic Pot of size 20 cm",57.0
2022,7,Trivandrum,"Wadelia trilobata plant,full of leaves in 15 cm size of Poly bags.",27.0
2022,7,Trivandrum,Zebrina Trades cantia plant having in 20 cm size of Earthen Pot / Plastic Pot.,57.0
2022,7,Trivandrum,Acacia auriculiformis of plants ht 150-165 cm in bag size of plants 25 cm,117.0
2022,7,Trivandrum,Adansonia digitata (kalp vricksh) of plants ht 150-165 cm in bag size of plants 25 cm,412.0
2022,7,Trivandrum,Albizzia lebbek of plants height 150-165 cm. in bag of plants size 25 cm,110.0
2022,7,Trivandrum,Alstonia scholaris of plants height 150-165 cm. in bag of plants size 25 cm,110.0
2022,7,Trivandrum,Azadirachta indica ( Neem ) of plants height 120-130cm in big polybag of plants size 25 cm,110.0
2022,7,Trivandrum,Bassia latifolia (Mahua) of plants height 90-105 cm. in big polybag of plants size 25 cm,110.0
2022,7,Trivandrum,Bauhinia blakeana (Kachnar) of plants height 120-150 cm. in big poly bags of plants size 25 cm,128.0
2022,7,Trivandrum,Bauhinia purpurea (Kachnar) of plants height 150-165 cm. in big poly bags of plants size 25 cm,87.0
2022,7,Trivandrum,Bombax ceiba of plants height 150-165 cm. in big poly bags of plants size 25 cm,112.0
2022,7,Trivandrum,Bottle palm of plants ht. 150-180 cm bottom girth 20-25 cm well devedoped in big poly bags of plants size 25 cm,1315.0
2022,7,Trivandrum,Bottle palm of plants ht. 210-240 cm bottom girth 30-35 cm well devedoped in big HDPE bags.,2413.0
2022,7,Trivandrum,Butea frondosa (Flame of plants Fores ikS/kkt) of plants height 60-75 cm. in big poly bags of plants size 25 cm,95.0
2022,7,Trivandrum,Callistemon lanceolatus of plants height 150-165 cm. in big poly bags of plants size 25 cm,282.0
2022,7,Trivandrum,Casuarina equisetifolia of plants height 150-165 cm in big poly bags of plants size 25 cm,92.0
2022,7,Trivandrum,Cassia fistula (Amaltash) of plants height 120-135 cm. in big poly bags of plants size 25 cm,92.0
2022,7,Trivandrum,Cassia siamea of plants height 150-165 cm. in big poly bags of plants size 25 cm,95.0
2022,7,Trivandrum,Cassia javanica of plants height 120-150 cm. in big poly bags of plants size 25 cm,135.0
2022,7,Trivandrum,Cassia nodosa of plants height 120-150 cm. in big poly bags of plants size 25 cm,92.0
2022,7,Trivandrum,Ceiba pentandra of plants height 150-165 cm. in big poly bags of plants size 25 cm,92.0
2022,7,Trivandrum,Chorisia speciosa of plants height 150-165 cm. in big poly bags of plants size 25 cm,135.0
2022,7,Trivandrum,Chukrassia tabularis of plants height 150-165 cm. in big poly bags of plants size 25 cm,92.0
2022,7,Trivandrum,Dalbergia sissoo (Seasam) of plants height 120-135 cm. in big poly bags of plants size 25 cm,87.0
2022,7,Trivandrum,Delonix regia (Gulmohar) of plants height 150-165 cm. in big poly bags of plants size 25 cm,92.0
2022,7,Trivandrum,Erythrina indica of plants height 150-165 cm. in big polybag of plants size 25 cm,92.0
2022,7,Trivandrum,Ficus benjamina (green) of plants height 120-135 cm. with 6-8 branches and lush green foliage in gunny bags of plants size 25 cm,332.0
2022,7,Trivandrum,"Ficus benjamina (green) of plants height 150-165 cm., bushy with healthy branches and lush green foliage in big size HDPE bags",374.0
2022,7,Trivandrum,Ficus bengalensis (Bargad) of plants height 120-135 cm. in big poly bags of plants size 25 cm,172.0
2022,7,Trivandrum,"Ficus bengalensis (varigated) of plants height 75-90 cm., multibranched in earthen pots of plants size 30 cm",135.0
2022,7,Trivandrum,"Ficus bengalensis krishna of plants height 75-90 cm., multibranched in earthen pots of plants size 30 cm",140.0
2022,7,Trivandrum,Ficus elastica Decora (Rubber plant) of plants height 45-60 cm. in earthen pots of plants size 25 cm,225.0
2022,7,Trivandrum,Ficus infectoria (Pilkhan) of plants height 150-165 cm. in big polybag of plants size 25 cm,172.0
2022,7,Trivandrum,Ficus Iyrata of plants height 45-60 cm. in earthen pots of plants size 25 cm,1055.0
2022,7,Trivandrum,Ficus nuda of plants height 120-135 cm. with 6-8 branches and lush green foliage in g. bags of plants size 25 cm,197.0
2022,7,Trivandrum,"Ficus nuda of plants height 150-165 cm., bushy with healthy branches and lush green foliage in big size HDPE bags",260.0
2022,7,Trivandrum,Ficus religiosa (Pepal) of plants height 150-165 cm. in big poly bags of plants size 30 cm,225.0
2022,7,Trivandrum,Ficus retusa well branched of plants height 120-135 cm. in big poly bags of plants size of plants 30 cm,225.0
2022,7,Trivandrum,Ficus shiela of plants height 150-165 cm. in big poly bags of plants size 25 cm,172.0
2022,7,Trivandrum,Fishtail palm of plants ht. 150-180 cm bottom girth 15-20 cm well developed in big poly bags of plants size 25 cm,557.0
2022,7,Trivandrum,Fishtail palm of plants ht. 210-240 cm bottom girth 25-30 cm well developed in big size HDPE bags,830.0
2022,7,Trivandrum,Fishtail palm of plants ht. 270-300 cm bottom girth 40-50 cm well developed in big size HDPE bags,1360.0
2022,7,Trivandrum,Foxtail palm of plants ht. 120-150 cm bottom girth 15-20 cm well developed in big poly bags of plants size 25 cm,557.0
2022,7,Trivandrum,Foxtail palm of plants ht. 180-210 cm bottom girth 25-30 cm well developed in big size HDPE bags,830.0
2022,7,Trivandrum,Foxtail palm of plants ht. 240-270 cm bottom girth 35-40 cm well developed in big size HDPE bags,1360.0
2022,7,Trivandrum,Grevillea robusta (Silver Oak) of plants height 150-165 cm. in big poly bags of plants size 25 cm,172.0
2022,7,Trivandrum,Heterophragma adenophyllum (Marore fali) of plants height 150-165 cm. in Big poly bag of plants size 25 cm,112.0
2022,7,Trivandrum,Ingla dulcis (Jungle Jalebi) of plants height 150-165 cm. in big poly bags of plants size 25 cm,144.0
2022,7,Trivandrum,Jacaranda mimosifolia of plants height 150-165 cm. in big poly bags of plants size 25 cm,172.0
2022,7,Trivandrum,Kigelia pinnata of plants height 150-165 cm. in big poly bags of plants size 25 cm,144.0
2022,7,Trivandrum,Lagerstroemia flosreginae of plants height 150-165 cm.in big poly bag of plants size 25 cm,225.0
2022,7,Trivandrum,Lagerstroemia thorelli of plants height 150-165 cm.in big poly bag of plants size 25 cm,225.0
2022,7,Trivandrum,Magnolia grandiflora of plants height 150-165 cm. in big poly bag of plants size 25 cm,667.0
2022,7,Trivandrum,Mangifera indica (Mango-grafted ) of plants height 60-75 cm. in big poly bag of plants size 25 cm,47.0
2022,7,Trivandrum,Melia azedarach of plants height 120-135 cm. in big poly bag of plants size 25 cm,94.0
2022,7,Trivandrum,Michelia champa (Golden Champa) of plants height 90-105 cm. in earthen pots of plants size 25 cm,112.0
2022,7,Trivandrum,Milletia ovalifolia of plants height 120-135 cm. in big poly bag of plants size 25 cm,172.0
2022,7,Trivandrum,Millingtonia hortensis of plants height 150-165 cm. in big poly bag of plants size 25 cm,112.0
2022,7,Trivandrum,Mimusops elengi (Maulsri) of plants height 150-165 cm. in big poly bag of plants size 25 cm,112.0
2022,7,Trivandrum,"Mimusops elengi (Maulsri) of plants height 180-195 cm., well developed with thick stem in big in big size HDPE bag",203.0
2022,7,Trivandrum,Nauclea cadamba (Kadam) of plants height 150-165 cm. in big poly bag of plants size 25 cm,112.0
2022,7,Trivandrum,Parkinsonia species of plants height 120-135 cm. in big poly bag of plants size 25 cm,87.0
2022,7,Trivandrum,Peltophorum speciesof plants height 150-165 cm. in big poly bags of plants size 25 cm,94.0
2022,7,Trivandrum,Phoenix sylvestris Roxb. (Wild date palm/khajur) of plants height 150-165 cm. in Big HDPE Bag,962.0
2022,7,Trivandrum,Phyllanthus emblica (Amla) of plants height 150-165 cm. in Big HDPE Bag,138.0
2022,7,Trivandrum,Pinus longifolia (Pinus) of plants height 90-105 cm. in cement pots of plants size 35 cm,858.0
2022,7,Trivandrum,Pithecellobium dulce (Jungle Jalebi) of plants height 120-150 cm. in Big HDPE Bag,94.0
2022,7,Trivandrum,Plumeria acutifolia of plants height 120-135 cm. with 2-3 branches in HDPE bag of plants size 30 cm,172.0
2022,7,Trivandrum,Plumeria acutifolia of plants height 150-165 cm. with 3-4 branches in big size HDPE bag,327.0
2022,7,Trivandrum,Plumeria alba of plants height 120-135 cm. with 2-3 branches in bags of plants size 30 cm,255.0
2022,7,Trivandrum,Plumeria alba of plants height 165-180 cm. with 3-4 branches and thick stem in big size HDPE bags,557.0
2022,7,Trivandrum,Plumeria alba dwarf of plants height 90-105 cm. with 3-4 branches and thick stem in big size HDPE bags,1110.0
2022,7,Trivandrum,Plumeria rubra of plants height 120-150 cm. with 3-4 branches and thick stem in big size HDPE bags,557.0
2022,7,Trivandrum,Pongamia glabra (Papri) of plants height 120-135 cm. in big poly bag of plants size 25 cm,86.0
2022,7,Trivandrum,Polyalthia longifolia (Ashok) of plants height 150-165 cm. in earthen pots of plants size 25 cm,118.0
2022,7,Trivandrum,Polyalthia longifolia (Ashok) of plants height 180-195 cm. in gunny bag of plants size 30 cm,172.0
2022,7,Trivandrum,Polyalthia pendula (Ashok Pendula) of plants height 150-165 cm. in earthen pots of plants size 25 cm,135.0
2022,7,Trivandrum,Polyalthia pendula (Ashok Pendula) of plants height 180-195 cm. in gunny bag of plants size 30 cm,172.0
2022,7,Trivandrum,Pterospermum acerifolium (Kanak Champa) of plants height 150-165 cm. in big poly bags of plants size 25 cm,102.0
2022,7,Trivandrum,Putranjiva roxburghii of plants height 90-105 cm. in big polybag of plants size 25 cm,92.0
2022,7,Trivandrum,Saraca indica (Sita Ashok) of plants height 105-120 cm. in big poly bags of plants size 25 cm,94.0
2022,7,Trivandrum,Schleichera trijuga (Kusum) of plants height 150-165 cm. in big poly bags of plants size 25 cm,112.0
2022,7,Trivandrum,Spathodea campanulata of plants height 150-165 cm. in big poly bags of plants size 25 cm,172.0
2022,7,Trivandrum,Eugenia jambolana (Jamun) of plants height 150-165 cm. in big poly bags of plants size 25 cm,172.0
2022,7,Trivandrum,Tabebuia sp. of plants height 150-165 cm. in big polybags of plants size 25 cm,172.0
2022,7,Trivandrum,Tamarindus indica (Imli) of plants height 120-150 cm. in big polybags of plants size 25 cm,172.0
2022,7,Trivandrum,Tecoma argentea of plants height 120-135 cm. in big poly bag of plants size 25 cm,136.0
2022,7,Trivandrum,Tectona grandis (Teak) of plants height 150-165 cm. in big polybags of plants size 25 cm,172.0
2022,7,Trivandrum,Terminalia arjuna of plants height 150-165 cm. in big polybags of plants size 25 cm,112.0
2022,7,Trivandrum,Washingtonia filifea palm stem ht. 90-105 cm with 6-7 healthy leaves lush green leaves well developed in big size HDPE Bags,667.0
2022,7,Trivandrum,Washingtonia filifea palm stem ht. 120-135 cm with 8-10 healthy leaves lush green leaves well developed in big size HDPE Bags,1010.0
2022,7,Trivandrum,Supply and stacking of plant Bauhinia acuminata height 60-75 cm. in earthen pots of size 20 cm,82.0
2022,7,Trivandrum,Supply and stacking of plant Beloperone species of height 30-45 cm. in poly bags of size 20 cm,72.0
2022,7,Trivandrum,Supply and stacking of plant Caesalpinia pulcherrima species of height 45-60 cm. in earthen pot of size 20 cm,72.0
2022,7,Trivandrum,"Supply and stacking of plant Calliandra, emarginata of height 45-60 cm. in earthen pot of size 20 cm",57.0
2022,7,Trivandrum,Supply and stacking of plant Calliandra hybrida of height 75-90 cm. with 4-5 branches in bag of size 25 cm,97.0
2022,7,Trivandrum,"Supply and stacking of plant Calliandra hybrida of height 105-120 cm., well branched, bushy in big size HDPE bag",172.0
2022,7,Trivandrum,Supply and stacking of plant Cassia biflora of height 45-60 cm. in earthen pots of size 20 cm,74.0
2022,7,Trivandrum,Supply and stacking of plant Cassia biflora of height 60-75 cm. with 4-5 branches in poly bags of size 25 cm,87.0
2022,7,Trivandrum,"Supply and stacking of plant Cassia biflora of height 90-105 cm., well branched, bushy in big size HDPE bag",172.0
2022,7,Trivandrum,Supply and stacking of plant Cassia laevigata of height 45-60 cm. in earthen pots of size 20 cm,66.0
2022,7,Trivandrum,Supply and stacking of plant Cassia laevigata of height 60-75 cm. with 4-5 branches in bag of size 25 cm,74.0
2022,7,Trivandrum,Supply and stacking of plant Cestrum nocturnum (Raat ki Rani) of height 60-75 cm. with 4-5 branches in bag of size 25 cm,57.0
2022,7,Trivandrum,Supply and stacking of plant Dombeya mastersii of height 60-75 cm. with 4-5 branches in bag of size 25 cm,172.0
2022,7,Trivandrum,Supply and stacking of plant Euphorbia caracasana (bronze colour leaves) of height 60-75 cm. with 2-3 branches in earthen pots of size 20 cm,74.0
2022,7,Trivandrum,Supply and stacking of plant Euphorbia caracasana (bronze colour leaves) of height 60-75 cm. with 4-5 branches in bag of size 25 cm,87.0
2022,7,Trivandrum,"Supply and stacking of plant Euphorbia caracasana (bronze colour leaves) of height 90-105 cm., bushy in big size HDPE bag",172.0
2022,7,Trivandrum,Supply and stacking of plant Euphorbia pulcherrima (dark red double bracts) well branched of height 60-75 cm. in earthen pots of size 25 cm,203.0
2022,7,Trivandrum,Supply and stacking of plant Euphorbia pulcherrima (dark red) well branched (poinsettia Red Hegg) of height 60-75 cm. in earthen pots of size 25 cm,203.0
2022,7,Trivandrum,Supply and stacking of plant Excoecaria bicolor of height 45-60 cm. in earthen pots of size 20 cm,172.0
2022,7,Trivandrum,Supply and stacking of plant Ficus blackii (F.vivion) of height 45-60 cm. with 6-8 branches healthy foliage in earthen pots of size 25 cm,172.0
2022,7,Trivandrum,Supply and stacking of plant Ficus blackii (F.vivion) (bushy) of height 150-165 cm. with 8-10 branches and healthy foliage in earthen pots of size 30 cm,172.0
2022,7,Trivandrum,Supply and stacking of plant Ficus panda of height 30-45 cm. with 3-4 branches and healthy foliage in p.bag of size 20 cm,57.0
2022,7,Trivandrum,Supply and stacking of plant Ficus panda of height 45-60 cm. with 6-7 branches and healthy foliage in p.bag of size 25 cm,135.0
2022,7,Trivandrum,"Supply and stacking of plant Ficus panda of height 60-90 cm, with 8-10 branches, and healthy foliage, bushy in big size HDPE bag",302.0
2022,7,Trivandrum,"Supply and stacking of plant Ficus panda of height 90-105 cm. with 10-12 branches and healthy foliage, well formed in cement pots of size 30 cm",667.0
2022,7,Trivandrum,Supply and stacking of plant Gardenia jasminoides of height 45-60 cm. with 3-4 branches in earthen pots of size 20 cm,112.0
2022,7,Trivandrum,Supply and stacking of plant Hamelia patens of height 30-45 cm. with 3-4 branches in poly bags of size 20 cm,32.0
2022,7,Trivandrum,Supply and stacking of plant Hamelia patens of height 60-75 cm. with 6-8 branches in poly bags of size 25 cm,76.0
2022,7,Trivandrum,Supply and stacking of plant Hamelia patens of height 90-105 cm. bushy in big size HDPE bags as per direction of the officer-in-charge,172.0
2022,7,Trivandrum,Supply and stacking of plant Hamelia patens (Dwarf ) of height 30-45 cm. with 3-4 branches in earthen pots of size 20 cm,65.0
2022,7,Trivandrum,Supply and stacking of plant Hibiscus rosasinensis of height 45-60 cm. with 3-4 branches in earthen pots of size 20 cm,57.0
2022,7,Trivandrum,Supply and stacking of plant Hibiscus rosasinensis of height 60-75 cm. with 5-6 branches in p.bag of size 25 cm,82.0
2022,7,Trivandrum,"Supply and stacking of plant Hibiscus rosasinensis of height 90-105 cm., bushy in big size HDPE bag",132.0
2022,7,Trivandrum,Supply and stacking of plant Hibiscus variegated of height 45-60 cm. with 3-4 branches and healthy variegated foliage in earthen pots of size 20 cm,66.0
2022,7,Trivandrum,Supply and stacking of plant Hibiscus variegated of height 60-75 cm. with 8-10 branches and healthy variegated foliage in cement pots of size 35 cm,282.0
2022,7,Trivandrum,Supply and stacking of plant Hibiscus variegated of height 60-75 cm. with healthy variegated foliage in earthen pots size 25 cm,82.0
2022,7,Trivandrum,Supply and stacking of plant Jatropha multifida (red colour) of height 45-60 cm. with 2-3 branches in earthen pots of size 20 cm,57.0
2022,7,Trivandrum,Supply and stacking of plant Jatropha multifida (red colour) of height 60-75 cm. multibranched in p.bag of size 25 cm,72.0
2022,7,Trivandrum,Supply and stacking of plant Largerstroemia indica of height 90-105 cm. multibranched in poly bags of size 25 cm,72.0
2022,7,Trivandrum,Supply and stacking of plant Largerstroemia indica of height 45-60 cm. in polybag of size 20 cm,56.0
2022,7,Trivandrum,"Supply and stacking of plant Malpighia coccigera of height 30-45 cm., multibranched in earthen pots of size 20 cm",87.0
2022,7,Trivandrum,Supply and stacking of plant Murraya exotica of height 45-60 cm. in poly bags of size 15 cm,34.0
2022,7,Trivandrum,Supply and stacking of plant Murraya Koenigii spreng (Kadipatta/meetha neem) of ht 45-60 cm well developed in earthen pots of size 20 cm.,47.0
2022,7,Trivandrum,Supply and stacking of plant Mussaenda erythrophylla (Rosea) of height 60-75 cm. multi branched in earthen pots of size 25 cm,144.0
2022,7,Trivandrum,Supply and stacking of plant Nerium oleander (kaner) of height 45-60 cm. with 3-4 branches in poly bags of size 20 cm,47.0
2022,7,Trivandrum,Supply and stacking of plant Nerium oleander (kaner) of height 60-75 cm. with 5-6 branches in poly bags of size 25 cm,66.0
2022,7,Trivandrum,Supply and stacking of plant Nerium oleander (kaner) dwarf of height 30-40 cm. in earthen pot of size 20 cm,66.0
2022,7,Trivandrum,Supply and stacking of plant Nerium oleander variegated of height 45-60 cm. in earthen pots of size 20 cm,72.0
2022,7,Trivandrum,"Supply and stacking of plant Nerium oleander variegated of height 60-75 cm., multibranched in earthen pots of size 25 cm",72.0
2022,7,Trivandrum,Supply and stacking of plant Nyctanthes arbor-tristis (Hasingar) of ht. 90-105 cm in Earthen pots of size 20 cm,112.0
2022,7,Trivandrum,"Supply and stacking of plant Plumbego capensis well developed with fresh and healthy 30 to 45 cm ht., with bloom in 20 cm Earthen Pot/Plastic Pot",112.0
2022,7,Trivandrum,Supply and stacking of plant Putranjiva roxburghii of ht. 45-60 cm in bag of size 15 cm,57.0
2022,7,Trivandrum,Supply and stacking of plant Putranjiva roxburghii of ht. 60-75 cm in bag of size 20 cm,87.0
2022,7,Trivandrum,Supply and stacking of plant Tabernaemontana coronaria (Chandni single) of height 45-60 cm. in earthen pots of size 20 cm,112.0
2022,7,Trivandrum,Supply and stacking of plant Tabernaemontana coronaria (Chandni single) of height 75-90 cm. with 5-6 branches in bag of size 25 cm,144.0
2022,7,Trivandrum,"Supply and stacking of plant Tabernaemontana coronaria (Chandni single) of height 90-105 cm.,bushy in big size HDPE bag",172.0
2022,7,Trivandrum,Supply and stacking of plant Tabernaemontana coronaria (chandni variegated) of height 45-60 cm. with 3-4 branches earthen pots of size 20 cm,118.0
2022,7,Trivandrum,"Supply and stacking of plant Tabernaemontana coronaria (Chandni single) variegated of height 60-75 cm., 5-6 branches in p.bags of size 25 cm",87.0
2022,7,Trivandrum,"Supply and stacking of plant Tabernaemontana coronaria (Chandni single) veriegated of height 105-120 cm., multibranched, bushy in big size HDPE bag",172.0
2022,7,Trivandrum,Supply and stacking of plant Tabernaemontana divaricata (Chandni double) of height 45-60 cm. in earthen pots of size 20 cm,72.0
2022,7,Trivandrum,Supply and stacking of plant Tabernaemontana divaricata (Chandni double) of height 75-90 cm. with 4-5 branches in bag of size 25 cm,72.0
2022,7,Trivandrum,"Supply and stacking of plant Tabernaemontana divaricata (Chandni double) of height 90-105 cm., bushy in big size HDPE bag",172.0
2022,7,Trivandrum,Supply and stacking of plant Tecoma gaudichaudi of height 45-60 cm. in earthen pots of size 20 cm,66.0
2022,7,Trivandrum,Supply and stacking of plant Tecoma gaudichaudi of height 60-75 cm. with 5-6 branches in p.bag of size 25 cm,96.0
2022,7,Trivandrum,"Supply and stacking of plant Tecoma gaudichaudi of height 90-105 cm., bushy in big size HDPE bage",172.0
2022,7,Trivandrum,Supply and stacking of plant Tecoma stans of height 45-60 cm. branched in earthen pots of size 20 cm,97.0
2022,7,Trivandrum,Supply and stacking of plant Tecoma stans of height 60-75 cm. branched in earthen pots of size 20 cm,112.0
2022,7,Trivandrum,Supply and stacking of plant Tecoma stans of height 90-105 cm. bushy in big size HDPE bag,197.0
2022,7,Trivandrum,Supply and stacking of plant Thevetia nerifolia of height 30-45 cm. with 3-4 branches in poly bags of size 20 cm,56.0
2022,7,Trivandrum,Supply and stacking of plant Thevetia nerifolia of height 60-75 cm. with 5-6 branches in poly bags of size 25 cm,76.0
2022,7,Trivandrum,"Supply and stacking of plant Thuja compacta of height 45-60 cm., well branched in earthen pots of size 25 cm",97.0
2022,7,Trivandrum,"Supply and stacking of plant Thuja compacta of height 75-90 cm., conical shaped, well formed with healthy foliage in earthen pots of size 30 cm",225.0
2022,7,Trivandrum,Allamanda cathartica plant of height 30 cm to 45 cm. in 20 cm size of Earthen pots / Plastic pots,66.0
2022,7,Trivandrum,Allamanda violacea plant of height 30 cm to 45 cm. in poly bag of size 20 cm,66.0
2022,7,Trivandrum,Bignonia venusta (Golden shower) plant of height 30 cm to 45 cm. in 20 cm size of Earthen pots / Plastic pots,72.0
2022,7,Trivandrum,"Bougainvillea (Variety Butiana, Lady Mary Baring, Mahara,Mohan, Scarlet Queen, Varigata, Glabra Formosa, Peruviana Odissi, Partha, Subhra,Thimma, Spectabilis L.N Birla, Refulgens) plant of height 30 cm. to 45 cm. with 2-3 branches in 20 cm size of Earthen pots / Plastic pots.",97.0
2022,7,Trivandrum,Clerodendrum splendens plant of height 30 cm to 45 cm. in 20 cm size of Earthen pots / Plastic pots,57.0
2022,7,Trivandrum,Clerodendrum thompsonae plant of height 30 cm.to 45 cm. in 30 cm to 45 cm. in 20 cm size of poly bag & as per direction of the officer-in-charge,66.0
2022,7,Trivandrum,Ipomea purpurea (Morning glory) plant of height 30 cm to 45 cm. in 20 cm size of Earthen pots / Plastic pots,57.0
2022,7,Trivandrum,Jasminum grandiflorum (chameli) plant of height 30 cm to 45 cm. in 20 cm size of Earthen pots / Plastic pots.,57.0
2022,7,Trivandrum,Jasminum humile (Yellow) plant of height 30 cm to 45 cm. in 20 cm size of Earthen pots / Plastic pots,57.0
2022,7,Trivandrum,Passiflora caerulea (Rakhi bel) plant of height 30 cm to 45 cm. in 20 cm size of Earthen pots / Plastic pots,72.0
2022,7,Trivandrum,Petrea volubilis plant of height 30 cm to 45 cm. in 20 cm size of Earthen pots / Plastic pots,57.0
2022,7,Trivandrum,Quisqualis indica plant of height 30 cm to 45 cm. in 20 cm size of Earthen pots / Plastic pots,60.0
2022,7,Trivandrum,Tecoma grandiflora plant of height 30 cm to 45 cm. in 20 cm size of Earthen pots / Plastic pots,57.0
2022,7,Trivandrum,Vernonia elaegnifolia (curtain creeper) plant of height 30 cm to 45 cm. in 20 cm size of Earthen pots / Plastic pots,57.0
2022,7,Trivandrum,Alyssum,665.0
2022,7,Trivandrum,Antirrhinum dwarf,1050.0
2022,7,Trivandrum,Aster dwarf,850.0
2022,7,Trivandrum,Brachycome,855.0
2022,7,Trivandrum,Calendula double,850.0
2022,7,Trivandrum,Carnation (double) Dutch,1650.0
2022,7,Trivandrum,Carnation (double) Lilyput,1950.0
2022,7,Trivandrum,Carnation hybrid,1400.0
2022,7,Trivandrum,Chrysanthemum double,700.0
2022,7,Trivandrum,Cineraria,840.0
2022,7,Trivandrum,Cineraria dwarf hybrid,1200.0
2022,7,Trivandrum,Clarkia hybrid,1200.0
2022,7,Trivandrum,Dahlia double,850.0
2022,7,Trivandrum,Daisy hybrid,650.0
2022,7,Trivandrum,Dianthus hybrid,830.0
2022,7,Trivandrum,Gazania hybrid,830.0
2022,7,Trivandrum,Gerbera hybrid double,3550.0
2022,7,Trivandrum,Lupin hybrid,680.0
2022,7,Trivandrum,Marigold French Hybrid dwarf,670.0
2022,7,Trivandrum,Marigold inca hybrid,800.0
2022,7,Trivandrum,Nasturtium,830.0
2022,7,Trivandrum,Nemesia hybrid,650.0
2022,7,Trivandrum,Pansy Hybrid,1080.0
2022,7,Trivandrum,Petunia hybrid,980.0
2022,7,Trivandrum,Phlox mix colour hybrid,800.0
2022,7,Trivandrum,Poppy double,830.0
2022,7,Trivandrum,Salvia,660.0
2022,7,Trivandrum,Salvia Hybrid different colour,820.0
2022,7,Trivandrum,Stock double,810.0
2022,7,Trivandrum,Verbena hybrid,680.0
2022,7,Trivandrum,Balsum seedling,800.0
2022,7,Trivandrum,Celosia argentea & Celosia cristata Hybrid,660.0
2022,7,Trivandrum,Cosmos hybrid,940.0
2022,7,Trivandrum,Gaillardia Double,650.0
2022,7,Trivandrum,Gomphrena,800.0
2022,7,Trivandrum,Kochia,650.0
2022,7,Trivandrum,Portulaca hybrid,650.0
2022,7,Trivandrum,Sunflower Dwarf,780.0
2022,7,Trivandrum,Vinca Hybrid,680.0
2022,7,Trivandrum,Zinnia hybrid,680.0
2022,7,Trivandrum,"Aglaonema Butterfly plant having ht.30 cm 10 to 12 fresh, healthy and attractive colourfull leaves, well developed in 25 cm size Earthen pot/Plastic pot",247.0
2022,7,Trivandrum,"Aglaonema Ice plant ht.25 cm having 10 to 12 fresh, healthy and attractive colourfull leaves, well developed in 25 cm size Earthen pot/Plastic pot",247.0
2022,7,Trivandrum,"Aglaonema sam plant,ht.30 cm well developed three in one, having 18 to 20 fresh, healthy and attractive colourfull leaves in 35 cm size Earthen pot/ Chali/Tray",400.0
2022,7,Trivandrum,"Araucaria cookie plant, having ht. 90 cm to 120 cm, straight, well developed,fresh and healthy with lush green leaves from bottom to top in 25 cm size of earthen pot/plastic pot",338.0
2022,7,Trivandrum,"Brassia hicolour 3 in 1 well developed with fresh, healthy from bottom to top with 30 cm to 45 cm ht. in 25 cm size Plastic pot/Earthen pot",173.0
2022,7,Trivandrum,"Diffenbachia superba, well developed, with 10-12 fresh, healthy and attractive leaves 45 cm to 60 cm ht. in 25 cm size Earthen pot/ Plastic pot",219.0
2022,7,Trivandrum,"Dreaceana pendanus, well developed, having 6 to 8 suckers with helthy foliage in 25 cm size Earthen pot /Plastic pot",247.0
2022,7,Trivandrum,"Rubber plant black variety, well developed, having 45 to 60 cm ht.with fresh, healthy and attractive colourfull leaves in 25 cm size Earthen pot/ Plastic pot",128.0
2022,7,Trivandrum,"Rubber plant varigated, well developed, having 45 to 60 cm ht.with fresh, healthy and attractive colourfull leaves in 20 cm size Earthen pot/Plastic pot",209.0
2022,7,Trivandrum,"Schefflera green 3 in 1 well developed with fresh, healthy and attractive foliage from having 45 cm to 60 cm ht. in 25 cm size Earthen pot/Plastic pot",276.0
2022,7,Trivandrum,"Spathiphyllum (peace lilly), having 15 cm to 25 cm ht. blooming stag with fresh & healthy foliage well developed in 15 cm of Earthen pot/plastic pot",128.0
2022,7,Trivandrum,Bush Rose in different colour 2 to 3 healthy branch 30 cm and above ht. well developed with 8 or more flowers / flower buds in 20 cm Earthen pot/ Plastic pot,69.0
2022,7,Trivandrum,"Motia of height 25 to 30 cm., 2 to 3 branch in earthen pot of size 20 cm",63.0
2022,7,Trivandrum,"Mogra of height 25 to 30 cm., 2 to 3 branch in earthen pot of size 20 cm",74.0
2022,7,Trivandrum,"Canna dwarf of height 25 to 30 cm., 2 to 3 suckers in earthen pot of size 20 cm",58.0
2022,7,Trivandrum,"Chandni dwarf of height 15 cm., well branched in earthen pot of size 25 cm",58.0
2022,7,Trivandrum,"Ficus long Island plant of height 15 cm to 20 cm, full of branches and foliage in 20 cm size of Earthen Pot/Plastic Pot",67.0
2022,7,Trivandrum,Earth carriage 50 m head load 1.2.2,225.0
2022,7,Trivandrum,Manure/ Sludge Carriage 50 m head load 1.2.3,0.0
2022,7,Trivandrum,Premise 30.50% 1P,2685.0
2022,7,Trivandrum,G I wire,100.0
